01/28/2026 07:49 PM GMT,Account = Kirklees Council,Start Date = 12/30/2025,End Date = 01/28/2026
Link,Bulletin Subject,Sent,Sent By,Unique Clicks,Total Clicks
https://kirkleestogether.co.uk/2026/01/06/connecting-kirklees-roadworks-update-for-january-2026/,Weekly News Update,01/09/2026 07:00 PM GMT,spencer.wilson@kirklees.gov.uk,1114,1160
https://kirkleestogether.co.uk/2026/01/14/cabinet-approves-bold-new-proposal-for-huddersfield-regeneration/,Kirklees Together,01/16/2026 07:05 PM GMT,Huzafa.Bismillah@kirklees.gov.uk,697,740
https://kirkleestogether.co.uk/2026/01/16/cabinet-approves-trial-of-moving-traffic-enforcement-in-kirklees/,Kirklees Together,01/16/2026 07:05 PM GMT,Huzafa.Bismillah@kirklees.gov.uk,658,683
https://kirkleestogether.co.uk/2026/01/16/cabinet-approves-next-stage-for-woodley-school-college/,Kirklees Together,01/16/2026 07:05 PM GMT,Huzafa.Bismillah@kirklees.gov.uk,442,462
https://www.kirklees.gov.uk/beta/transport-roads-and-parking/roadworks.aspx,Weekly News Update,01/09/2026 07:00 PM GMT,spencer.wilson@kirklees.gov.uk,214,218
https://www.facebook.com/liveinkirklees,Kirklees Together,01/16/2026 07:05 PM GMT,Huzafa.Bismillah@kirklees.gov.uk,156,170
https://my.kirklees.gov.uk/service/Council_Tax___Register_for_paperless_Council_Tax_billing,Remember when getting post felt exciting?,01/23/2026 03:00 PM GMT,Susie.Richmond@kirklees.gov.uk,145,169
https://kirkleestogether.co.uk/2026/01/20/holocaust-memorial-day-2026-bridging-generations/,Weekly News Update,01/23/2026 07:00 PM GMT,Liam.Senior-Watson@kirklees.gov.uk,137,147
https://my.kirklees.gov.uk/service/Bins_and_recycling___Request_a_clip_and_collect_garden_waste_subscription,Sign-up to the 2026 garden waste service,01/08/2026 04:00 PM GMT,nicole.cartmell@kirklees.gov.uk,95,145
https://www.facebook.com/liveinkirklees/posts/pfbid02qWQGtBktHEeTuqGWh3G5tP6tFvSKNZPB9i358X96aUYgAJxCwufvVPfBkBqPEYw1l?__cft__%5B0%5D=AZYi8kepIoWZV-19eVzQfeQ2-JKC2hiE9XdiHMjBUoVPQRpzaLCgIW6NopcYnzH8Fg9MrgwaKODwUCq1Wz8S7vmWj5YjXvTPXtGWp_Ba2auwzIjCpjCG7ijBkO32mFbg4e_nFRwo5FNStA3iShhjtFSgifvlNU_paqjP8XayH9JrZA&__tn__=%2CO%2CP-R,Weekly News Update,01/09/2026 07:00 PM GMT,spencer.wilson@kirklees.gov.uk,121,136
https://kirkleestogether.co.uk/2026/01/08/festive-lunch-brings-christmas-cheer-for-our-young-people-in-care/,Weekly News Update,01/09/2026 07:00 PM GMT,spencer.wilson@kirklees.gov.uk,113,119
https://kirkleeswellnessservice.co.uk/service/carerssupportsessions/,Weekly News Update,01/23/2026 07:00 PM GMT,Liam.Senior-Watson@kirklees.gov.uk,105,112
https://kirkleestogether.co.uk/2026/01/22/kirklees-celebrates-national-year-of-reading-2026-with-ambitious-programme-for-all-ages/,Weekly News Update,01/23/2026 07:00 PM GMT,Liam.Senior-Watson@kirklees.gov.uk,103,111
https://www.kirklees.gov.uk/beta/information-and-data/current-living-in-kirklees-survey.aspx,Staying Healthy Bulletin: Staying healthy in 2026 - Raising awareness and strengthening cancer support in Dewsbury - Men Walking & Talking - health and wellbeing event to mark World AIDS Day - CLiK Survey,01/09/2026 01:32 PM GMT,Vicky.Lawton@kirklees.gov.uk,74,82
https://www.kirklees.gov.uk/beta/council-tax/council-tax-balance.aspx,Remember when getting post felt exciting?,01/23/2026 03:00 PM GMT,Susie.Richmond@kirklees.gov.uk,71,74
https://kirkleestogether.co.uk/2026/01/08/primary-and-middle-school-applications-dont-miss-the-deadline-3/,Weekly News Update,01/09/2026 07:00 PM GMT,spencer.wilson@kirklees.gov.uk,54,55
https://www.menwalkingandtalking.co.uk/,Staying Healthy Bulletin: Staying healthy in 2026 - Raising awareness and strengthening cancer support in Dewsbury - Men Walking & Talking - health and wellbeing event to mark World AIDS Day - CLiK Survey,01/09/2026 01:32 PM GMT,Vicky.Lawton@kirklees.gov.uk,43,47
https://www.ancestrylibraryedition.co.uk/,Read Kirklees January/February 2026,01/24/2026 01:57 PM GMT,leah.clark@kirklees.gov.uk,32,42
https://www.instagram.com/p/DTx6rsrDTer/,Weekly News Update,01/23/2026 07:00 PM GMT,Liam.Senior-Watson@kirklees.gov.uk,41,42
https://kirkleestogether.co.uk/,Kirklees Together,01/16/2026 07:05 PM GMT,Huzafa.Bismillah@kirklees.gov.uk,37,39
https://kirkleestogether.co.uk/,Weekly News Update,01/09/2026 07:00 PM GMT,spencer.wilson@kirklees.gov.uk,33,33
https://kirkleesimages.org.uk/,Book and website recommendations for children and young people,01/10/2026 04:39 PM GMT,olivia.barnden@kirklees.gov.uk,26,30
https://www.ticketsource.co.uk/kirkleeslibraries,Read Kirklees January/February 2026,01/24/2026 01:57 PM GMT,leah.clark@kirklees.gov.uk,25,28
https://kirkleestogether.co.uk/,Weekly News Update,01/23/2026 07:00 PM GMT,Liam.Senior-Watson@kirklees.gov.uk,26,28
https://my.kirklees.gov.uk/service/Council_Tax___Pay_your_Council_Tax_by_Direct_Debit,Remember when getting post felt exciting?,01/23/2026 03:00 PM GMT,Susie.Richmond@kirklees.gov.uk,22,26
https://public.govdelivery.com/accounts/UKKIRKLEES/subscriber/edit?preferences=true#tab1,Kirklees Together,01/16/2026 07:05 PM GMT,Huzafa.Bismillah@kirklees.gov.uk,14,18
https://www.creativekirklees.com/en-UK,Read Kirklees January/February 2026,01/24/2026 01:57 PM GMT,leah.clark@kirklees.gov.uk,17,17
https://www.britishnewspaperarchive.co.uk/,Read Kirklees January/February 2026,01/24/2026 01:57 PM GMT,leah.clark@kirklees.gov.uk,11,16
https://www.pressreader.com/catalog,Read Kirklees January/February 2026,01/24/2026 01:57 PM GMT,leah.clark@kirklees.gov.uk,12,16
https://public.govdelivery.com/accounts/UKKIRKLEES/subscriber/edit?preferences=true#tab1,Weekly News Update,01/09/2026 07:00 PM GMT,spencer.wilson@kirklees.gov.uk,13,13
https://content.govdelivery.com/accounts/UKKIRKLEES/bulletins/405eaa4,Read Kirklees January/February 2026,01/24/2026 01:57 PM GMT,leah.clark@kirklees.gov.uk,13,13
https://links-2.govdelivery.com/CL0/https:%2F%2Flinks-2.govdelivery.com%2FCL0%2Fhttps:%252F%252Fkirklees.overdrive.com%252F%2F4%2F01010192e26f0954-aba42851-779e-4e01-bb9c-456fa9776e52-000000%2F_Tz3Qu8zrzHpGfLU2PDZXXKxNGdeLStZdbGH1D-AOXs=377/1/0101019378ffc0db-48a1ce64-44c2-435b-80fd-b9aab3c35cb2-000000/EhNFgWkvSCy37wF-zQ2xGqTJYNBGhpYkbVO_KiTES8Y=381,Read Kirklees January/February 2026,01/24/2026 01:57 PM GMT,leah.clark@kirklees.gov.uk,13,13
https://www.creativekirklees.com/en-UK/page/6331b0df1aa8f12370414f18?count=24&sort=creationDate&reverse=true,Book and website recommendations for children and young people,01/10/2026 04:39 PM GMT,olivia.barnden@kirklees.gov.uk,11,12
https://literacytrust.org.uk/about-us/national-year-of-reading-2026/,Read Kirklees January/February 2026,01/24/2026 01:57 PM GMT,leah.clark@kirklees.gov.uk,12,12
https://goallin.org.uk/,Book and website recommendations for children and young people,01/10/2026 04:39 PM GMT,olivia.barnden@kirklees.gov.uk,8,12
https://linktr.ee/kirkleeslibraries,Book and website recommendations for children and young people,01/10/2026 04:39 PM GMT,olivia.barnden@kirklees.gov.uk,10,11
https://businesskirklees.com/,Work Placements | Events | Scams,01/13/2026 12:00 PM GMT,Charlotte.Longton@kirklees.gov.uk,10,11
https://canceralliance.wyhpartnership.co.uk/our-work/healthy-communities-cancer-screening,Staying Healthy Bulletin: Staying healthy in 2026 - Raising awareness and strengthening cancer support in Dewsbury - Men Walking & Talking - health and wellbeing event to mark World AIDS Day - CLiK Survey,01/09/2026 01:32 PM GMT,Vicky.Lawton@kirklees.gov.uk,10,11
https://kirklees.overdrive.com/,Read Kirklees January/February 2026,01/24/2026 01:57 PM GMT,leah.clark@kirklees.gov.uk,7,11
https://public.govdelivery.com/accounts/UKKIRKLEES/subscriber/edit?preferences=true#tab1,Remember when getting post felt exciting?,01/23/2026 03:00 PM GMT,Susie.Richmond@kirklees.gov.uk,11,11
https://www.instagram.com/kirklees.council/,Kirklees Together,01/16/2026 07:05 PM GMT,Huzafa.Bismillah@kirklees.gov.uk,10,10
https://content.govdelivery.com/accounts/UKKIRKLEES/bulletins/4036761,Staying Healthy Bulletin: Staying healthy in 2026 - Raising awareness and strengthening cancer support in Dewsbury - Men Walking & Talking - health and wellbeing event to mark World AIDS Day - CLiK Survey,01/09/2026 01:32 PM GMT,Vicky.Lawton@kirklees.gov.uk,10,10
https://public.govdelivery.com/accounts/UKKIRKLEES/subscriber/edit?preferences=true#tab1,Staying Healthy Bulletin: Staying healthy in 2026 - Raising awareness and strengthening cancer support in Dewsbury - Men Walking & Talking - health and wellbeing event to mark World AIDS Day - CLiK Survey,01/09/2026 01:32 PM GMT,Vicky.Lawton@kirklees.gov.uk,10,10
https://public.govdelivery.com/accounts/UKKIRKLEES/subscriber/edit?preferences=true#tab1,Weekly News Update,01/23/2026 07:00 PM GMT,Liam.Senior-Watson@kirklees.gov.uk,10,10
https://www.goallin.org.uk/,Book and website recommendations for children and young people,01/10/2026 04:39 PM GMT,olivia.barnden@kirklees.gov.uk,9,9
https://libbyapp.com/library/kirklees,Book and website recommendations for children and young people,01/10/2026 04:39 PM GMT,olivia.barnden@kirklees.gov.uk,9,9
https://www.ticketsource.co.uk/kirkleeslibraries,Book and website recommendations for children and young people,01/10/2026 04:39 PM GMT,olivia.barnden@kirklees.gov.uk,9,9
https://www.kirklees.gov.uk/beta/libraries/our-libraries/social-stories/denby-dale-library.aspx,Read Kirklees January/February 2026,01/24/2026 01:57 PM GMT,leah.clark@kirklees.gov.uk,9,9
https://subscriberhelp.govdelivery.com/hc/en-us,Kirklees Together,01/16/2026 07:05 PM GMT,Huzafa.Bismillah@kirklees.gov.uk,9,9
https://linktr.ee/kirkleeslibraries,Read Kirklees January/February 2026,01/24/2026 01:57 PM GMT,leah.clark@kirklees.gov.uk,9,9
https://hmd.org.uk/hmd-theme-2026/,Read Kirklees January/February 2026,01/24/2026 01:57 PM GMT,leah.clark@kirklees.gov.uk,9,9
http://www.kirklees.gov.uk/beta/information-and-data/pdf/privacy-notice-comms-and-marketing.pdf,Kirklees Together,01/16/2026 07:05 PM GMT,Huzafa.Bismillah@kirklees.gov.uk,9,9
https://www.linkedin.com/company/kirklees-council/,Kirklees Together,01/16/2026 07:05 PM GMT,Huzafa.Bismillah@kirklees.gov.uk,8,8
https://www.facebook.com/liveinkirklees/,Kirklees Together,01/16/2026 07:05 PM GMT,Huzafa.Bismillah@kirklees.gov.uk,8,8
https://www.youtube.com/KirkleesVideos,Kirklees Together,01/16/2026 07:05 PM GMT,Huzafa.Bismillah@kirklees.gov.uk,8,8
https://www.bwbf.org.uk/player/?tn=kirkleestn,Read Kirklees January/February 2026,01/24/2026 01:57 PM GMT,leah.clark@kirklees.gov.uk,5,8
http://ticketsource.co.uk/kirkleeslibraries,Read Kirklees January/February 2026,01/24/2026 01:57 PM GMT,leah.clark@kirklees.gov.uk,8,8
https://public.govdelivery.com/accounts/UKKIRKLEES/subscriber/edit?preferences=true#tab1,Read Kirklees January/February 2026,01/24/2026 01:57 PM GMT,leah.clark@kirklees.gov.uk,8,8
https://www.youtube.com/KirkleesVideos,Remember when getting post felt exciting?,01/23/2026 03:00 PM GMT,Susie.Richmond@kirklees.gov.uk,7,8
https://www.facebook.com/liveinkirklees/,Remember when getting post felt exciting?,01/23/2026 03:00 PM GMT,Susie.Richmond@kirklees.gov.uk,6,7
https://subscriberhelp.govdelivery.com/hc/en-us,Weekly News Update,01/09/2026 07:00 PM GMT,spencer.wilson@kirklees.gov.uk,7,7
https://public.govdelivery.com/accounts/UKKIRKLEES/subscriber/edit?preferences=true#tab1,Bin round reminder,01/18/2026 02:20 PM GMT,pagewatcher@govdelivery.com,3,6
https://www.thebrunswickcentre.org.uk/services/hiv-prevention/hiv-testing,Staying Healthy Bulletin: Staying healthy in 2026 - Raising awareness and strengthening cancer support in Dewsbury - Men Walking & Talking - health and wellbeing event to mark World AIDS Day - CLiK Survey,01/09/2026 01:32 PM GMT,Vicky.Lawton@kirklees.gov.uk,6,6
http://www.kirklees.gov.uk/beta/information-and-data/pdf/privacy-notice-comms-and-marketing.pdf,Weekly News Update,01/09/2026 07:00 PM GMT,spencer.wilson@kirklees.gov.uk,6,6
https://www.kirklees.gov.uk/beta/libraries/our-libraries/locations-and-opening-times.aspx,Book and website recommendations for children and young people,01/10/2026 04:39 PM GMT,olivia.barnden@kirklees.gov.uk,6,6
https://subscriberhelp.govdelivery.com/hc/en-us,Bin round reminder,01/25/2026 04:10 PM GMT,pagewatcher@govdelivery.com,1,5
https://admin.govdelivery.com/abe/templates/409423/https%3A%2F%2Fpublic.govdelivery.com%2Faccounts%2FUKKIRKLEES%2Fsubscriber%2Fedit%3Fpreferences%3Dtrue%23tab1,Book and website recommendations for children and young people,01/10/2026 04:39 PM GMT,olivia.barnden@kirklees.gov.uk,5,5
https://content.govdelivery.com/accounts/UKKIRKLEES/bulletins/403bd74,Book and website recommendations for children and young people,01/10/2026 04:39 PM GMT,olivia.barnden@kirklees.gov.uk,5,5
https://www.youtube.com/KirkleesVideos,Weekly News Update,01/09/2026 07:00 PM GMT,spencer.wilson@kirklees.gov.uk,5,5
https://www.instagram.com/kirklees.council/,Weekly News Update,01/09/2026 07:00 PM GMT,spencer.wilson@kirklees.gov.uk,5,5
https://www.facebook.com/liveinkirklees/,Weekly News Update,01/09/2026 07:00 PM GMT,spencer.wilson@kirklees.gov.uk,5,5
https://www.linkedin.com/company/kirklees-council/,Weekly News Update,01/09/2026 07:00 PM GMT,spencer.wilson@kirklees.gov.uk,5,5
https://www.kirklees.gov.uk/binManagement/Green/20260119/RG01MON,Bin round reminder,01/18/2026 02:20 PM GMT,pagewatcher@govdelivery.com,4,4
https://www.facebook.com/liveinkirklees/,Staying Healthy Bulletin: Staying healthy in 2026 - Raising awareness and strengthening cancer support in Dewsbury - Men Walking & Talking - health and wellbeing event to mark World AIDS Day - CLiK Survey,01/09/2026 01:32 PM GMT,Vicky.Lawton@kirklees.gov.uk,3,4
https://links-2.govdelivery.com/CL0/https:%2F%2Fkirklees.overdrive.com%2F/1/010101988447731a-ff25a752-7f05-4950-bb4a-3b607f108849-000000/-6oCM1UVBzAzZ67ZH1JOpaEVqGVYGnHN9XUQi-hzsOM=417,Book and website recommendations for children and young people,01/10/2026 04:39 PM GMT,olivia.barnden@kirklees.gov.uk,4,4
https://www.eventbrite.com/e/act-regional-north-east-2026-tickets-1977710506363?aff=oddtdtcreator,Work Placements | Events | Scams,01/13/2026 12:00 PM GMT,Charlotte.Longton@kirklees.gov.uk,4,4
https://www.kirklees.gov.uk/binManagement/Grey/20260108/DG16THU,Bin round reminder,01/07/2026 03:40 PM GMT,pagewatcher@govdelivery.com,3,4
https://www.kirklees.gov.uk/binManagement/Grey/20260108/DG13THU,Bin round reminder,01/07/2026 04:00 PM GMT,pagewatcher@govdelivery.com,4,4
https://www.kirklees.gov.uk/binManagement/Green/20260106/RG03TUE,Bin round reminder,01/05/2026 02:30 PM GMT,pagewatcher@govdelivery.com,4,4
https://www.instagram.com/kirklees.council/,Weekly News Update,01/23/2026 07:00 PM GMT,Liam.Senior-Watson@kirklees.gov.uk,4,4
https://subscriberhelp.govdelivery.com/hc/en-us,Weekly News Update,01/23/2026 07:00 PM GMT,Liam.Senior-Watson@kirklees.gov.uk,4,4
http://www.kirklees.gov.uk/beta/information-and-data/pdf/privacy-notice-comms-and-marketing.pdf,Weekly News Update,01/23/2026 07:00 PM GMT,Liam.Senior-Watson@kirklees.gov.uk,4,4
https://www.facebook.com/liveinkirklees/,Weekly News Update,01/23/2026 07:00 PM GMT,Liam.Senior-Watson@kirklees.gov.uk,4,4
https://www.creativekirklees.com/en-UK/search?q=KirkleesLibraries&contentTab=time-sensetive&sort=countViews,Read Kirklees January/February 2026,01/24/2026 01:57 PM GMT,leah.clark@kirklees.gov.uk,4,4
https://www.kirklees.gov.uk/beta/libraries/services-and-resources/library-adventures.aspx,Read Kirklees January/February 2026,01/24/2026 01:57 PM GMT,leah.clark@kirklees.gov.uk,4,4
https://content.govdelivery.com/accounts/UKKIRKLEES/bulletins/405eaa4?reqfrom=share,Read Kirklees January/February 2026,01/24/2026 01:57 PM GMT,leah.clark@kirklees.gov.uk,4,4
https://kirklees.overdrive.com/library/childrens/search?query=comics&page=2&sortBy=relevance&maturityLevel=juvenile,Book and website recommendations for children and young people,01/10/2026 04:39 PM GMT,olivia.barnden@kirklees.gov.uk,4,4
https://www.facebook.com/liveinkirklees,Bin round reminder,01/18/2026 02:20 PM GMT,pagewatcher@govdelivery.com,3,3
https://www.kirklees.gov.uk/binManagement/Grey/20260106/D33TUE,Bin round reminder,01/05/2026 03:40 PM GMT,pagewatcher@govdelivery.com,2,3
https://www.kirklees.gov.uk/beta/your-property-bins-recycling/recycling-items.aspx,Bin round reminder,01/18/2026 02:20 PM GMT,pagewatcher@govdelivery.com,3,3
http://www.kirklees.gov.uk/beta/information-and-data/pdf/privacy-notice-comms-and-marketing.pdf,Bin round reminder,01/18/2026 02:20 PM GMT,pagewatcher@govdelivery.com,3,3
http://www.govdelivery.com/portals/powered-by,Bin round reminder,01/18/2026 02:20 PM GMT,pagewatcher@govdelivery.com,3,3
http://www.kirklees.gov.uk/reminder,Bin round reminder,01/18/2026 02:20 PM GMT,pagewatcher@govdelivery.com,3,3
https://www.instagram.com/kirklees.council,Bin round reminder,01/18/2026 02:20 PM GMT,pagewatcher@govdelivery.com,3,3
https://subscriberhelp.govdelivery.com/hc/en-us,Bin round reminder,01/18/2026 02:20 PM GMT,pagewatcher@govdelivery.com,3,3
https://twitter.com/KirkleesCouncil,Bin round reminder,01/18/2026 02:20 PM GMT,pagewatcher@govdelivery.com,3,3
https://public.govdelivery.com/accounts/UKKIRKLEES/subscriber/topics?qsp=UKKIRKLEES_7,Bin round reminder,01/18/2026 02:20 PM GMT,pagewatcher@govdelivery.com,3,3
https://www.kirklees.gov.uk/beta/your-property-bins-recycling/recycling-items.aspx,Bin round reminder,01/27/2026 02:50 PM GMT,pagewatcher@govdelivery.com,2,3
https://www.kirklees.gov.uk/binManagement/Green/20260122/R37THU,Bin round reminder,01/21/2026 03:30 PM GMT,pagewatcher@govdelivery.com,3,3
http://www.pressreader.com,Book and website recommendations for children and young people,01/10/2026 04:39 PM GMT,olivia.barnden@kirklees.gov.uk,3,3
https://kirklees.overdrive.com/library/childrens/search?query=jokes,Book and website recommendations for children and young people,01/10/2026 04:39 PM GMT,olivia.barnden@kirklees.gov.uk,2,3
https://public.govdelivery.com/accounts/UKKIRKLEES/subscriber/edit?preferences=true#tab1,Bin round reminder,01/11/2026 04:20 PM GMT,pagewatcher@govdelivery.com,2,3
https://public.govdelivery.com/accounts/UKKIRKLEES/subscriber/edit?preferences=true#tab1,Bin round reminder,01/26/2026 02:30 PM GMT,pagewatcher@govdelivery.com,1,3
https://www.kirklees.gov.uk/binManagement/Green/20260108/R30THU,Bin round reminder,01/07/2026 03:00 PM GMT,pagewatcher@govdelivery.com,2,3
https://www.kirklees.gov.uk/binManagement/Green/20260105/RG04MON,Bin round reminder,01/04/2026 02:10 PM GMT,pagewatcher@govdelivery.com,3,3
https://public.govdelivery.com/accounts/UKKIRKLEES/subscriber/edit?preferences=true#tab1,Bin round reminder,01/25/2026 04:20 PM GMT,pagewatcher@govdelivery.com,2,3
https://www.kirklees.gov.uk/binManagement/Green/20260106/RG08TUE,Bin round reminder,01/05/2026 02:20 PM GMT,pagewatcher@govdelivery.com,2,3
https://www.kirklees.gov.uk/binManagement/Grey/20260107/DG16WED,Bin round reminder,01/06/2026 01:00 PM GMT,pagewatcher@govdelivery.com,3,3
http://www.kirklees.gov.uk/beta/information-and-data/pdf/privacy-notice-comms-and-marketing.pdf,Remember when getting post felt exciting?,01/23/2026 03:00 PM GMT,Susie.Richmond@kirklees.gov.uk,3,3
https://www.linkedin.com/company/kirklees-council/,Remember when getting post felt exciting?,01/23/2026 03:00 PM GMT,Susie.Richmond@kirklees.gov.uk,3,3
https://public.govdelivery.com/accounts/UKKIRKLEES/subscriber/edit?preferences=true#tab1,Bin round reminder,01/20/2026 01:00 PM GMT,pagewatcher@govdelivery.com,2,3
https://www.kirklees.gov.uk/binManagement/Green/20260119/RG02MON,Bin round reminder,01/18/2026 03:30 PM GMT,pagewatcher@govdelivery.com,3,3
https://www.youtube.com/KirkleesVideos,Weekly News Update,01/23/2026 07:00 PM GMT,Liam.Senior-Watson@kirklees.gov.uk,3,3
https://www.linkedin.com/company/kirklees-council/,Weekly News Update,01/23/2026 07:00 PM GMT,Liam.Senior-Watson@kirklees.gov.uk,3,3
https://www.kirklees.gov.uk/beta/libraries/services-and-resources/kirklees-transcription-service.aspx,Read Kirklees January/February 2026,01/24/2026 01:57 PM GMT,leah.clark@kirklees.gov.uk,3,3
https://www.youtube.com/KirkleesVideos,Staying Healthy Bulletin: Staying healthy in 2026 - Raising awareness and strengthening cancer support in Dewsbury - Men Walking & Talking - health and wellbeing event to mark World AIDS Day - CLiK Survey,01/09/2026 01:32 PM GMT,Vicky.Lawton@kirklees.gov.uk,2,3
https://subscriberhelp.govdelivery.com/hc/en-us,Staying Healthy Bulletin: Staying healthy in 2026 - Raising awareness and strengthening cancer support in Dewsbury - Men Walking & Talking - health and wellbeing event to mark World AIDS Day - CLiK Survey,01/09/2026 01:32 PM GMT,Vicky.Lawton@kirklees.gov.uk,2,3
https://www.youtube.com/user/KirkleesVideos,Bin round reminder,01/18/2026 02:20 PM GMT,pagewatcher@govdelivery.com,3,3
https://www.kirklees.gov.uk/binManagement/Green/20260105/RG05MON,Bin round reminder,01/04/2026 03:50 PM GMT,pagewatcher@govdelivery.com,1,2
https://public.govdelivery.com/accounts/UKKIRKLEES/subscriber/edit?preferences=true#tab1,Bin round reminder,01/28/2026 02:20 PM GMT,pagewatcher@govdelivery.com,1,2
https://www.kirklees.gov.uk/binManagement/Grey/20260108/DG17THU,Bin round reminder,01/07/2026 12:00 AM GMT,pagewatcher@govdelivery.com,2,2
https://twitter.com/KirkleesCouncil,Bin round reminder,01/04/2026 03:00 PM GMT,pagewatcher@govdelivery.com,1,2
https://www.kirklees.gov.uk/beta/your-property-bins-recycling/recycling-items.aspx,Bin round reminder,01/04/2026 03:00 PM GMT,pagewatcher@govdelivery.com,2,2
https://www.kirklees.gov.uk/binManagement/Green/20260107/RG05WED,Bin round reminder,01/06/2026 03:30 PM GMT,pagewatcher@govdelivery.com,2,2
https://public.govdelivery.com/accounts/UKKIRKLEES/subscriber/edit?preferences=true#tab1,Bin round reminder,01/05/2026 03:40 PM GMT,pagewatcher@govdelivery.com,1,2
http://www.kirklees.gov.uk/beta/information-and-data/pdf/privacy-notice-comms-and-marketing.pdf,Bin round reminder,01/05/2026 03:40 PM GMT,pagewatcher@govdelivery.com,2,2
https://www.kirklees.gov.uk/binManagement/Grey/20260106/DG10TUE,Bin round reminder,01/05/2026 02:10 PM GMT,pagewatcher@govdelivery.com,2,2
https://www.kirklees.gov.uk/binManagement/Green/20260106/RG05TUE,Bin round reminder,01/05/2026 03:00 PM GMT,pagewatcher@govdelivery.com,2,2
https://public.govdelivery.com/accounts/UKKIRKLEES/subscriber/edit?preferences=true#tab1,Bin round reminder,01/06/2026 02:30 PM GMT,pagewatcher@govdelivery.com,1,2
https://www.kirklees.gov.uk/binManagement/Grey/20260107/DG14WED,Bin round reminder,01/06/2026 04:20 PM GMT,pagewatcher@govdelivery.com,2,2
https://public.govdelivery.com/accounts/UKKIRKLEES/subscriber/edit?preferences=true#tab1,Bin round reminder,01/13/2026 02:40 PM GMT,pagewatcher@govdelivery.com,1,2
https://www.kirklees.gov.uk/binManagement/Grey/20260128/DG02WED,Bin round reminder,01/27/2026 02:50 PM GMT,pagewatcher@govdelivery.com,1,2
https://www.instagram.com/kirklees.council,Bin round reminder,01/27/2026 02:50 PM GMT,pagewatcher@govdelivery.com,1,2
https://public.govdelivery.com/accounts/UKKIRKLEES/subscriber/edit?preferences=true#tab1,Bin round reminder,01/27/2026 02:50 PM GMT,pagewatcher@govdelivery.com,1,2
https://www.facebook.com/liveinkirklees,Bin round reminder,01/27/2026 02:50 PM GMT,pagewatcher@govdelivery.com,1,2
https://twitter.com/KirkleesCouncil,Bin round reminder,01/27/2026 02:50 PM GMT,pagewatcher@govdelivery.com,1,2
https://twitter.com/KirkleesCouncil,Bin round reminder,01/21/2026 01:00 PM GMT,pagewatcher@govdelivery.com,2,2
http://www.kirklees.gov.uk/beta/information-and-data/pdf/privacy-notice-comms-and-marketing.pdf,Bin round reminder,01/21/2026 01:00 PM GMT,pagewatcher@govdelivery.com,2,2
http://www.kirklees.gov.uk/reminder,Bin round reminder,01/21/2026 01:00 PM GMT,pagewatcher@govdelivery.com,2,2
https://public.govdelivery.com/accounts/UKKIRKLEES/subscriber/edit?preferences=true#tab1,Bin round reminder,01/21/2026 01:00 PM GMT,pagewatcher@govdelivery.com,1,2
https://www.kirklees.gov.uk/binManagement/Green/20260122/R31THU,Bin round reminder,01/21/2026 01:00 PM GMT,pagewatcher@govdelivery.com,2,2
https://public.govdelivery.com/accounts/UKKIRKLEES/subscriber/edit?preferences=true#tab1,Bin round reminder,01/14/2026 02:20 PM GMT,pagewatcher@govdelivery.com,1,2
https://www.kirklees.gov.uk/beta/your-property-bins-recycling/recycling-items.aspx,Bin round reminder,01/21/2026 02:10 PM GMT,pagewatcher@govdelivery.com,1,2
https://public.govdelivery.com/accounts/UKKIRKLEES/subscriber/edit?preferences=true#tab1,250113 Jan H4U Newsletter,01/13/2026 03:47 PM GMT,julie.brown@kirklees.gov.uk,2,2
https://kir.ent.sirsidynix.net.uk/client/en_GB/default,Book and website recommendations for children and young people,01/10/2026 04:39 PM GMT,olivia.barnden@kirklees.gov.uk,2,2
https://www.facebook.com/liveinkirklees,Bin round reminder,01/06/2026 01:00 PM GMT,pagewatcher@govdelivery.com,2,2
https://public.govdelivery.com/accounts/UKKIRKLEES/subscriber/topics?qsp=UKKIRKLEES_7,Bin round reminder,01/06/2026 01:00 PM GMT,pagewatcher@govdelivery.com,2,2
https://www.instagram.com/kirklees.council,Bin round reminder,01/06/2026 01:00 PM GMT,pagewatcher@govdelivery.com,2,2
https://public.govdelivery.com/accounts/UKKIRKLEES/subscriber/edit?preferences=true#tab1,Bin round reminder,01/06/2026 01:00 PM GMT,pagewatcher@govdelivery.com,1,2
https://www.kirklees.gov.uk/binManagement/Green/20260107/RG02WED,Bin round reminder,01/06/2026 01:00 PM GMT,pagewatcher@govdelivery.com,2,2
https://www.kirklees.gov.uk/beta/your-property-bins-recycling/recycling-items.aspx,Bin round reminder,01/06/2026 01:00 PM GMT,pagewatcher@govdelivery.com,2,2
https://www.kirklees.gov.uk/beta/your-property-bins-recycling/recycling-items.aspx,Bin round reminder,01/04/2026 02:20 PM GMT,pagewatcher@govdelivery.com,1,2
https://www.kirklees.gov.uk/binManagement/Grey/20260122/DG12THU,Bin round reminder,01/21/2026 03:30 PM GMT,pagewatcher@govdelivery.com,2,2
https://www.kirklees.gov.uk/beta/your-property-bins-recycling/recycling-items.aspx,Bin round reminder,01/04/2026 03:30 PM GMT,pagewatcher@govdelivery.com,1,2
https://www.kirklees.gov.uk/binManagement/Grey/20260115/D37THU,Bin round reminder,01/14/2026 03:00 PM GMT,pagewatcher@govdelivery.com,2,2
https://public.govdelivery.com/accounts/UKKIRKLEES/subscriber/edit?preferences=true#tab1,Bin round reminder,01/21/2026 03:50 PM GMT,pagewatcher@govdelivery.com,1,2
http://www.kirklees.gov.uk/beta/information-and-data/pdf/privacy-notice-comms-and-marketing.pdf,Bin round reminder,01/27/2026 03:00 PM GMT,pagewatcher@govdelivery.com,1,2
https://www.kirklees.gov.uk/binManagement/Green/20260121/RG03WED,Bin round reminder,01/20/2026 02:50 PM GMT,pagewatcher@govdelivery.com,2,2
https://www.linkedin.com/showcase/kirklees-business-hub,Work Placements | Events | Scams,01/13/2026 12:00 PM GMT,Charlotte.Longton@kirklees.gov.uk,2,2
https://public.govdelivery.com/accounts/UKKIRKLEES/subscriber/edit?preferences=true#tab1,Work Placements | Events | Scams,01/13/2026 12:00 PM GMT,Charlotte.Longton@kirklees.gov.uk,2,2
https://www.facebook.com/liveinkirklees,Work Placements | Events | Scams,01/13/2026 12:00 PM GMT,Charlotte.Longton@kirklees.gov.uk,2,2
https://twitter.com/bizkirklees,Work Placements | Events | Scams,01/13/2026 12:00 PM GMT,Charlotte.Longton@kirklees.gov.uk,2,2
https://www.kirklees.gov.uk/binManagement/Grey/20260115/DG09THU,Bin round reminder,01/14/2026 01:00 PM GMT,pagewatcher@govdelivery.com,2,2
https://www.kirklees.gov.uk/binManagement/Grey/20260106/D30TUE,Bin round reminder,01/05/2026 04:00 PM GMT,pagewatcher@govdelivery.com,1,2
https://www.kirklees.gov.uk/binManagement/Grey/20260107/DG18WED,Bin round reminder,01/06/2026 12:00 AM GMT,pagewatcher@govdelivery.com,2,2
https://www.kirklees.gov.uk/binManagement/Green/20260112/RG17MON,Bin round reminder,01/11/2026 02:40 PM GMT,pagewatcher@govdelivery.com,1,2
https://www.kirklees.gov.uk/beta/your-property-bins-recycling/recycling-items.aspx,Bin round reminder,01/13/2026 02:50 PM GMT,pagewatcher@govdelivery.com,2,2
https://www.kirklees.gov.uk/beta/your-property-bins-recycling/recycling-items.aspx,Bin round reminder,01/05/2026 02:30 PM GMT,pagewatcher@govdelivery.com,2,2
https://public.govdelivery.com/accounts/UKKIRKLEES/subscriber/edit?preferences=true#tab1,Bin round reminder,01/05/2026 02:30 PM GMT,pagewatcher@govdelivery.com,1,2
https://public.govdelivery.com/accounts/UKKIRKLEES/subscriber/edit?preferences=true#tab1,Bin round reminder,01/04/2026 02:10 PM GMT,pagewatcher@govdelivery.com,1,2
https://public.govdelivery.com/accounts/UKKIRKLEES/subscriber/edit?preferences=true#tab1,Bin round reminder,01/21/2026 02:40 PM GMT,pagewatcher@govdelivery.com,1,2
https://www.kirklees.gov.uk/beta/your-property-bins-recycling/recycling-items.aspx,Bin round reminder,01/21/2026 02:40 PM GMT,pagewatcher@govdelivery.com,2,2
https://public.govdelivery.com/accounts/UKKIRKLEES/subscriber/edit?preferences=true#tab1,Bin round reminder,01/12/2026 02:20 PM GMT,pagewatcher@govdelivery.com,1,2
http://www.kirklees.gov.uk/beta/information-and-data/pdf/privacy-notice-comms-and-marketing.pdf,Bin round reminder,01/13/2026 01:00 PM GMT,pagewatcher@govdelivery.com,1,2
https://www.kirklees.gov.uk/binManagement/Grey/20260120/DG18TUE,Bin round reminder,01/19/2026 12:00 AM GMT,pagewatcher@govdelivery.com,1,2
https://public.govdelivery.com/accounts/UKKIRKLEES/subscriber/edit?preferences=true#tab1,Bin round reminder,01/18/2026 03:00 PM GMT,pagewatcher@govdelivery.com,1,2
https://public.govdelivery.com/accounts/UKKIRKLEES/subscriber/edit?preferences=true#tab1,Bin round reminder,01/06/2026 01:00 PM GMT,pagewatcher@govdelivery.com,1,2
https://www.kirklees.gov.uk/binManagement/Grey/20260107/DG11WED,Bin round reminder,01/06/2026 03:10 PM GMT,pagewatcher@govdelivery.com,2,2
https://www.instagram.com/kirklees.council/,Remember when getting post felt exciting?,01/23/2026 03:00 PM GMT,Susie.Richmond@kirklees.gov.uk,2,2
https://subscriberhelp.govdelivery.com/hc/en-us,Remember when getting post felt exciting?,01/23/2026 03:00 PM GMT,Susie.Richmond@kirklees.gov.uk,2,2
https://public.govdelivery.com/accounts/UKKIRKLEES/subscriber/edit?preferences=true#tab1,Bin round reminder,01/19/2026 03:40 PM GMT,pagewatcher@govdelivery.com,1,2
https://www.kirklees.gov.uk/binManagement/Green/20260129/RG12THU,Bin round reminder,01/28/2026 02:20 PM GMT,pagewatcher@govdelivery.com,2,2
https://www.kirklees.gov.uk/binManagement/Grey/20260121/DG16WED,Bin round reminder,01/20/2026 01:00 PM GMT,pagewatcher@govdelivery.com,2,2
https://public.govdelivery.com/accounts/UKKIRKLEES/subscriber/edit?preferences=true#tab1,Bin round reminder,01/13/2026 04:20 PM GMT,pagewatcher@govdelivery.com,1,2
https://public.govdelivery.com/accounts/UKKIRKLEES/subscriber/edit?preferences=true#tab1,Bin round reminder,01/14/2026 03:10 PM GMT,pagewatcher@govdelivery.com,1,2
https://public.govdelivery.com/accounts/UKKIRKLEES/subscriber/edit?preferences=true#tab1,Bin round reminder,01/13/2026 03:00 PM GMT,pagewatcher@govdelivery.com,1,2
https://www.kirklees.gov.uk/binManagement/Green/20260114/RG16WED,Bin round reminder,01/13/2026 03:00 PM GMT,pagewatcher@govdelivery.com,2,2
https://subscriberhelp.govdelivery.com,Read Kirklees January/February 2026,01/24/2026 01:57 PM GMT,leah.clark@kirklees.gov.uk,2,2
https://public.govdelivery.com/accounts/UKKIRKLEES/subscriber/edit?preferences=true#tab1,Bin round reminder,01/11/2026 03:30 PM GMT,pagewatcher@govdelivery.com,1,2
https://www.kirklees.gov.uk/binManagement/Grey/20260112/DG04MON,Bin round reminder,01/11/2026 03:30 PM GMT,pagewatcher@govdelivery.com,2,2
https://public.govdelivery.com/accounts/UKKIRKLEES/subscriber/edit?preferences=true#tab1,Bin round reminder,01/06/2026 03:00 PM GMT,pagewatcher@govdelivery.com,1,2
https://public.govdelivery.com/accounts/UKKIRKLEES/subscriber/edit?preferences=true#tab1,Bin round reminder,01/14/2026 03:30 PM GMT,pagewatcher@govdelivery.com,1,2
https://www.linkedin.com/company/kirklees-council/,Staying Healthy Bulletin: Staying healthy in 2026 - Raising awareness and strengthening cancer support in Dewsbury - Men Walking & Talking - health and wellbeing event to mark World AIDS Day - CLiK Survey,01/09/2026 01:32 PM GMT,Vicky.Lawton@kirklees.gov.uk,2,2
https://www.instagram.com/kirklees.council/,Staying Healthy Bulletin: Staying healthy in 2026 - Raising awareness and strengthening cancer support in Dewsbury - Men Walking & Talking - health and wellbeing event to mark World AIDS Day - CLiK Survey,01/09/2026 01:32 PM GMT,Vicky.Lawton@kirklees.gov.uk,2,2
https://www.kirklees.gov.uk/beta/your-property-bins-recycling/recycling-items.aspx,Bin round reminder,01/14/2026 04:10 PM GMT,pagewatcher@govdelivery.com,1,1
https://www.instagram.com/kirklees.council,Bin round reminder,01/13/2026 02:40 PM GMT,pagewatcher@govdelivery.com,1,1
https://www.facebook.com/liveinkirklees,Bin round reminder,01/13/2026 02:40 PM GMT,pagewatcher@govdelivery.com,1,1
https://www.kirklees.gov.uk/beta/your-property-bins-recycling/recycling-items.aspx,Bin round reminder,01/13/2026 02:40 PM GMT,pagewatcher@govdelivery.com,1,1
http://www.kirklees.gov.uk/reminder,Bin round reminder,01/13/2026 02:40 PM GMT,pagewatcher@govdelivery.com,1,1
https://www.youtube.com/user/KirkleesVideos,Bin round reminder,01/13/2026 02:40 PM GMT,pagewatcher@govdelivery.com,1,1
https://twitter.com/KirkleesCouncil,Bin round reminder,01/13/2026 02:40 PM GMT,pagewatcher@govdelivery.com,1,1
https://www.kirklees.gov.uk/binManagement/Green/20260114/R34WED,Bin round reminder,01/13/2026 02:40 PM GMT,pagewatcher@govdelivery.com,1,1
http://www.govdelivery.com/portals/powered-by,Bin round reminder,01/13/2026 02:40 PM GMT,pagewatcher@govdelivery.com,1,1
https://subscriberhelp.govdelivery.com/hc/en-us,Bin round reminder,01/13/2026 02:40 PM GMT,pagewatcher@govdelivery.com,1,1
https://public.govdelivery.com/accounts/UKKIRKLEES/subscriber/topics?qsp=UKKIRKLEES_7,Bin round reminder,01/13/2026 02:40 PM GMT,pagewatcher@govdelivery.com,1,1
http://www.kirklees.gov.uk/beta/information-and-data/pdf/privacy-notice-comms-and-marketing.pdf,Bin round reminder,01/13/2026 02:40 PM GMT,pagewatcher@govdelivery.com,1,1
https://www.kirklees.gov.uk/binManagement/Grey/20260121/D34WED,Bin round reminder,01/20/2026 02:30 PM GMT,pagewatcher@govdelivery.com,1,1
https://www.kirklees.gov.uk/binManagement/Green/20260115/RG15THU,Bin round reminder,01/14/2026 02:10 PM GMT,pagewatcher@govdelivery.com,1,1
https://public.govdelivery.com/accounts/UKKIRKLEES/subscriber/edit?preferences=true#tab1,Bin round reminder,01/06/2026 04:10 PM GMT,pagewatcher@govdelivery.com,1,1
http://www.kirklees.gov.uk/beta/information-and-data/pdf/privacy-notice-comms-and-marketing.pdf,Bin round reminder,01/21/2026 03:40 PM GMT,pagewatcher@govdelivery.com,1,1
https://public.govdelivery.com/accounts/UKKIRKLEES/subscriber/edit?preferences=true#tab1,Bin round reminder,01/21/2026 03:40 PM GMT,pagewatcher@govdelivery.com,1,1
http://www.kirklees.gov.uk/reminder,Bin round reminder,01/21/2026 03:40 PM GMT,pagewatcher@govdelivery.com,1,1
https://www.kirklees.gov.uk/binManagement/Grey/20260122/DG16THU,Bin round reminder,01/21/2026 03:40 PM GMT,pagewatcher@govdelivery.com,1,1
https://www.facebook.com/liveinkirklees,Bin round reminder,01/07/2026 03:30 PM GMT,pagewatcher@govdelivery.com,1,1
https://twitter.com/KirkleesCouncil,Bin round reminder,01/07/2026 03:30 PM GMT,pagewatcher@govdelivery.com,1,1
https://www.instagram.com/kirklees.council,Bin round reminder,01/07/2026 03:30 PM GMT,pagewatcher@govdelivery.com,1,1
https://www.kirklees.gov.uk/beta/your-property-bins-recycling/recycling-items.aspx,Bin round reminder,01/07/2026 03:30 PM GMT,pagewatcher@govdelivery.com,1,1
https://www.kirklees.gov.uk/binManagement/Grey/20260108/DG12THU,Bin round reminder,01/07/2026 03:30 PM GMT,pagewatcher@govdelivery.com,1,1
https://www.kirklees.gov.uk/binManagement/Green/20260108/RG03THU,Bin round reminder,01/07/2026 04:10 PM GMT,pagewatcher@govdelivery.com,1,1
https://www.kirklees.gov.uk/beta/your-property-bins-recycling/recycling-items.aspx,Bin round reminder,01/18/2026 03:50 PM GMT,pagewatcher@govdelivery.com,1,1
https://www.youtube.com/user/KirkleesVideos,Bin round reminder,01/27/2026 02:50 PM GMT,pagewatcher@govdelivery.com,1,1
http://www.kirklees.gov.uk/beta/information-and-data/pdf/privacy-notice-comms-and-marketing.pdf,Bin round reminder,01/27/2026 02:50 PM GMT,pagewatcher@govdelivery.com,1,1
https://subscriberhelp.govdelivery.com/hc/en-us,Bin round reminder,01/27/2026 02:50 PM GMT,pagewatcher@govdelivery.com,1,1
http://www.govdelivery.com/portals/powered-by,Bin round reminder,01/27/2026 02:50 PM GMT,pagewatcher@govdelivery.com,1,1
http://www.kirklees.gov.uk/reminder,Bin round reminder,01/27/2026 02:50 PM GMT,pagewatcher@govdelivery.com,1,1
https://www.kirklees.gov.uk/binManagement/Grey/20260126/D35MON,Bin round reminder,01/25/2026 02:50 PM GMT,pagewatcher@govdelivery.com,1,1
https://www.kirklees.gov.uk/beta/your-property-bins-recycling/recycling-items.aspx,Bin round reminder,01/21/2026 01:00 PM GMT,pagewatcher@govdelivery.com,1,1
https://www.instagram.com/kirklees.council,Bin round reminder,01/21/2026 01:00 PM GMT,pagewatcher@govdelivery.com,1,1
http://www.govdelivery.com/portals/powered-by,Bin round reminder,01/21/2026 01:00 PM GMT,pagewatcher@govdelivery.com,1,1
https://public.govdelivery.com/accounts/UKKIRKLEES/subscriber/topics?qsp=UKKIRKLEES_7,Bin round reminder,01/21/2026 01:00 PM GMT,pagewatcher@govdelivery.com,1,1
https://subscriberhelp.govdelivery.com/hc/en-us,Bin round reminder,01/21/2026 01:00 PM GMT,pagewatcher@govdelivery.com,1,1
https://www.youtube.com/user/KirkleesVideos,Bin round reminder,01/21/2026 01:00 PM GMT,pagewatcher@govdelivery.com,1,1
https://www.facebook.com/liveinkirklees,Bin round reminder,01/21/2026 01:00 PM GMT,pagewatcher@govdelivery.com,1,1
https://www.kirklees.gov.uk/beta/your-property-bins-recycling/recycling-items.aspx,Bin round reminder,01/05/2026 04:00 PM GMT,pagewatcher@govdelivery.com,1,1
http://www.govdelivery.com/portals/powered-by,Bin round reminder,01/14/2026 02:20 PM GMT,pagewatcher@govdelivery.com,1,1
http://www.kirklees.gov.uk/reminder,Bin round reminder,01/14/2026 02:20 PM GMT,pagewatcher@govdelivery.com,1,1
https://www.kirklees.gov.uk/binManagement/Green/20260115/RG12THU,Bin round reminder,01/14/2026 02:20 PM GMT,pagewatcher@govdelivery.com,1,1
https://www.kirklees.gov.uk/beta/your-property-bins-recycling/recycling-items.aspx,Bin round reminder,01/14/2026 02:20 PM GMT,pagewatcher@govdelivery.com,1,1
https://subscriberhelp.govdelivery.com/hc/en-us,Bin round reminder,01/14/2026 02:20 PM GMT,pagewatcher@govdelivery.com,1,1
https://www.instagram.com/kirklees.council,Bin round reminder,01/14/2026 02:20 PM GMT,pagewatcher@govdelivery.com,1,1
https://public.govdelivery.com/accounts/UKKIRKLEES/subscriber/topics?qsp=UKKIRKLEES_7,Bin round reminder,01/14/2026 02:20 PM GMT,pagewatcher@govdelivery.com,1,1
https://twitter.com/KirkleesCouncil,Bin round reminder,01/14/2026 02:20 PM GMT,pagewatcher@govdelivery.com,1,1
http://www.kirklees.gov.uk/beta/information-and-data/pdf/privacy-notice-comms-and-marketing.pdf,Bin round reminder,01/14/2026 02:20 PM GMT,pagewatcher@govdelivery.com,1,1
https://www.youtube.com/user/KirkleesVideos,Bin round reminder,01/14/2026 02:20 PM GMT,pagewatcher@govdelivery.com,1,1
https://www.facebook.com/liveinkirklees,Bin round reminder,01/14/2026 02:20 PM GMT,pagewatcher@govdelivery.com,1,1
https://www.kirklees.gov.uk/binManagement/Grey/20260122/DG14THU,Bin round reminder,01/21/2026 02:10 PM GMT,pagewatcher@govdelivery.com,1,1
https://www.kirklees.gov.uk/beta/your-property-bins-recycling/recycling-items.aspx,Bin round reminder,01/12/2026 03:50 PM GMT,pagewatcher@govdelivery.com,1,1
http://www.kirklees.gov.uk/reminder,Bin round reminder,01/05/2026 04:10 PM GMT,pagewatcher@govdelivery.com,1,1
https://public.govdelivery.com/accounts/UKKIRKLEES/subscriber/edit?preferences=true#tab1,Bin round reminder,01/14/2026 03:20 PM GMT,pagewatcher@govdelivery.com,1,1
https://www.kirklees.gov.uk/binManagement/Grey/20260114/DG09WED,Bin round reminder,01/13/2026 04:10 PM GMT,pagewatcher@govdelivery.com,1,1
https://www.kirklees.gov.uk/binManagement/Grey/20260106/DG17TUE,Bin round reminder,01/05/2026 12:00 AM GMT,pagewatcher@govdelivery.com,1,1
https://www.kirklees.gov.uk/binManagement/Grey/20260112/DG06MON,Bin round reminder,01/11/2026 04:10 PM GMT,pagewatcher@govdelivery.com,1,1
https://public.govdelivery.com/accounts/UKKIRKLEES/subscriber/edit?preferences=true#tab1,Bin round reminder,01/14/2026 02:40 PM GMT,pagewatcher@govdelivery.com,1,1
https://www.kirklees.gov.uk/beta/your-property-bins-recycling/recycling-items.aspx,Bin round reminder,01/13/2026 03:30 PM GMT,pagewatcher@govdelivery.com,1,1
https://twitter.com/KirkleesCouncil,Bin round reminder,01/13/2026 03:30 PM GMT,pagewatcher@govdelivery.com,1,1
https://www.kirklees.gov.uk/binManagement/Grey/20260122/D33THU,Bin round reminder,01/21/2026 03:30 PM GMT,pagewatcher@govdelivery.com,1,1
https://public.govdelivery.com/accounts/UKKIRKLEES/subscriber/edit?preferences=true#tab1,Bin round reminder,01/13/2026 04:20 PM GMT,pagewatcher@govdelivery.com,1,1
https://www.kirklees.gov.uk/beta/contact-the-council/frequent-contacts/default.aspx?contact=ukrainian.response@kirklees.gov.uk,250113 Jan H4U Newsletter,01/13/2026 03:47 PM GMT,julie.brown@kirklees.gov.uk,1,1
https://www.kirklees.gov.uk/binManagement/Green/20260106/RG07TUE,Bin round reminder,01/05/2026 02:50 PM GMT,pagewatcher@govdelivery.com,1,1
http://www.govdelivery.com/portals/powered-by,Bin round reminder,01/14/2026 03:40 PM GMT,pagewatcher@govdelivery.com,1,1
https://www.kirklees.gov.uk/binManagement/Grey/20260115/DG01THU,Bin round reminder,01/14/2026 03:40 PM GMT,pagewatcher@govdelivery.com,1,1
https://www.kirklees.gov.uk/beta/your-property-bins-recycling/recycling-items.aspx,Bin round reminder,01/28/2026 04:00 PM GMT,pagewatcher@govdelivery.com,1,1
https://www.kirklees.gov.uk/beta/your-property-bins-recycling/recycling-items.aspx,Bin round reminder,01/26/2026 04:00 PM GMT,pagewatcher@govdelivery.com,1,1
https://public.govdelivery.com/accounts/UKKIRKLEES/subscriber/edit?preferences=true#tab1,Bin round reminder,01/26/2026 04:00 PM GMT,pagewatcher@govdelivery.com,1,1
https://subscriberhelp.govdelivery.com/hc/en-us,Book and website recommendations for children and young people,01/10/2026 04:39 PM GMT,olivia.barnden@kirklees.gov.uk,1,1
https://content.govdelivery.com/accounts/UKKIRKLEES/bulletins/403bd74?reqfrom=share,Book and website recommendations for children and young people,01/10/2026 04:39 PM GMT,olivia.barnden@kirklees.gov.uk,1,1
https://www.kirklees.gov.uk/beta/libraries/services-and-resources/library-adventures.aspx,Book and website recommendations for children and young people,01/10/2026 04:39 PM GMT,olivia.barnden@kirklees.gov.uk,1,1
https://shop.scholastic.co.uk/lollies/winners-2025,Book and website recommendations for children and young people,01/10/2026 04:39 PM GMT,olivia.barnden@kirklees.gov.uk,1,1
https://www.kirklees.gov.uk/binManagement/Grey/20260112/D32MON,Bin round reminder,01/11/2026 04:20 PM GMT,pagewatcher@govdelivery.com,1,1
http://www.govdelivery.com/portals/powered-by,Bin round reminder,01/11/2026 04:20 PM GMT,pagewatcher@govdelivery.com,1,1
https://www.kirklees.gov.uk/beta/your-property-bins-recycling/recycling-items.aspx,Bin round reminder,01/11/2026 04:20 PM GMT,pagewatcher@govdelivery.com,1,1
https://www.facebook.com/liveinkirklees,Bin round reminder,01/11/2026 04:20 PM GMT,pagewatcher@govdelivery.com,1,1
https://subscriberhelp.govdelivery.com/hc/en-us,Bin round reminder,01/11/2026 04:20 PM GMT,pagewatcher@govdelivery.com,1,1
http://www.kirklees.gov.uk/reminder,Bin round reminder,01/11/2026 04:20 PM GMT,pagewatcher@govdelivery.com,1,1
https://twitter.com/KirkleesCouncil,Bin round reminder,01/11/2026 04:20 PM GMT,pagewatcher@govdelivery.com,1,1
https://www.youtube.com/user/KirkleesVideos,Bin round reminder,01/11/2026 04:20 PM GMT,pagewatcher@govdelivery.com,1,1
http://www.kirklees.gov.uk/beta/information-and-data/pdf/privacy-notice-comms-and-marketing.pdf,Bin round reminder,01/11/2026 04:20 PM GMT,pagewatcher@govdelivery.com,1,1
https://www.instagram.com/kirklees.council,Bin round reminder,01/11/2026 04:20 PM GMT,pagewatcher@govdelivery.com,1,1
http://www.kirklees.gov.uk/reminder,Bin round reminder,01/06/2026 01:00 PM GMT,pagewatcher@govdelivery.com,1,1
https://twitter.com/KirkleesCouncil,Bin round reminder,01/06/2026 01:00 PM GMT,pagewatcher@govdelivery.com,1,1
https://subscriberhelp.govdelivery.com/hc/en-us,Bin round reminder,01/06/2026 01:00 PM GMT,pagewatcher@govdelivery.com,1,1
https://www.youtube.com/user/KirkleesVideos,Bin round reminder,01/06/2026 01:00 PM GMT,pagewatcher@govdelivery.com,1,1
http://www.kirklees.gov.uk/beta/information-and-data/pdf/privacy-notice-comms-and-marketing.pdf,Bin round reminder,01/06/2026 01:00 PM GMT,pagewatcher@govdelivery.com,1,1
http://www.govdelivery.com/portals/powered-by,Bin round reminder,01/06/2026 01:00 PM GMT,pagewatcher@govdelivery.com,1,1
https://www.kirklees.gov.uk/binManagement/Green/20260114/RG18WED,Bin round reminder,01/13/2026 03:00 PM GMT,pagewatcher@govdelivery.com,1,1
https://www.facebook.com/liveinkirklees,Bin round reminder,01/04/2026 02:10 PM GMT,pagewatcher@govdelivery.com,1,1
http://www.kirklees.gov.uk/reminder,Bin round reminder,01/04/2026 02:10 PM GMT,pagewatcher@govdelivery.com,1,1
http://www.govdelivery.com/portals/powered-by,Bin round reminder,01/04/2026 04:20 PM GMT,pagewatcher@govdelivery.com,1,1
https://www.kirklees.gov.uk/binManagement/Green/20260105/RG01MON,Bin round reminder,01/04/2026 02:20 PM GMT,pagewatcher@govdelivery.com,1,1
https://www.kirklees.gov.uk/beta/your-property-bins-recycling/recycling-items.aspx,Bin round reminder,01/07/2026 03:30 PM GMT,pagewatcher@govdelivery.com,1,1
https://www.kirklees.gov.uk/beta/your-property-bins-recycling/recycling-items.aspx,Bin round reminder,01/21/2026 03:40 PM GMT,pagewatcher@govdelivery.com,1,1
https://www.kirklees.gov.uk/binManagement/Green/20260122/R35THU,Bin round reminder,01/21/2026 04:00 PM GMT,pagewatcher@govdelivery.com,1,1
https://public.govdelivery.com/accounts/UKKIRKLEES/subscriber/topics?qsp=UKKIRKLEES_7,Bin round reminder,01/21/2026 04:00 PM GMT,pagewatcher@govdelivery.com,1,1
https://www.kirklees.gov.uk/binManagement/Grey/20260129/D32THU,Bin round reminder,01/28/2026 02:20 PM GMT,pagewatcher@govdelivery.com,1,1
http://www.govdelivery.com/portals/powered-by,Bin round reminder,01/28/2026 03:30 PM GMT,pagewatcher@govdelivery.com,1,1
https://www.kirklees.gov.uk/beta/your-property-bins-recycling/recycling-items.aspx,Bin round reminder,01/14/2026 04:00 PM GMT,pagewatcher@govdelivery.com,1,1
https://www.kirklees.gov.uk/binManagement/Green/20260105/RG07MON,Bin round reminder,01/04/2026 04:10 PM GMT,pagewatcher@govdelivery.com,1,1
https://public.govdelivery.com/accounts/UKKIRKLEES/subscriber/edit?preferences=true#tab1,Bin round reminder,01/06/2026 03:20 PM GMT,pagewatcher@govdelivery.com,1,1
https://www.facebook.com/liveinkirklees,Bin round reminder,01/21/2026 03:30 PM GMT,pagewatcher@govdelivery.com,1,1
https://www.instagram.com/kirklees.council,Bin round reminder,01/21/2026 03:30 PM GMT,pagewatcher@govdelivery.com,1,1
https://twitter.com/KirkleesCouncil,Bin round reminder,01/21/2026 03:30 PM GMT,pagewatcher@govdelivery.com,1,1
https://www.kirklees.gov.uk/beta/your-property-bins-recycling/recycling-items.aspx,Bin round reminder,01/21/2026 03:30 PM GMT,pagewatcher@govdelivery.com,1,1
https://www.kirklees.gov.uk/binManagement/Grey/20260105/DG10MON,Bin round reminder,01/04/2026 02:30 PM GMT,pagewatcher@govdelivery.com,1,1
https://www.kirklees.gov.uk/beta/your-property-bins-recycling/recycling-items.aspx,Bin round reminder,01/04/2026 02:30 PM GMT,pagewatcher@govdelivery.com,1,1
https://public.govdelivery.com/accounts/UKKIRKLEES/subscriber/edit?preferences=true#tab1,Bin round reminder,01/04/2026 02:30 PM GMT,pagewatcher@govdelivery.com,1,1
https://public.govdelivery.com/accounts/UKKIRKLEES/subscriber/edit?preferences=true#tab1,Bin round reminder,01/04/2026 03:30 PM GMT,pagewatcher@govdelivery.com,1,1
https://www.kirklees.gov.uk/binManagement/Green/20260105/RG02MON,Bin round reminder,01/04/2026 03:30 PM GMT,pagewatcher@govdelivery.com,1,1
https://public.govdelivery.com/accounts/UKKIRKLEES/subscriber/edit?preferences=true#tab1,Bin round reminder,01/11/2026 02:40 PM GMT,pagewatcher@govdelivery.com,1,1
https://public.govdelivery.com/accounts/UKKIRKLEES/subscriber/topics?qsp=UKKIRKLEES_7,Bin round reminder,01/11/2026 02:40 PM GMT,pagewatcher@govdelivery.com,1,1
https://www.kirklees.gov.uk/binManagement/Grey/20260127/DG02TUE,Bin round reminder,01/26/2026 02:30 PM GMT,pagewatcher@govdelivery.com,1,1
http://www.kirklees.gov.uk/beta/information-and-data/pdf/privacy-notice-comms-and-marketing.pdf,Bin round reminder,01/26/2026 02:30 PM GMT,pagewatcher@govdelivery.com,1,1
https://www.kirklees.gov.uk/binManagement/Green/20260120/RG09TUE,Bin round reminder,01/19/2026 03:30 PM GMT,pagewatcher@govdelivery.com,1,1
https://public.govdelivery.com/accounts/UKKIRKLEES/subscriber/edit?preferences=true#tab1,Bin round reminder,01/13/2026 04:10 PM GMT,pagewatcher@govdelivery.com,1,1
https://www.kirklees.gov.uk/beta/your-property-bins-recycling/recycling-items.aspx,Bin round reminder,01/13/2026 04:10 PM GMT,pagewatcher@govdelivery.com,1,1
https://subscriberhelp.govdelivery.com/hc/en-us,Bin round reminder,01/21/2026 03:50 PM GMT,pagewatcher@govdelivery.com,1,1
https://twitter.com/KirkleesCouncil,Bin round reminder,01/21/2026 03:50 PM GMT,pagewatcher@govdelivery.com,1,1
https://www.facebook.com/liveinkirklees,Bin round reminder,01/21/2026 03:50 PM GMT,pagewatcher@govdelivery.com,1,1
http://www.kirklees.gov.uk/beta/information-and-data/pdf/privacy-notice-comms-and-marketing.pdf,Bin round reminder,01/21/2026 03:50 PM GMT,pagewatcher@govdelivery.com,1,1
https://www.kirklees.gov.uk/beta/your-property-bins-recycling/recycling-items.aspx,Bin round reminder,01/21/2026 03:50 PM GMT,pagewatcher@govdelivery.com,1,1
http://www.kirklees.gov.uk/reminder,Bin round reminder,01/21/2026 03:50 PM GMT,pagewatcher@govdelivery.com,1,1
https://www.instagram.com/kirklees.council,Bin round reminder,01/21/2026 03:50 PM GMT,pagewatcher@govdelivery.com,1,1
https://www.youtube.com/user/KirkleesVideos,Bin round reminder,01/21/2026 03:50 PM GMT,pagewatcher@govdelivery.com,1,1
http://www.govdelivery.com/portals/powered-by,Bin round reminder,01/21/2026 03:50 PM GMT,pagewatcher@govdelivery.com,1,1
https://www.kirklees.gov.uk/binManagement/Grey/20260122/DG15THU,Bin round reminder,01/21/2026 03:50 PM GMT,pagewatcher@govdelivery.com,1,1
https://www.kirklees.gov.uk/beta/your-property-bins-recycling/recycling-items.aspx,Bin round reminder,01/27/2026 04:10 PM GMT,pagewatcher@govdelivery.com,1,1
https://subscriberhelp.govdelivery.com/hc/en-us,Work Placements | Events | Scams,01/13/2026 12:00 PM GMT,Charlotte.Longton@kirklees.gov.uk,1,1
https://public.govdelivery.com/accounts/UKKIRKLEES/subscriber/edit?preferences=true#tab1,Bin round reminder,01/14/2026 01:00 PM GMT,pagewatcher@govdelivery.com,1,1
https://public.govdelivery.com/accounts/UKKIRKLEES/subscriber/edit?preferences=true#tab1,Bin round reminder,01/12/2026 04:10 PM GMT,pagewatcher@govdelivery.com,1,1
https://www.kirklees.gov.uk/beta/your-property-bins-recycling/recycling-items.aspx,Bin round reminder,01/04/2026 01:00 PM GMT,pagewatcher@govdelivery.com,1,1
https://www.kirklees.gov.uk/binManagement/Grey/20260112/DG02MON,Bin round reminder,01/11/2026 04:00 PM GMT,pagewatcher@govdelivery.com,1,1
https://public.govdelivery.com/accounts/UKKIRKLEES/subscriber/edit?preferences=true#tab1,Bin round reminder,01/13/2026 02:20 PM GMT,pagewatcher@govdelivery.com,1,1
https://www.kirklees.gov.uk/beta/your-property-bins-recycling/recycling-items.aspx,Bin round reminder,01/13/2026 02:20 PM GMT,pagewatcher@govdelivery.com,1,1
https://www.kirklees.gov.uk/binManagement/Grey/20260114/DG03WED,Bin round reminder,01/13/2026 02:20 PM GMT,pagewatcher@govdelivery.com,1,1
http://www.kirklees.gov.uk/beta/information-and-data/pdf/privacy-notice-comms-and-marketing.pdf,Bin round reminder,01/12/2026 03:50 PM GMT,pagewatcher@govdelivery.com,1,1
https://www.kirklees.gov.uk/binManagement/Grey/20260119/DG16MON,Bin round reminder,01/18/2026 03:30 PM GMT,pagewatcher@govdelivery.com,1,1
https://www.kirklees.gov.uk/binManagement/Grey/20260120/DG15TUE,Bin round reminder,01/19/2026 03:10 PM GMT,pagewatcher@govdelivery.com,1,1
https://www.kirklees.gov.uk/binManagement/Green/20260112/RG14MON,Bin round reminder,01/11/2026 01:00 PM GMT,pagewatcher@govdelivery.com,1,1
https://www.kirklees.gov.uk/binManagement/Grey/20260114/DG06WED,Bin round reminder,01/13/2026 02:10 PM GMT,pagewatcher@govdelivery.com,1,1
https://www.kirklees.gov.uk/binManagement/Grey/20260115/DG08THU,Bin round reminder,01/14/2026 03:00 PM GMT,pagewatcher@govdelivery.com,1,1
https://public.govdelivery.com/accounts/UKKIRKLEES/subscriber/edit?preferences=true#tab1,Bin round reminder,01/13/2026 03:10 PM GMT,pagewatcher@govdelivery.com,1,1
https://www.kirklees.gov.uk/binManagement/Green/20260114/RG12WED,Bin round reminder,01/13/2026 03:10 PM GMT,pagewatcher@govdelivery.com,1,1
https://www.kirklees.gov.uk/beta/your-property-bins-recycling/recycling-items.aspx,Bin round reminder,01/05/2026 03:20 PM GMT,pagewatcher@govdelivery.com,1,1
https://www.kirklees.gov.uk/beta/your-property-bins-recycling/recycling-items.aspx,Bin round reminder,01/07/2026 03:40 PM GMT,pagewatcher@govdelivery.com,1,1
https://www.kirklees.gov.uk/beta/your-property-bins-recycling/recycling-items.aspx,Bin round reminder,01/06/2026 12:00 AM GMT,pagewatcher@govdelivery.com,1,1
https://public.govdelivery.com/accounts/UKKIRKLEES/subscriber/edit?preferences=true#tab1,Bin round reminder,01/06/2026 12:00 AM GMT,pagewatcher@govdelivery.com,1,1
https://www.kirklees.gov.uk/beta/your-property-bins-recycling/recycling-items.aspx,Bin round reminder,01/07/2026 04:00 PM GMT,pagewatcher@govdelivery.com,1,1
https://www.kirklees.gov.uk/beta/your-property-bins-recycling/recycling-items.aspx,Bin round reminder,01/11/2026 02:30 PM GMT,pagewatcher@govdelivery.com,1,1
https://subscriberhelp.govdelivery.com/hc/en-us,Bin round reminder,01/14/2026 01:00 PM GMT,pagewatcher@govdelivery.com,1,1
https://www.instagram.com/kirklees.council,Bin round reminder,01/11/2026 04:20 PM GMT,pagewatcher@govdelivery.com,1,1
https://subscriberhelp.govdelivery.com/hc/en-us,Bin round reminder,01/11/2026 04:20 PM GMT,pagewatcher@govdelivery.com,1,1
https://public.govdelivery.com/accounts/UKKIRKLEES/subscriber/topics?qsp=UKKIRKLEES_7,Bin round reminder,01/11/2026 04:20 PM GMT,pagewatcher@govdelivery.com,1,1
https://www.facebook.com/liveinkirklees,Bin round reminder,01/11/2026 04:20 PM GMT,pagewatcher@govdelivery.com,1,1
https://public.govdelivery.com/accounts/UKKIRKLEES/subscriber/edit?preferences=true#tab1,Bin round reminder,01/11/2026 04:20 PM GMT,pagewatcher@govdelivery.com,1,1
https://www.kirklees.gov.uk/binManagement/Green/20260112/R33MON,Bin round reminder,01/11/2026 04:20 PM GMT,pagewatcher@govdelivery.com,1,1
https://www.kirklees.gov.uk/beta/your-property-bins-recycling/recycling-items.aspx,Bin round reminder,01/11/2026 04:20 PM GMT,pagewatcher@govdelivery.com,1,1
https://www.kirklees.gov.uk/beta/your-property-bins-recycling/recycling-items.aspx,Bin round reminder,01/05/2026 03:30 PM GMT,pagewatcher@govdelivery.com,1,1
https://www.instagram.com/kirklees.council,Bin round reminder,01/13/2026 02:50 PM GMT,pagewatcher@govdelivery.com,1,1
https://twitter.com/KirkleesCouncil,Bin round reminder,01/13/2026 02:50 PM GMT,pagewatcher@govdelivery.com,1,1
https://www.kirklees.gov.uk/binManagement/Grey/20260114/DG02WED,Bin round reminder,01/13/2026 02:50 PM GMT,pagewatcher@govdelivery.com,1,1
https://www.facebook.com/liveinkirklees,Bin round reminder,01/13/2026 02:50 PM GMT,pagewatcher@govdelivery.com,1,1
https://www.kirklees.gov.uk/binManagement/Grey/20260105/D34MON,Bin round reminder,01/04/2026 01:00 PM GMT,pagewatcher@govdelivery.com,1,1
https://subscriberhelp.govdelivery.com/hc/en-us,Bin round reminder,01/05/2026 02:30 PM GMT,pagewatcher@govdelivery.com,1,1
https://www.facebook.com/liveinkirklees,Bin round reminder,01/05/2026 02:30 PM GMT,pagewatcher@govdelivery.com,1,1
https://twitter.com/KirkleesCouncil,Bin round reminder,01/05/2026 02:30 PM GMT,pagewatcher@govdelivery.com,1,1
http://www.kirklees.gov.uk/reminder,Bin round reminder,01/05/2026 02:30 PM GMT,pagewatcher@govdelivery.com,1,1
http://www.kirklees.gov.uk/beta/information-and-data/pdf/privacy-notice-comms-and-marketing.pdf,Bin round reminder,01/05/2026 02:30 PM GMT,pagewatcher@govdelivery.com,1,1
https://www.youtube.com/user/KirkleesVideos,Bin round reminder,01/05/2026 02:30 PM GMT,pagewatcher@govdelivery.com,1,1
http://www.govdelivery.com/portals/powered-by,Bin round reminder,01/05/2026 02:30 PM GMT,pagewatcher@govdelivery.com,1,1
https://www.instagram.com/kirklees.council,Bin round reminder,01/05/2026 02:30 PM GMT,pagewatcher@govdelivery.com,1,1
https://public.govdelivery.com/accounts/UKKIRKLEES/subscriber/topics?qsp=UKKIRKLEES_7,Bin round reminder,01/05/2026 02:30 PM GMT,pagewatcher@govdelivery.com,1,1
https://www.instagram.com/kirklees.council,Bin round reminder,01/04/2026 02:10 PM GMT,pagewatcher@govdelivery.com,1,1
https://subscriberhelp.govdelivery.com/hc/en-us,Bin round reminder,01/04/2026 02:10 PM GMT,pagewatcher@govdelivery.com,1,1
http://www.govdelivery.com/portals/powered-by,Bin round reminder,01/04/2026 02:10 PM GMT,pagewatcher@govdelivery.com,1,1
http://www.kirklees.gov.uk/beta/information-and-data/pdf/privacy-notice-comms-and-marketing.pdf,Bin round reminder,01/04/2026 02:10 PM GMT,pagewatcher@govdelivery.com,1,1
https://www.kirklees.gov.uk/beta/your-property-bins-recycling/recycling-items.aspx,Bin round reminder,01/04/2026 02:10 PM GMT,pagewatcher@govdelivery.com,1,1
https://www.youtube.com/user/KirkleesVideos,Bin round reminder,01/04/2026 02:10 PM GMT,pagewatcher@govdelivery.com,1,1
https://twitter.com/KirkleesCouncil,Bin round reminder,01/04/2026 02:10 PM GMT,pagewatcher@govdelivery.com,1,1
https://public.govdelivery.com/accounts/UKKIRKLEES/subscriber/topics?qsp=UKKIRKLEES_7,Bin round reminder,01/04/2026 02:10 PM GMT,pagewatcher@govdelivery.com,1,1
https://www.kirklees.gov.uk/binManagement/Grey/20260120/D33TUE,Bin round reminder,01/19/2026 03:40 PM GMT,pagewatcher@govdelivery.com,1,1
https://subscriberhelp.govdelivery.com/hc/en-us,Bin round reminder,01/19/2026 03:40 PM GMT,pagewatcher@govdelivery.com,1,1
http://www.govdelivery.com/portals/powered-by,Bin round reminder,01/19/2026 03:40 PM GMT,pagewatcher@govdelivery.com,1,1
http://www.kirklees.gov.uk/beta/information-and-data/pdf/privacy-notice-comms-and-marketing.pdf,Bin round reminder,01/19/2026 03:40 PM GMT,pagewatcher@govdelivery.com,1,1
https://www.youtube.com/user/KirkleesVideos,Bin round reminder,01/19/2026 03:40 PM GMT,pagewatcher@govdelivery.com,1,1
https://www.instagram.com/kirklees.council,Bin round reminder,01/19/2026 03:40 PM GMT,pagewatcher@govdelivery.com,1,1
https://www.kirklees.gov.uk/binManagement/Grey/20260127/DG03TUE,Bin round reminder,01/26/2026 02:20 PM GMT,pagewatcher@govdelivery.com,1,1
https://www.kirklees.gov.uk/binManagement/Grey/20260121/DG12WED,Bin round reminder,01/20/2026 02:40 PM GMT,pagewatcher@govdelivery.com,1,1
https://www.kirklees.gov.uk/binManagement/Green/20260129/RG17THU,Bin round reminder,01/28/2026 04:00 PM GMT,pagewatcher@govdelivery.com,1,1
https://www.kirklees.gov.uk/binManagement/Green/20260120/RG03TUE,Bin round reminder,01/19/2026 02:30 PM GMT,pagewatcher@govdelivery.com,1,1
https://www.kirklees.gov.uk/binManagement/Green/20260128/RG11WED,Bin round reminder,01/27/2026 03:20 PM GMT,pagewatcher@govdelivery.com,1,1
http://www.kirklees.gov.uk/reminder,Bin round reminder,01/25/2026 04:20 PM GMT,pagewatcher@govdelivery.com,1,1
https://subscriberhelp.govdelivery.com/hc/en-us,Bin round reminder,01/25/2026 04:20 PM GMT,pagewatcher@govdelivery.com,1,1
https://www.youtube.com/user/KirkleesVideos,Bin round reminder,01/25/2026 04:20 PM GMT,pagewatcher@govdelivery.com,1,1
https://www.instagram.com/kirklees.council,Bin round reminder,01/25/2026 04:20 PM GMT,pagewatcher@govdelivery.com,1,1
http://www.govdelivery.com/portals/powered-by,Bin round reminder,01/25/2026 04:20 PM GMT,pagewatcher@govdelivery.com,1,1
https://www.facebook.com/liveinkirklees,Bin round reminder,01/25/2026 04:20 PM GMT,pagewatcher@govdelivery.com,1,1
https://www.kirklees.gov.uk/binManagement/Green/20260126/R33MON,Bin round reminder,01/25/2026 04:20 PM GMT,pagewatcher@govdelivery.com,1,1
http://www.kirklees.gov.uk/beta/information-and-data/pdf/privacy-notice-comms-and-marketing.pdf,Bin round reminder,01/25/2026 04:20 PM GMT,pagewatcher@govdelivery.com,1,1
https://www.kirklees.gov.uk/beta/your-property-bins-recycling/recycling-items.aspx,Bin round reminder,01/25/2026 04:20 PM GMT,pagewatcher@govdelivery.com,1,1
https://public.govdelivery.com/accounts/UKKIRKLEES/subscriber/topics?qsp=UKKIRKLEES_7,Bin round reminder,01/25/2026 04:20 PM GMT,pagewatcher@govdelivery.com,1,1
https://twitter.com/KirkleesCouncil,Bin round reminder,01/25/2026 04:20 PM GMT,pagewatcher@govdelivery.com,1,1
https://twitter.com/KirkleesCouncil,Bin round reminder,01/21/2026 02:40 PM GMT,pagewatcher@govdelivery.com,1,1
https://public.govdelivery.com/accounts/UKKIRKLEES/subscriber/topics?qsp=UKKIRKLEES_7,Bin round reminder,01/21/2026 02:40 PM GMT,pagewatcher@govdelivery.com,1,1
http://www.kirklees.gov.uk/reminder,Bin round reminder,01/21/2026 02:40 PM GMT,pagewatcher@govdelivery.com,1,1
http://www.govdelivery.com/portals/powered-by,Bin round reminder,01/21/2026 02:40 PM GMT,pagewatcher@govdelivery.com,1,1
http://www.kirklees.gov.uk/beta/information-and-data/pdf/privacy-notice-comms-and-marketing.pdf,Bin round reminder,01/21/2026 02:40 PM GMT,pagewatcher@govdelivery.com,1,1
https://www.youtube.com/user/KirkleesVideos,Bin round reminder,01/21/2026 02:40 PM GMT,pagewatcher@govdelivery.com,1,1
https://www.facebook.com/liveinkirklees,Bin round reminder,01/21/2026 02:40 PM GMT,pagewatcher@govdelivery.com,1,1
https://subscriberhelp.govdelivery.com/hc/en-us,Bin round reminder,01/21/2026 02:40 PM GMT,pagewatcher@govdelivery.com,1,1
https://www.kirklees.gov.uk/binManagement/Green/20260122/RG06THU,Bin round reminder,01/21/2026 02:40 PM GMT,pagewatcher@govdelivery.com,1,1
https://www.instagram.com/kirklees.council,Bin round reminder,01/21/2026 02:40 PM GMT,pagewatcher@govdelivery.com,1,1
https://www.kirklees.gov.uk/binManagement/Grey/20260113/DG03TUE,Bin round reminder,01/12/2026 02:20 PM GMT,pagewatcher@govdelivery.com,1,1
https://www.facebook.com/liveinkirklees,Bin round reminder,01/12/2026 02:20 PM GMT,pagewatcher@govdelivery.com,1,1
http://www.kirklees.gov.uk/beta/information-and-data/pdf/privacy-notice-comms-and-marketing.pdf,Bin round reminder,01/12/2026 02:20 PM GMT,pagewatcher@govdelivery.com,1,1
https://www.instagram.com/kirklees.council,Bin round reminder,01/12/2026 02:20 PM GMT,pagewatcher@govdelivery.com,1,1
https://www.youtube.com/user/KirkleesVideos,Bin round reminder,01/12/2026 02:20 PM GMT,pagewatcher@govdelivery.com,1,1
https://subscriberhelp.govdelivery.com/hc/en-us,Bin round reminder,01/12/2026 02:20 PM GMT,pagewatcher@govdelivery.com,1,1
http://www.kirklees.gov.uk/reminder,Bin round reminder,01/12/2026 02:20 PM GMT,pagewatcher@govdelivery.com,1,1
https://www.kirklees.gov.uk/beta/your-property-bins-recycling/recycling-items.aspx,Bin round reminder,01/12/2026 02:20 PM GMT,pagewatcher@govdelivery.com,1,1
http://www.govdelivery.com/portals/powered-by,Bin round reminder,01/12/2026 02:20 PM GMT,pagewatcher@govdelivery.com,1,1
https://twitter.com/KirkleesCouncil,Bin round reminder,01/12/2026 02:20 PM GMT,pagewatcher@govdelivery.com,1,1
https://www.kirklees.gov.uk/binManagement/Green/20260127/RG15TUE,Bin round reminder,01/26/2026 03:20 PM GMT,pagewatcher@govdelivery.com,1,1
https://public.govdelivery.com/accounts/UKKIRKLEES/subscriber/edit?preferences=true#tab1,Bin round reminder,01/26/2026 03:00 PM GMT,pagewatcher@govdelivery.com,1,1
https://subscriberhelp.govdelivery.com/hc/en-us,Bin round reminder,01/07/2026 02:30 PM GMT,pagewatcher@govdelivery.com,1,1
https://public.govdelivery.com/accounts/UKKIRKLEES/subscriber/edit?preferences=true#tab1,Bin round reminder,01/07/2026 02:30 PM GMT,pagewatcher@govdelivery.com,1,1
http://www.kirklees.gov.uk/beta/information-and-data/pdf/privacy-notice-comms-and-marketing.pdf,Bin round reminder,01/26/2026 03:50 PM GMT,pagewatcher@govdelivery.com,1,1
https://www.kirklees.gov.uk/binManagement/Grey/20260107/D30WED,Bin round reminder,01/06/2026 04:10 PM GMT,pagewatcher@govdelivery.com,1,1
https://www.kirklees.gov.uk/binManagement/Grey/20260113/D37TUE,Bin round reminder,01/12/2026 04:00 PM GMT,pagewatcher@govdelivery.com,1,1
https://www.kirklees.gov.uk/binManagement/Green/20260105/R37MON,Bin round reminder,01/04/2026 03:20 PM GMT,pagewatcher@govdelivery.com,1,1
https://www.instagram.com/kirklees.council,Bin round reminder,01/20/2026 01:00 PM GMT,pagewatcher@govdelivery.com,1,1
https://www.facebook.com/liveinkirklees,Bin round reminder,01/20/2026 01:00 PM GMT,pagewatcher@govdelivery.com,1,1
https://www.kirklees.gov.uk/binManagement/Green/20260121/RG02WED,Bin round reminder,01/20/2026 01:00 PM GMT,pagewatcher@govdelivery.com,1,1
https://public.govdelivery.com/accounts/UKKIRKLEES/subscriber/topics?qsp=UKKIRKLEES_7,Bin round reminder,01/20/2026 01:00 PM GMT,pagewatcher@govdelivery.com,1,1
https://www.kirklees.gov.uk/binManagement/Green/20260105/RG08MON,Bin round reminder,01/04/2026 03:20 PM GMT,pagewatcher@govdelivery.com,1,1
https://www.kirklees.gov.uk/beta/your-property-bins-recycling/recycling-items.aspx,Bin round reminder,01/04/2026 03:20 PM GMT,pagewatcher@govdelivery.com,1,1
http://www.kirklees.gov.uk/beta/information-and-data/pdf/privacy-notice-comms-and-marketing.pdf,Bin round reminder,01/20/2026 03:00 PM GMT,pagewatcher@govdelivery.com,1,1
https://www.kirklees.gov.uk/binManagement/Green/20260121/RG01WED,Bin round reminder,01/20/2026 03:00 PM GMT,pagewatcher@govdelivery.com,1,1
http://www.kirklees.gov.uk/reminder,Bin round reminder,01/20/2026 03:00 PM GMT,pagewatcher@govdelivery.com,1,1
https://public.govdelivery.com/accounts/UKKIRKLEES/subscriber/edit?preferences=true#tab1,Bin round reminder,01/20/2026 03:00 PM GMT,pagewatcher@govdelivery.com,1,1
https://www.kirklees.gov.uk/binManagement/Grey/20260108/DG10THU,Bin round reminder,01/07/2026 02:50 PM GMT,pagewatcher@govdelivery.com,1,1
https://www.instagram.com/kirklees.council,Bin round reminder,01/18/2026 03:00 PM GMT,pagewatcher@govdelivery.com,1,1
https://twitter.com/KirkleesCouncil,Bin round reminder,01/18/2026 03:00 PM GMT,pagewatcher@govdelivery.com,1,1
https://www.kirklees.gov.uk/binManagement/Grey/20260119/D33MON,Bin round reminder,01/18/2026 03:00 PM GMT,pagewatcher@govdelivery.com,1,1
https://www.kirklees.gov.uk/beta/your-property-bins-recycling/recycling-items.aspx,Bin round reminder,01/18/2026 03:00 PM GMT,pagewatcher@govdelivery.com,1,1
https://www.facebook.com/liveinkirklees,Bin round reminder,01/18/2026 03:00 PM GMT,pagewatcher@govdelivery.com,1,1
https://www.kirklees.gov.uk/beta/your-property-bins-recycling/recycling-items.aspx,Bin round reminder,01/12/2026 04:00 PM GMT,pagewatcher@govdelivery.com,1,1
https://www.kirklees.gov.uk/beta/your-property-bins-recycling/recycling-items.aspx,Bin round reminder,01/28/2026 04:10 PM GMT,pagewatcher@govdelivery.com,1,1
https://public.govdelivery.com/accounts/UKKIRKLEES/subscriber/topics?qsp=UKKIRKLEES_7,Bin round reminder,01/27/2026 04:10 PM GMT,pagewatcher@govdelivery.com,1,1
https://www.kirklees.gov.uk/beta/your-property-bins-recycling/recycling-items.aspx,Bin round reminder,01/27/2026 04:10 PM GMT,pagewatcher@govdelivery.com,1,1
https://www.kirklees.gov.uk/binManagement/Green/20260128/RG16WED,Bin round reminder,01/27/2026 03:00 PM GMT,pagewatcher@govdelivery.com,1,1
https://www.kirklees.gov.uk/binManagement/Green/20260128/RG12WED,Bin round reminder,01/27/2026 03:10 PM GMT,pagewatcher@govdelivery.com,1,1
http://www.govdelivery.com/portals/powered-by,Bin round reminder,01/06/2026 01:00 PM GMT,pagewatcher@govdelivery.com,1,1
https://www.kirklees.gov.uk/beta/your-property-bins-recycling/recycling-items.aspx,Bin round reminder,01/06/2026 01:00 PM GMT,pagewatcher@govdelivery.com,1,1
https://www.youtube.com/user/KirkleesVideos,Bin round reminder,01/06/2026 01:00 PM GMT,pagewatcher@govdelivery.com,1,1
https://www.facebook.com/liveinkirklees,Bin round reminder,01/06/2026 01:00 PM GMT,pagewatcher@govdelivery.com,1,1
https://subscriberhelp.govdelivery.com/hc/en-us,Bin round reminder,01/06/2026 01:00 PM GMT,pagewatcher@govdelivery.com,1,1
https://www.instagram.com/kirklees.council,Bin round reminder,01/06/2026 01:00 PM GMT,pagewatcher@govdelivery.com,1,1
https://twitter.com/KirkleesCouncil,Bin round reminder,01/06/2026 01:00 PM GMT,pagewatcher@govdelivery.com,1,1
http://www.kirklees.gov.uk/beta/information-and-data/pdf/privacy-notice-comms-and-marketing.pdf,Bin round reminder,01/06/2026 01:00 PM GMT,pagewatcher@govdelivery.com,1,1
http://www.kirklees.gov.uk/reminder,Bin round reminder,01/06/2026 01:00 PM GMT,pagewatcher@govdelivery.com,1,1
https://www.facebook.com/liveinkirklees,Bin round reminder,01/06/2026 02:30 PM GMT,pagewatcher@govdelivery.com,1,1
https://www.kirklees.gov.uk/binManagement/Green/20260107/R35WED,Bin round reminder,01/06/2026 02:30 PM GMT,pagewatcher@govdelivery.com,1,1
https://public.govdelivery.com/accounts/UKKIRKLEES/subscriber/topics?qsp=UKKIRKLEES_7,Bin round reminder,01/14/2026 03:30 PM GMT,pagewatcher@govdelivery.com,1,1
http://www.govdelivery.com/portals/powered-by,Bin round reminder,01/26/2026 02:40 PM GMT,pagewatcher@govdelivery.com,1,1
http://www.kirklees.gov.uk/beta/information-and-data/pdf/privacy-notice-comms-and-marketing.pdf,Bin round reminder,01/26/2026 02:40 PM GMT,pagewatcher@govdelivery.com,1,1
https://www.kirklees.gov.uk/beta/your-property-bins-recycling/recycling-items.aspx,Bin round reminder,01/06/2026 03:50 PM GMT,pagewatcher@govdelivery.com,1,1
https://public.govdelivery.com/accounts/UKKIRKLEES/subscriber/edit?preferences=true#tab1,Bin round reminder,01/06/2026 03:50 PM GMT,pagewatcher@govdelivery.com,1,1
https://www.facebook.com/liveinkirklees,Bin round reminder,01/21/2026 02:50 PM GMT,pagewatcher@govdelivery.com,1,1
https://www.kirklees.gov.uk/binManagement/Green/20260122/RG07THU,Bin round reminder,01/21/2026 02:30 PM GMT,pagewatcher@govdelivery.com,1,1
https://public.govdelivery.com/accounts/UKKIRKLEES/subscriber/edit?preferences=true#tab1,Bin round reminder,01/21/2026 02:30 PM GMT,pagewatcher@govdelivery.com,1,1
https://public.govdelivery.com/accounts/UKKIRKLEES/subscriber/edit?preferences=true#tab1,Bin round reminder,01/27/2026 03:40 PM GMT,pagewatcher@govdelivery.com,1,1
https://www.kirklees.gov.uk/beta/your-property-bins-recycling/recycling-items.aspx,Bin round reminder,01/20/2026 03:20 PM GMT,pagewatcher@govdelivery.com,1,1
https://public.govdelivery.com/accounts/UKKIRKLEES/subscriber/edit?preferences=true#tab1,Bin round reminder,01/20/2026 03:20 PM GMT,pagewatcher@govdelivery.com,1,1
https://twitter.com/KirkleesCouncil,Bin round reminder,01/19/2026 03:40 PM GMT,pagewatcher@govdelivery.com,1,1
https://www.facebook.com/liveinkirklees,Bin round reminder,01/19/2026 03:40 PM GMT,pagewatcher@govdelivery.com,1,1
https://www.kirklees.gov.uk/beta/your-property-bins-recycling/recycling-items.aspx,Bin round reminder,01/19/2026 03:40 PM GMT,pagewatcher@govdelivery.com,1,1
http://www.kirklees.gov.uk/reminder,Bin round reminder,01/19/2026 03:40 PM GMT,pagewatcher@govdelivery.com,1,1
https://twitter.com/KirkleesCouncil,Bin round reminder,01/28/2026 02:20 PM GMT,pagewatcher@govdelivery.com,1,1
http://www.kirklees.gov.uk/beta/information-and-data/pdf/privacy-notice-comms-and-marketing.pdf,Bin round reminder,01/28/2026 02:20 PM GMT,pagewatcher@govdelivery.com,1,1
https://www.facebook.com/liveinkirklees,Bin round reminder,01/28/2026 02:20 PM GMT,pagewatcher@govdelivery.com,1,1
https://www.instagram.com/kirklees.council,Bin round reminder,01/28/2026 02:20 PM GMT,pagewatcher@govdelivery.com,1,1
http://www.govdelivery.com/portals/powered-by,Bin round reminder,01/28/2026 02:20 PM GMT,pagewatcher@govdelivery.com,1,1
https://www.kirklees.gov.uk/beta/your-property-bins-recycling/recycling-items.aspx,Bin round reminder,01/28/2026 02:20 PM GMT,pagewatcher@govdelivery.com,1,1
https://www.kirklees.gov.uk/beta/your-property-bins-recycling/recycling-items.aspx,Bin round reminder,01/27/2026 04:20 PM GMT,pagewatcher@govdelivery.com,1,1
https://public.govdelivery.com/accounts/UKKIRKLEES/subscriber/edit?preferences=true#tab1,Bin round reminder,01/27/2026 04:20 PM GMT,pagewatcher@govdelivery.com,1,1
https://www.facebook.com/liveinkirklees,Bin round reminder,01/20/2026 01:00 PM GMT,pagewatcher@govdelivery.com,1,1
http://www.kirklees.gov.uk/reminder,Bin round reminder,01/20/2026 01:00 PM GMT,pagewatcher@govdelivery.com,1,1
http://www.govdelivery.com/portals/powered-by,Bin round reminder,01/20/2026 01:00 PM GMT,pagewatcher@govdelivery.com,1,1
https://www.instagram.com/kirklees.council,Bin round reminder,01/20/2026 01:00 PM GMT,pagewatcher@govdelivery.com,1,1
https://www.kirklees.gov.uk/beta/your-property-bins-recycling/recycling-items.aspx,Bin round reminder,01/20/2026 01:00 PM GMT,pagewatcher@govdelivery.com,1,1
http://www.kirklees.gov.uk/beta/information-and-data/pdf/privacy-notice-comms-and-marketing.pdf,Bin round reminder,01/20/2026 01:00 PM GMT,pagewatcher@govdelivery.com,1,1
https://twitter.com/KirkleesCouncil,Bin round reminder,01/20/2026 01:00 PM GMT,pagewatcher@govdelivery.com,1,1
https://www.youtube.com/user/KirkleesVideos,Bin round reminder,01/20/2026 01:00 PM GMT,pagewatcher@govdelivery.com,1,1
https://subscriberhelp.govdelivery.com/hc/en-us,Bin round reminder,01/20/2026 01:00 PM GMT,pagewatcher@govdelivery.com,1,1
http://www.kirklees.gov.uk/beta/information-and-data/pdf/privacy-notice-comms-and-marketing.pdf,Bin round reminder,01/25/2026 03:30 PM GMT,pagewatcher@govdelivery.com,1,1
https://www.kirklees.gov.uk/binManagement/Green/20260122/RG09THU,Bin round reminder,01/21/2026 03:00 PM GMT,pagewatcher@govdelivery.com,1,1
https://public.govdelivery.com/accounts/UKKIRKLEES/subscriber/edit?preferences=true#tab1,Bin round reminder,01/18/2026 02:10 PM GMT,pagewatcher@govdelivery.com,1,1
https://www.kirklees.gov.uk/binManagement/Green/20260119/RG04MON,Bin round reminder,01/18/2026 02:10 PM GMT,pagewatcher@govdelivery.com,1,1
https://public.govdelivery.com/accounts/UKKIRKLEES/subscriber/edit?preferences=true#tab1,Bin round reminder,01/07/2026 03:20 PM GMT,pagewatcher@govdelivery.com,1,1
https://public.govdelivery.com/accounts/UKKIRKLEES/subscriber/edit?preferences=true#tab1,Bin round reminder,01/14/2026 02:50 PM GMT,pagewatcher@govdelivery.com,1,1
https://www.kirklees.gov.uk/binManagement/Grey/20260115/DG04THU,Bin round reminder,01/14/2026 03:10 PM GMT,pagewatcher@govdelivery.com,1,1
http://www.kirklees.gov.uk/beta/information-and-data/pdf/privacy-notice-comms-and-marketing.pdf,Bin round reminder,01/14/2026 03:10 PM GMT,pagewatcher@govdelivery.com,1,1
https://www.facebook.com/liveinkirklees,Bin round reminder,01/14/2026 03:10 PM GMT,pagewatcher@govdelivery.com,1,1
https://subscriberhelp.govdelivery.com/hc/en-us,Bin round reminder,01/14/2026 03:10 PM GMT,pagewatcher@govdelivery.com,1,1
http://www.govdelivery.com/portals/powered-by,Bin round reminder,01/14/2026 03:10 PM GMT,pagewatcher@govdelivery.com,1,1
https://www.instagram.com/kirklees.council,Bin round reminder,01/14/2026 03:10 PM GMT,pagewatcher@govdelivery.com,1,1
https://www.youtube.com/user/KirkleesVideos,Bin round reminder,01/14/2026 03:10 PM GMT,pagewatcher@govdelivery.com,1,1
http://www.kirklees.gov.uk/reminder,Bin round reminder,01/14/2026 03:10 PM GMT,pagewatcher@govdelivery.com,1,1
https://twitter.com/KirkleesCouncil,Bin round reminder,01/14/2026 03:10 PM GMT,pagewatcher@govdelivery.com,1,1
https://www.kirklees.gov.uk/beta/your-property-bins-recycling/recycling-items.aspx,Bin round reminder,01/14/2026 03:10 PM GMT,pagewatcher@govdelivery.com,1,1
https://www.kirklees.gov.uk/beta/your-property-bins-recycling/recycling-items.aspx,Bin round reminder,01/13/2026 03:00 PM GMT,pagewatcher@govdelivery.com,1,1
https://public.govdelivery.com/accounts/UKKIRKLEES/subscriber/topics?qsp=UKKIRKLEES_7,Bin round reminder,01/13/2026 03:00 PM GMT,pagewatcher@govdelivery.com,1,1
http://www.kirklees.gov.uk/reminder,Bin round reminder,01/13/2026 03:00 PM GMT,pagewatcher@govdelivery.com,1,1
https://www.youtube.com/user/KirkleesVideos,Bin round reminder,01/13/2026 03:00 PM GMT,pagewatcher@govdelivery.com,1,1
https://www.facebook.com/liveinkirklees,Bin round reminder,01/13/2026 03:00 PM GMT,pagewatcher@govdelivery.com,1,1
https://www.instagram.com/kirklees.council,Bin round reminder,01/13/2026 03:00 PM GMT,pagewatcher@govdelivery.com,1,1
http://www.govdelivery.com/portals/powered-by,Bin round reminder,01/13/2026 03:00 PM GMT,pagewatcher@govdelivery.com,1,1
http://www.kirklees.gov.uk/beta/information-and-data/pdf/privacy-notice-comms-and-marketing.pdf,Bin round reminder,01/13/2026 03:00 PM GMT,pagewatcher@govdelivery.com,1,1
https://twitter.com/KirkleesCouncil,Bin round reminder,01/13/2026 03:00 PM GMT,pagewatcher@govdelivery.com,1,1
https://subscriberhelp.govdelivery.com/hc/en-us,Bin round reminder,01/13/2026 03:00 PM GMT,pagewatcher@govdelivery.com,1,1
https://www.kirklees.gov.uk/beta/your-property-bins-recycling/recycling-items.aspx,Bin round reminder,01/05/2026 04:10 PM GMT,pagewatcher@govdelivery.com,1,1
https://public.govdelivery.com/accounts/UKKIRKLEES/subscriber/edit?preferences=true#tab1,Bin round reminder,01/26/2026 03:10 PM GMT,pagewatcher@govdelivery.com,1,1
https://www.kirklees.gov.uk/binManagement/Green/20260127/RG16TUE,Bin round reminder,01/26/2026 03:10 PM GMT,pagewatcher@govdelivery.com,1,1
https://www.kirklees.gov.uk/beta/your-property-bins-recycling/recycling-items.aspx,Bin round reminder,01/20/2026 01:00 PM GMT,pagewatcher@govdelivery.com,1,1
https://www.kirklees.gov.uk/binManagement/Grey/20260105/DG18MON,Bin round reminder,01/04/2026 12:00 AM GMT,pagewatcher@govdelivery.com,1,1
https://twitter.com/KirkleesCouncil,Read Kirklees January/February 2026,01/24/2026 01:57 PM GMT,leah.clark@kirklees.gov.uk,1,1
https://public.govdelivery.com/accounts/UKKIRKLEES/subscriber/edit?preferences=true#tab1,Bin round reminder,01/27/2026 04:20 PM GMT,pagewatcher@govdelivery.com,1,1
https://twitter.com/KirkleesCouncil,Bin round reminder,01/11/2026 03:30 PM GMT,pagewatcher@govdelivery.com,1,1
https://subscriberhelp.govdelivery.com/hc/en-us,Bin round reminder,01/11/2026 03:30 PM GMT,pagewatcher@govdelivery.com,1,1
http://www.kirklees.gov.uk/beta/information-and-data/pdf/privacy-notice-comms-and-marketing.pdf,Bin round reminder,01/11/2026 03:30 PM GMT,pagewatcher@govdelivery.com,1,1
http://www.kirklees.gov.uk/reminder,Bin round reminder,01/11/2026 03:30 PM GMT,pagewatcher@govdelivery.com,1,1
https://www.youtube.com/user/KirkleesVideos,Bin round reminder,01/11/2026 03:30 PM GMT,pagewatcher@govdelivery.com,1,1
https://www.kirklees.gov.uk/beta/your-property-bins-recycling/recycling-items.aspx,Bin round reminder,01/11/2026 03:30 PM GMT,pagewatcher@govdelivery.com,1,1
https://www.instagram.com/kirklees.council,Bin round reminder,01/11/2026 03:30 PM GMT,pagewatcher@govdelivery.com,1,1
http://www.govdelivery.com/portals/powered-by,Bin round reminder,01/11/2026 03:30 PM GMT,pagewatcher@govdelivery.com,1,1
https://www.facebook.com/liveinkirklees,Bin round reminder,01/11/2026 03:30 PM GMT,pagewatcher@govdelivery.com,1,1
https://www.kirklees.gov.uk/beta/your-property-bins-recycling/recycling-items.aspx,Bin round reminder,01/11/2026 03:30 PM GMT,pagewatcher@govdelivery.com,1,1
https://public.govdelivery.com/accounts/UKKIRKLEES/subscriber/edit?preferences=true#tab1,Bin round reminder,01/11/2026 02:10 PM GMT,pagewatcher@govdelivery.com,1,1
https://www.kirklees.gov.uk/beta/your-property-bins-recycling/recycling-items.aspx,Bin round reminder,01/13/2026 03:40 PM GMT,pagewatcher@govdelivery.com,1,1
http://www.kirklees.gov.uk/beta/information-and-data/pdf/privacy-notice-comms-and-marketing.pdf,Staying Healthy Bulletin: Staying healthy in 2026 - Raising awareness and strengthening cancer support in Dewsbury - Men Walking & Talking - health and wellbeing event to mark World AIDS Day - CLiK Survey,01/09/2026 01:32 PM GMT,Vicky.Lawton@kirklees.gov.uk,1,1
https://public.govdelivery.com/accounts/UKKIRKLEES/subscriber/edit?preferences=true#tab1,Bin round reminder,01/19/2026 03:50 PM GMT,pagewatcher@govdelivery.com,1,1
https://www.kirklees.gov.uk/binManagement/Grey/20260121/DG17WED,Bin round reminder,01/20/2026 12:00 AM GMT,pagewatcher@govdelivery.com,1,1
https://www.kirklees.gov.uk/binManagement/Green/20260106/R37TUE,Bin round reminder,01/05/2026 04:20 PM GMT,pagewatcher@govdelivery.com,1,1
https://public.govdelivery.com/accounts/UKKIRKLEES/subscriber/edit?preferences=true#tab1,Bin round reminder,01/05/2026 04:20 PM GMT,pagewatcher@govdelivery.com,1,1
https://public.govdelivery.com/accounts/UKKIRKLEES/subscriber/edit?preferences=true#tab1,Bin round reminder,01/28/2026 03:30 PM GMT,pagewatcher@govdelivery.com,1,1
https://public.govdelivery.com/accounts/UKKIRKLEES/subscriber/topics?qsp=UKKIRKLEES_7,Bin round reminder,01/18/2026 02:30 PM GMT,pagewatcher@govdelivery.com,1,1
https://www.kirklees.gov.uk/binManagement/Grey/20260108/DG14THU,Bin round reminder,01/07/2026 02:10 PM GMT,pagewatcher@govdelivery.com,1,1
https://www.youtube.com/user/KirkleesVideos,Bin round reminder,01/28/2026 02:20 PM GMT,pagewatcher@govdelivery.com,1,1
http://www.kirklees.gov.uk/reminder,Bin round reminder,01/28/2026 02:20 PM GMT,pagewatcher@govdelivery.com,1,1
https://subscriberhelp.govdelivery.com/hc/en-us,Bin round reminder,01/28/2026 02:20 PM GMT,pagewatcher@govdelivery.com,1,1
https://public.govdelivery.com/accounts/UKKIRKLEES/subscriber/topics?qsp=UKKIRKLEES_7,Bin round reminder,01/28/2026 02:20 PM GMT,pagewatcher@govdelivery.com,1,1
https://www.kirklees.gov.uk/binManagement/Green/20260108/RG09THU,Bin round reminder,01/07/2026 03:00 PM GMT,pagewatcher@govdelivery.com,1,1
https://subscriberhelp.govdelivery.com/hc/en-us,Bin round reminder,01/05/2026 12:00 AM GMT,pagewatcher@govdelivery.com,1,1
https://www.kirklees.gov.uk/binManagement/Grey/20260106/DG18TUE,Bin round reminder,01/05/2026 12:00 AM GMT,pagewatcher@govdelivery.com,1,1
http://www.kirklees.gov.uk/reminder,Bin round reminder,01/05/2026 12:00 AM GMT,pagewatcher@govdelivery.com,1,1
https://public.govdelivery.com/accounts/UKKIRKLEES/subscriber/edit?preferences=true#tab1,Bin round reminder,01/07/2026 03:30 PM GMT,pagewatcher@govdelivery.com,1,1
https://www.kirklees.gov.uk/binManagement/Grey/20260108/D33THU,Bin round reminder,01/07/2026 03:30 PM GMT,pagewatcher@govdelivery.com,1,1
https://www.kirklees.gov.uk/binManagement/Green/20260108/RG08THU,Bin round reminder,01/07/2026 04:20 PM GMT,pagewatcher@govdelivery.com,1,1
https://public.govdelivery.com/accounts/UKKIRKLEES/subscriber/edit?preferences=true#tab1,Bin round reminder,01/07/2026 04:20 PM GMT,pagewatcher@govdelivery.com,1,1
http://www.kirklees.gov.uk/beta/information-and-data/pdf/privacy-notice-comms-and-marketing.pdf,Sign-up to the 2026 garden waste service,01/08/2026 04:00 PM GMT,nicole.cartmell@kirklees.gov.uk,1,1
https://www.kirklees.gov.uk/binManagement/Green/20260107/RG07WED,Bin round reminder,01/06/2026 02:10 PM GMT,pagewatcher@govdelivery.com,1,1
https://www.facebook.com/liveinkirklees,Bin round reminder,01/04/2026 03:00 PM GMT,pagewatcher@govdelivery.com,1,1
https://www.instagram.com/kirklees.council,Bin round reminder,01/04/2026 03:00 PM GMT,pagewatcher@govdelivery.com,1,1
https://www.kirklees.gov.uk/binManagement/Grey/20260105/D33MON,Bin round reminder,01/04/2026 03:00 PM GMT,pagewatcher@govdelivery.com,1,1
https://public.govdelivery.com/accounts/UKKIRKLEES/subscriber/edit?preferences=true#tab1,Bin round reminder,01/05/2026 02:40 PM GMT,pagewatcher@govdelivery.com,1,1
https://www.kirklees.gov.uk/binManagement/Green/20260106/RG02TUE,Bin round reminder,01/05/2026 02:40 PM GMT,pagewatcher@govdelivery.com,1,1
https://www.kirklees.gov.uk/binManagement/Green/20260107/RG03WED,Bin round reminder,01/06/2026 02:50 PM GMT,pagewatcher@govdelivery.com,1,1
https://public.govdelivery.com/accounts/UKKIRKLEES/subscriber/edit?preferences=true#tab1,Bin round reminder,01/06/2026 03:30 PM GMT,pagewatcher@govdelivery.com,1,1
https://www.youtube.com/user/KirkleesVideos,Bin round reminder,01/05/2026 03:40 PM GMT,pagewatcher@govdelivery.com,1,1
https://www.facebook.com/liveinkirklees,Bin round reminder,01/05/2026 03:40 PM GMT,pagewatcher@govdelivery.com,1,1
https://subscriberhelp.govdelivery.com/hc/en-us,Bin round reminder,01/05/2026 03:40 PM GMT,pagewatcher@govdelivery.com,1,1
http://www.kirklees.gov.uk/reminder,Bin round reminder,01/05/2026 03:40 PM GMT,pagewatcher@govdelivery.com,1,1
https://www.kirklees.gov.uk/beta/your-property-bins-recycling/recycling-items.aspx,Bin round reminder,01/05/2026 03:40 PM GMT,pagewatcher@govdelivery.com,1,1
http://www.govdelivery.com/portals/powered-by,Bin round reminder,01/05/2026 03:40 PM GMT,pagewatcher@govdelivery.com,1,1
https://www.instagram.com/kirklees.council,Bin round reminder,01/05/2026 03:40 PM GMT,pagewatcher@govdelivery.com,1,1
https://twitter.com/KirkleesCouncil,Bin round reminder,01/05/2026 03:40 PM GMT,pagewatcher@govdelivery.com,1,1
https://subscriberhelp.govdelivery.com/hc/en-us,Bin round reminder,01/04/2026 02:20 PM GMT,pagewatcher@govdelivery.com,1,1
http://www.kirklees.gov.uk/reminder,Bin round reminder,01/04/2026 02:20 PM GMT,pagewatcher@govdelivery.com,1,1
https://public.govdelivery.com/accounts/UKKIRKLEES/subscriber/edit?preferences=true#tab1,Bin round reminder,01/06/2026 02:40 PM GMT,pagewatcher@govdelivery.com,1,1
https://subscriberhelp.govdelivery.com/hc/en-us,Bin round reminder,01/06/2026 02:40 PM GMT,pagewatcher@govdelivery.com,1,1
https://www.kirklees.gov.uk/binManagement/Grey/20260107/D33WED,Bin round reminder,01/06/2026 02:40 PM GMT,pagewatcher@govdelivery.com,1,1
https://www.kirklees.gov.uk/beta/your-property-bins-recycling/recycling-items.aspx,Bin round reminder,01/06/2026 02:40 PM GMT,pagewatcher@govdelivery.com,1,1
https://www.kirklees.gov.uk/binManagement/Grey/20260108/DG11THU,Bin round reminder,01/07/2026 02:20 PM GMT,pagewatcher@govdelivery.com,1,1
https://public.govdelivery.com/accounts/UKKIRKLEES/subscriber/edit?preferences=true#tab1,Bin round reminder,01/07/2026 02:20 PM GMT,pagewatcher@govdelivery.com,1,1
https://www.kirklees.gov.uk/binManagement/Green/20260108/RG02THU,Bin round reminder,01/07/2026 03:40 PM GMT,pagewatcher@govdelivery.com,1,1
https://www.kirklees.gov.uk/binManagement/Grey/20260105/DG16MON,Bin round reminder,01/04/2026 03:30 PM GMT,pagewatcher@govdelivery.com,1,1
https://www.kirklees.gov.uk/binManagement/Grey/20260107/D34WED,Bin round reminder,01/06/2026 02:30 PM GMT,pagewatcher@govdelivery.com,1,1
https://www.kirklees.gov.uk/beta/your-property-bins-recycling/recycling-items.aspx,Bin round reminder,01/06/2026 02:30 PM GMT,pagewatcher@govdelivery.com,1,1
http://www.kirklees.gov.uk/beta/information-and-data/pdf/privacy-notice-comms-and-marketing.pdf,Bin round reminder,01/06/2026 02:30 PM GMT,pagewatcher@govdelivery.com,1,1
https://twitter.com/KirkleesCouncil,Bin round reminder,01/06/2026 02:30 PM GMT,pagewatcher@govdelivery.com,1,1
https://www.youtube.com/user/KirkleesVideos,Bin round reminder,01/06/2026 02:30 PM GMT,pagewatcher@govdelivery.com,1,1
https://www.instagram.com/kirklees.council,Bin round reminder,01/06/2026 02:30 PM GMT,pagewatcher@govdelivery.com,1,1
http://www.kirklees.gov.uk/reminder,Bin round reminder,01/06/2026 02:30 PM GMT,pagewatcher@govdelivery.com,1,1
http://www.govdelivery.com/portals/powered-by,Bin round reminder,01/06/2026 02:30 PM GMT,pagewatcher@govdelivery.com,1,1
https://subscriberhelp.govdelivery.com/hc/en-us,Bin round reminder,01/06/2026 02:30 PM GMT,pagewatcher@govdelivery.com,1,1
https://www.facebook.com/liveinkirklees,Bin round reminder,01/06/2026 02:30 PM GMT,pagewatcher@govdelivery.com,1,1
https://public.govdelivery.com/accounts/UKKIRKLEES/subscriber/topics?qsp=UKKIRKLEES_7,Bin round reminder,01/06/2026 03:00 PM GMT,pagewatcher@govdelivery.com,1,1
http://www.kirklees.gov.uk/reminder,Bin round reminder,01/06/2026 03:00 PM GMT,pagewatcher@govdelivery.com,1,1
https://www.kirklees.gov.uk/binManagement/Green/20260107/RG01WED,Bin round reminder,01/06/2026 03:00 PM GMT,pagewatcher@govdelivery.com,1,1
https://www.kirklees.gov.uk/beta/your-property-bins-recycling/recycling-items.aspx,Bin round reminder,01/18/2026 03:20 PM GMT,pagewatcher@govdelivery.com,1,1
https://www.kirklees.gov.uk/binManagement/Green/20260119/R37MON,Bin round reminder,01/18/2026 03:20 PM GMT,pagewatcher@govdelivery.com,1,1
https://public.govdelivery.com/accounts/UKKIRKLEES/subscriber/edit?preferences=true#tab1,Bin round reminder,01/18/2026 03:20 PM GMT,pagewatcher@govdelivery.com,1,1
https://www.kirklees.gov.uk/beta/your-property-bins-recycling/recycling-items.aspx,Bin round reminder,01/21/2026 02:50 PM GMT,pagewatcher@govdelivery.com,1,1
https://www.kirklees.gov.uk/binManagement/Green/20260115/RG11THU,Bin round reminder,01/14/2026 02:50 PM GMT,pagewatcher@govdelivery.com,1,1
https://www.kirklees.gov.uk/binManagement/Green/20260107/RG06WED,Bin round reminder,01/06/2026 04:00 PM GMT,pagewatcher@govdelivery.com,0,0
https://www.kirklees.gov.uk/beta/your-property-bins-recycling/recycling-items.aspx,Bin round reminder,01/06/2026 04:00 PM GMT,pagewatcher@govdelivery.com,0,0
https://public.govdelivery.com/accounts/UKKIRKLEES/subscriber/topics?qsp=UKKIRKLEES_7,Bin round reminder,01/06/2026 04:00 PM GMT,pagewatcher@govdelivery.com,0,0
https://www.instagram.com/kirklees.council,Bin round reminder,01/06/2026 04:00 PM GMT,pagewatcher@govdelivery.com,0,0
https://www.facebook.com/liveinkirklees,Bin round reminder,01/06/2026 04:00 PM GMT,pagewatcher@govdelivery.com,0,0
https://twitter.com/KirkleesCouncil,Bin round reminder,01/06/2026 04:00 PM GMT,pagewatcher@govdelivery.com,0,0
https://www.youtube.com/user/KirkleesVideos,Bin round reminder,01/06/2026 04:00 PM GMT,pagewatcher@govdelivery.com,0,0
https://public.govdelivery.com/accounts/UKKIRKLEES/subscriber/edit?preferences=true#tab1,Bin round reminder,01/06/2026 04:00 PM GMT,pagewatcher@govdelivery.com,0,0
http://www.kirklees.gov.uk/reminder,Bin round reminder,01/06/2026 04:00 PM GMT,pagewatcher@govdelivery.com,0,0
https://subscriberhelp.govdelivery.com/hc/en-us,Bin round reminder,01/06/2026 04:00 PM GMT,pagewatcher@govdelivery.com,0,0
http://www.kirklees.gov.uk/beta/information-and-data/pdf/privacy-notice-comms-and-marketing.pdf,Bin round reminder,01/06/2026 04:00 PM GMT,pagewatcher@govdelivery.com,0,0
http://www.govdelivery.com/portals/powered-by,Bin round reminder,01/06/2026 04:00 PM GMT,pagewatcher@govdelivery.com,0,0
https://www.kirklees.gov.uk/beta/your-property-bins-recycling/recycling-items.aspx,Bin round reminder,01/06/2026 03:00 PM GMT,pagewatcher@govdelivery.com,0,0
https://www.instagram.com/kirklees.council,Bin round reminder,01/06/2026 03:00 PM GMT,pagewatcher@govdelivery.com,0,0
https://www.facebook.com/liveinkirklees,Bin round reminder,01/06/2026 03:00 PM GMT,pagewatcher@govdelivery.com,0,0
https://twitter.com/KirkleesCouncil,Bin round reminder,01/06/2026 03:00 PM GMT,pagewatcher@govdelivery.com,0,0
https://www.youtube.com/user/KirkleesVideos,Bin round reminder,01/06/2026 03:00 PM GMT,pagewatcher@govdelivery.com,0,0
https://public.govdelivery.com/accounts/UKKIRKLEES/subscriber/edit?preferences=true#tab1,Bin round reminder,01/06/2026 03:00 PM GMT,pagewatcher@govdelivery.com,0,0
https://subscriberhelp.govdelivery.com/hc/en-us,Bin round reminder,01/06/2026 03:00 PM GMT,pagewatcher@govdelivery.com,0,0
http://www.kirklees.gov.uk/beta/information-and-data/pdf/privacy-notice-comms-and-marketing.pdf,Bin round reminder,01/06/2026 03:00 PM GMT,pagewatcher@govdelivery.com,0,0
http://www.govdelivery.com/portals/powered-by,Bin round reminder,01/06/2026 03:00 PM GMT,pagewatcher@govdelivery.com,0,0
https://www.facebook.com/liveinkirklees,Bin round reminder,01/06/2026 12:00 AM GMT,pagewatcher@govdelivery.com,0,0
https://www.kirklees.gov.uk/binManagement/Grey/20260107/DG17WED,Bin round reminder,01/06/2026 12:00 AM GMT,pagewatcher@govdelivery.com,0,0
https://www.instagram.com/kirklees.council,Bin round reminder,01/06/2026 12:00 AM GMT,pagewatcher@govdelivery.com,0,0
https://twitter.com/KirkleesCouncil,Bin round reminder,01/06/2026 12:00 AM GMT,pagewatcher@govdelivery.com,0,0
https://www.youtube.com/user/KirkleesVideos,Bin round reminder,01/06/2026 12:00 AM GMT,pagewatcher@govdelivery.com,0,0
http://www.kirklees.gov.uk/reminder,Bin round reminder,01/06/2026 12:00 AM GMT,pagewatcher@govdelivery.com,0,0
https://subscriberhelp.govdelivery.com/hc/en-us,Bin round reminder,01/06/2026 12:00 AM GMT,pagewatcher@govdelivery.com,0,0
http://www.kirklees.gov.uk/beta/information-and-data/pdf/privacy-notice-comms-and-marketing.pdf,Bin round reminder,01/06/2026 12:00 AM GMT,pagewatcher@govdelivery.com,0,0
http://www.govdelivery.com/portals/powered-by,Bin round reminder,01/06/2026 12:00 AM GMT,pagewatcher@govdelivery.com,0,0
https://www.kirklees.gov.uk/beta/your-property-bins-recycling/recycling-items.aspx,Bin round reminder,01/06/2026 12:00 AM GMT,pagewatcher@govdelivery.com,0,0
https://www.instagram.com/kirklees.council,Bin round reminder,01/06/2026 12:00 AM GMT,pagewatcher@govdelivery.com,0,0
https://www.facebook.com/liveinkirklees,Bin round reminder,01/06/2026 12:00 AM GMT,pagewatcher@govdelivery.com,0,0
https://twitter.com/KirkleesCouncil,Bin round reminder,01/06/2026 12:00 AM GMT,pagewatcher@govdelivery.com,0,0
https://www.youtube.com/user/KirkleesVideos,Bin round reminder,01/06/2026 12:00 AM GMT,pagewatcher@govdelivery.com,0,0
https://public.govdelivery.com/accounts/UKKIRKLEES/subscriber/edit?preferences=true#tab1,Bin round reminder,01/06/2026 12:00 AM GMT,pagewatcher@govdelivery.com,0,0
http://www.kirklees.gov.uk/reminder,Bin round reminder,01/06/2026 12:00 AM GMT,pagewatcher@govdelivery.com,0,0
https://subscriberhelp.govdelivery.com/hc/en-us,Bin round reminder,01/06/2026 12:00 AM GMT,pagewatcher@govdelivery.com,0,0
http://www.kirklees.gov.uk/beta/information-and-data/pdf/privacy-notice-comms-and-marketing.pdf,Bin round reminder,01/06/2026 12:00 AM GMT,pagewatcher@govdelivery.com,0,0
http://www.govdelivery.com/portals/powered-by,Bin round reminder,01/06/2026 12:00 AM GMT,pagewatcher@govdelivery.com,0,0
https://twitter.com/KirkleesCouncil,Bin round reminder,01/06/2026 02:40 PM GMT,pagewatcher@govdelivery.com,0,0
https://www.instagram.com/kirklees.council,Bin round reminder,01/06/2026 02:40 PM GMT,pagewatcher@govdelivery.com,0,0
https://www.facebook.com/liveinkirklees,Bin round reminder,01/06/2026 02:40 PM GMT,pagewatcher@govdelivery.com,0,0
https://www.youtube.com/user/KirkleesVideos,Bin round reminder,01/06/2026 02:40 PM GMT,pagewatcher@govdelivery.com,0,0
http://www.kirklees.gov.uk/reminder,Bin round reminder,01/06/2026 02:40 PM GMT,pagewatcher@govdelivery.com,0,0
http://www.kirklees.gov.uk/beta/information-and-data/pdf/privacy-notice-comms-and-marketing.pdf,Bin round reminder,01/06/2026 02:40 PM GMT,pagewatcher@govdelivery.com,0,0
http://www.govdelivery.com/portals/powered-by,Bin round reminder,01/06/2026 02:40 PM GMT,pagewatcher@govdelivery.com,0,0
https://www.instagram.com/kirklees.council,Bin round reminder,01/05/2026 04:20 PM GMT,pagewatcher@govdelivery.com,0,0
https://www.kirklees.gov.uk/binManagement/Green/20260106/RG04TUE,Bin round reminder,01/05/2026 04:20 PM GMT,pagewatcher@govdelivery.com,0,0
https://www.kirklees.gov.uk/beta/your-property-bins-recycling/recycling-items.aspx,Bin round reminder,01/05/2026 04:20 PM GMT,pagewatcher@govdelivery.com,0,0
https://public.govdelivery.com/accounts/UKKIRKLEES/subscriber/topics?qsp=UKKIRKLEES_7,Bin round reminder,01/05/2026 04:20 PM GMT,pagewatcher@govdelivery.com,0,0
https://www.facebook.com/liveinkirklees,Bin round reminder,01/05/2026 04:20 PM GMT,pagewatcher@govdelivery.com,0,0
https://twitter.com/KirkleesCouncil,Bin round reminder,01/05/2026 04:20 PM GMT,pagewatcher@govdelivery.com,0,0
https://www.youtube.com/user/KirkleesVideos,Bin round reminder,01/05/2026 04:20 PM GMT,pagewatcher@govdelivery.com,0,0
https://public.govdelivery.com/accounts/UKKIRKLEES/subscriber/edit?preferences=true#tab1,Bin round reminder,01/05/2026 04:20 PM GMT,pagewatcher@govdelivery.com,0,0
http://www.kirklees.gov.uk/reminder,Bin round reminder,01/05/2026 04:20 PM GMT,pagewatcher@govdelivery.com,0,0
https://subscriberhelp.govdelivery.com/hc/en-us,Bin round reminder,01/05/2026 04:20 PM GMT,pagewatcher@govdelivery.com,0,0
http://www.kirklees.gov.uk/beta/information-and-data/pdf/privacy-notice-comms-and-marketing.pdf,Bin round reminder,01/05/2026 04:20 PM GMT,pagewatcher@govdelivery.com,0,0
http://www.govdelivery.com/portals/powered-by,Bin round reminder,01/05/2026 04:20 PM GMT,pagewatcher@govdelivery.com,0,0
https://www.facebook.com/liveinkirklees,Bin round reminder,01/06/2026 03:30 PM GMT,pagewatcher@govdelivery.com,0,0
https://www.kirklees.gov.uk/beta/your-property-bins-recycling/recycling-items.aspx,Bin round reminder,01/06/2026 03:30 PM GMT,pagewatcher@govdelivery.com,0,0
https://public.govdelivery.com/accounts/UKKIRKLEES/subscriber/topics?qsp=UKKIRKLEES_7,Bin round reminder,01/06/2026 03:30 PM GMT,pagewatcher@govdelivery.com,0,0
https://www.instagram.com/kirklees.council,Bin round reminder,01/06/2026 03:30 PM GMT,pagewatcher@govdelivery.com,0,0
https://twitter.com/KirkleesCouncil,Bin round reminder,01/06/2026 03:30 PM GMT,pagewatcher@govdelivery.com,0,0
https://www.youtube.com/user/KirkleesVideos,Bin round reminder,01/06/2026 03:30 PM GMT,pagewatcher@govdelivery.com,0,0
http://www.kirklees.gov.uk/reminder,Bin round reminder,01/06/2026 03:30 PM GMT,pagewatcher@govdelivery.com,0,0
https://subscriberhelp.govdelivery.com/hc/en-us,Bin round reminder,01/06/2026 03:30 PM GMT,pagewatcher@govdelivery.com,0,0
http://www.kirklees.gov.uk/beta/information-and-data/pdf/privacy-notice-comms-and-marketing.pdf,Bin round reminder,01/06/2026 03:30 PM GMT,pagewatcher@govdelivery.com,0,0
http://www.govdelivery.com/portals/powered-by,Bin round reminder,01/06/2026 03:30 PM GMT,pagewatcher@govdelivery.com,0,0
https://www.facebook.com/liveinkirklees,Bin round reminder,01/06/2026 02:30 PM GMT,pagewatcher@govdelivery.com,0,0
https://www.kirklees.gov.uk/binManagement/Grey/20260107/DG13WED,Bin round reminder,01/06/2026 02:30 PM GMT,pagewatcher@govdelivery.com,0,0
https://www.kirklees.gov.uk/beta/your-property-bins-recycling/recycling-items.aspx,Bin round reminder,01/06/2026 02:30 PM GMT,pagewatcher@govdelivery.com,0,0
https://www.instagram.com/kirklees.council,Bin round reminder,01/06/2026 02:30 PM GMT,pagewatcher@govdelivery.com,0,0
https://twitter.com/KirkleesCouncil,Bin round reminder,01/06/2026 02:30 PM GMT,pagewatcher@govdelivery.com,0,0
https://www.youtube.com/user/KirkleesVideos,Bin round reminder,01/06/2026 02:30 PM GMT,pagewatcher@govdelivery.com,0,0
https://public.govdelivery.com/accounts/UKKIRKLEES/subscriber/edit?preferences=true#tab1,Bin round reminder,01/06/2026 02:30 PM GMT,pagewatcher@govdelivery.com,0,0
http://www.kirklees.gov.uk/reminder,Bin round reminder,01/06/2026 02:30 PM GMT,pagewatcher@govdelivery.com,0,0
https://subscriberhelp.govdelivery.com/hc/en-us,Bin round reminder,01/06/2026 02:30 PM GMT,pagewatcher@govdelivery.com,0,0
http://www.kirklees.gov.uk/beta/information-and-data/pdf/privacy-notice-comms-and-marketing.pdf,Bin round reminder,01/06/2026 02:30 PM GMT,pagewatcher@govdelivery.com,0,0
http://www.govdelivery.com/portals/powered-by,Bin round reminder,01/06/2026 02:30 PM GMT,pagewatcher@govdelivery.com,0,0
https://www.instagram.com/kirklees.council,Bin round reminder,01/06/2026 02:50 PM GMT,pagewatcher@govdelivery.com,0,0
https://www.kirklees.gov.uk/beta/your-property-bins-recycling/recycling-items.aspx,Bin round reminder,01/06/2026 02:50 PM GMT,pagewatcher@govdelivery.com,0,0
https://public.govdelivery.com/accounts/UKKIRKLEES/subscriber/topics?qsp=UKKIRKLEES_7,Bin round reminder,01/06/2026 02:50 PM GMT,pagewatcher@govdelivery.com,0,0
https://www.facebook.com/liveinkirklees,Bin round reminder,01/06/2026 02:50 PM GMT,pagewatcher@govdelivery.com,0,0
https://twitter.com/KirkleesCouncil,Bin round reminder,01/06/2026 02:50 PM GMT,pagewatcher@govdelivery.com,0,0
https://www.youtube.com/user/KirkleesVideos,Bin round reminder,01/06/2026 02:50 PM GMT,pagewatcher@govdelivery.com,0,0
https://public.govdelivery.com/accounts/UKKIRKLEES/subscriber/edit?preferences=true#tab1,Bin round reminder,01/06/2026 02:50 PM GMT,pagewatcher@govdelivery.com,0,0
http://www.kirklees.gov.uk/reminder,Bin round reminder,01/06/2026 02:50 PM GMT,pagewatcher@govdelivery.com,0,0
https://subscriberhelp.govdelivery.com/hc/en-us,Bin round reminder,01/06/2026 02:50 PM GMT,pagewatcher@govdelivery.com,0,0
http://www.kirklees.gov.uk/beta/information-and-data/pdf/privacy-notice-comms-and-marketing.pdf,Bin round reminder,01/06/2026 02:50 PM GMT,pagewatcher@govdelivery.com,0,0
http://www.govdelivery.com/portals/powered-by,Bin round reminder,01/06/2026 02:50 PM GMT,pagewatcher@govdelivery.com,0,0
https://www.instagram.com/kirklees.council,Bin round reminder,01/06/2026 03:20 PM GMT,pagewatcher@govdelivery.com,0,0
https://www.kirklees.gov.uk/binManagement/Green/20260107/R38WED,Bin round reminder,01/06/2026 03:20 PM GMT,pagewatcher@govdelivery.com,0,0
https://www.kirklees.gov.uk/beta/your-property-bins-recycling/recycling-items.aspx,Bin round reminder,01/06/2026 03:20 PM GMT,pagewatcher@govdelivery.com,0,0
https://public.govdelivery.com/accounts/UKKIRKLEES/subscriber/topics?qsp=UKKIRKLEES_7,Bin round reminder,01/06/2026 03:20 PM GMT,pagewatcher@govdelivery.com,0,0
https://www.facebook.com/liveinkirklees,Bin round reminder,01/06/2026 03:20 PM GMT,pagewatcher@govdelivery.com,0,0
https://twitter.com/KirkleesCouncil,Bin round reminder,01/06/2026 03:20 PM GMT,pagewatcher@govdelivery.com,0,0
https://www.youtube.com/user/KirkleesVideos,Bin round reminder,01/06/2026 03:20 PM GMT,pagewatcher@govdelivery.com,0,0
https://public.govdelivery.com/accounts/UKKIRKLEES/subscriber/edit?preferences=true#tab1,Bin round reminder,01/06/2026 03:20 PM GMT,pagewatcher@govdelivery.com,0,0
http://www.kirklees.gov.uk/reminder,Bin round reminder,01/06/2026 03:20 PM GMT,pagewatcher@govdelivery.com,0,0
https://subscriberhelp.govdelivery.com/hc/en-us,Bin round reminder,01/06/2026 03:20 PM GMT,pagewatcher@govdelivery.com,0,0
http://www.kirklees.gov.uk/beta/information-and-data/pdf/privacy-notice-comms-and-marketing.pdf,Bin round reminder,01/06/2026 03:20 PM GMT,pagewatcher@govdelivery.com,0,0
http://www.govdelivery.com/portals/powered-by,Bin round reminder,01/06/2026 03:20 PM GMT,pagewatcher@govdelivery.com,0,0
https://www.instagram.com/kirklees.council,Bin round reminder,01/06/2026 02:20 PM GMT,pagewatcher@govdelivery.com,0,0
https://www.kirklees.gov.uk/binManagement/Green/20260107/R37WED,Bin round reminder,01/06/2026 02:20 PM GMT,pagewatcher@govdelivery.com,0,0
https://www.kirklees.gov.uk/beta/your-property-bins-recycling/recycling-items.aspx,Bin round reminder,01/06/2026 02:20 PM GMT,pagewatcher@govdelivery.com,0,0
https://public.govdelivery.com/accounts/UKKIRKLEES/subscriber/topics?qsp=UKKIRKLEES_7,Bin round reminder,01/06/2026 02:20 PM GMT,pagewatcher@govdelivery.com,0,0
https://www.facebook.com/liveinkirklees,Bin round reminder,01/06/2026 02:20 PM GMT,pagewatcher@govdelivery.com,0,0
https://twitter.com/KirkleesCouncil,Bin round reminder,01/06/2026 02:20 PM GMT,pagewatcher@govdelivery.com,0,0
https://www.youtube.com/user/KirkleesVideos,Bin round reminder,01/06/2026 02:20 PM GMT,pagewatcher@govdelivery.com,0,0
https://public.govdelivery.com/accounts/UKKIRKLEES/subscriber/edit?preferences=true#tab1,Bin round reminder,01/06/2026 02:20 PM GMT,pagewatcher@govdelivery.com,0,0
http://www.kirklees.gov.uk/reminder,Bin round reminder,01/06/2026 02:20 PM GMT,pagewatcher@govdelivery.com,0,0
https://subscriberhelp.govdelivery.com/hc/en-us,Bin round reminder,01/06/2026 02:20 PM GMT,pagewatcher@govdelivery.com,0,0
http://www.kirklees.gov.uk/beta/information-and-data/pdf/privacy-notice-comms-and-marketing.pdf,Bin round reminder,01/06/2026 02:20 PM GMT,pagewatcher@govdelivery.com,0,0
http://www.govdelivery.com/portals/powered-by,Bin round reminder,01/06/2026 02:20 PM GMT,pagewatcher@govdelivery.com,0,0
https://www.kirklees.gov.uk/binManagement/Green/20260107/RG04WED,Bin round reminder,01/06/2026 02:20 PM GMT,pagewatcher@govdelivery.com,0,0
https://www.kirklees.gov.uk/beta/your-property-bins-recycling/recycling-items.aspx,Bin round reminder,01/06/2026 02:20 PM GMT,pagewatcher@govdelivery.com,0,0
https://public.govdelivery.com/accounts/UKKIRKLEES/subscriber/topics?qsp=UKKIRKLEES_7,Bin round reminder,01/06/2026 02:20 PM GMT,pagewatcher@govdelivery.com,0,0
https://www.instagram.com/kirklees.council,Bin round reminder,01/06/2026 02:20 PM GMT,pagewatcher@govdelivery.com,0,0
https://www.facebook.com/liveinkirklees,Bin round reminder,01/06/2026 02:20 PM GMT,pagewatcher@govdelivery.com,0,0
https://twitter.com/KirkleesCouncil,Bin round reminder,01/06/2026 02:20 PM GMT,pagewatcher@govdelivery.com,0,0
https://www.youtube.com/user/KirkleesVideos,Bin round reminder,01/06/2026 02:20 PM GMT,pagewatcher@govdelivery.com,0,0
https://public.govdelivery.com/accounts/UKKIRKLEES/subscriber/edit?preferences=true#tab1,Bin round reminder,01/06/2026 02:20 PM GMT,pagewatcher@govdelivery.com,0,0
http://www.kirklees.gov.uk/reminder,Bin round reminder,01/06/2026 02:20 PM GMT,pagewatcher@govdelivery.com,0,0
https://subscriberhelp.govdelivery.com/hc/en-us,Bin round reminder,01/06/2026 02:20 PM GMT,pagewatcher@govdelivery.com,0,0
http://www.kirklees.gov.uk/beta/information-and-data/pdf/privacy-notice-comms-and-marketing.pdf,Bin round reminder,01/06/2026 02:20 PM GMT,pagewatcher@govdelivery.com,0,0
http://www.govdelivery.com/portals/powered-by,Bin round reminder,01/06/2026 02:20 PM GMT,pagewatcher@govdelivery.com,0,0
https://twitter.com/KirkleesCouncil,Bin round reminder,01/05/2026 02:40 PM GMT,pagewatcher@govdelivery.com,0,0
https://www.kirklees.gov.uk/binManagement/Grey/20260106/DG16TUE,Bin round reminder,01/05/2026 02:40 PM GMT,pagewatcher@govdelivery.com,0,0
https://www.kirklees.gov.uk/beta/your-property-bins-recycling/recycling-items.aspx,Bin round reminder,01/05/2026 02:40 PM GMT,pagewatcher@govdelivery.com,0,0
https://www.instagram.com/kirklees.council,Bin round reminder,01/05/2026 02:40 PM GMT,pagewatcher@govdelivery.com,0,0
https://www.facebook.com/liveinkirklees,Bin round reminder,01/05/2026 02:40 PM GMT,pagewatcher@govdelivery.com,0,0
https://www.youtube.com/user/KirkleesVideos,Bin round reminder,01/05/2026 02:40 PM GMT,pagewatcher@govdelivery.com,0,0
https://public.govdelivery.com/accounts/UKKIRKLEES/subscriber/edit?preferences=true#tab1,Bin round reminder,01/05/2026 02:40 PM GMT,pagewatcher@govdelivery.com,0,0
http://www.kirklees.gov.uk/reminder,Bin round reminder,01/05/2026 02:40 PM GMT,pagewatcher@govdelivery.com,0,0
https://subscriberhelp.govdelivery.com/hc/en-us,Bin round reminder,01/05/2026 02:40 PM GMT,pagewatcher@govdelivery.com,0,0
http://www.kirklees.gov.uk/beta/information-and-data/pdf/privacy-notice-comms-and-marketing.pdf,Bin round reminder,01/05/2026 02:40 PM GMT,pagewatcher@govdelivery.com,0,0
http://www.govdelivery.com/portals/powered-by,Bin round reminder,01/05/2026 02:40 PM GMT,pagewatcher@govdelivery.com,0,0
https://www.instagram.com/kirklees.council,Bin round reminder,01/04/2026 03:10 PM GMT,pagewatcher@govdelivery.com,0,0
https://www.kirklees.gov.uk/binManagement/Green/20260105/R30MON,Bin round reminder,01/04/2026 03:10 PM GMT,pagewatcher@govdelivery.com,0,0
https://www.kirklees.gov.uk/beta/your-property-bins-recycling/recycling-items.aspx,Bin round reminder,01/04/2026 03:10 PM GMT,pagewatcher@govdelivery.com,0,0
https://public.govdelivery.com/accounts/UKKIRKLEES/subscriber/topics?qsp=UKKIRKLEES_7,Bin round reminder,01/04/2026 03:10 PM GMT,pagewatcher@govdelivery.com,0,0
https://www.facebook.com/liveinkirklees,Bin round reminder,01/04/2026 03:10 PM GMT,pagewatcher@govdelivery.com,0,0
https://twitter.com/KirkleesCouncil,Bin round reminder,01/04/2026 03:10 PM GMT,pagewatcher@govdelivery.com,0,0
https://www.youtube.com/user/KirkleesVideos,Bin round reminder,01/04/2026 03:10 PM GMT,pagewatcher@govdelivery.com,0,0
http://www.kirklees.gov.uk/beta/information-and-data/pdf/privacy-notice-comms-and-marketing.pdf,Bin round reminder,01/04/2026 03:10 PM GMT,pagewatcher@govdelivery.com,0,0
https://public.govdelivery.com/accounts/UKKIRKLEES/subscriber/edit?preferences=true#tab1,Bin round reminder,01/04/2026 03:10 PM GMT,pagewatcher@govdelivery.com,0,0
http://www.kirklees.gov.uk/reminder,Bin round reminder,01/04/2026 03:10 PM GMT,pagewatcher@govdelivery.com,0,0
https://subscriberhelp.govdelivery.com/hc/en-us,Bin round reminder,01/04/2026 03:10 PM GMT,pagewatcher@govdelivery.com,0,0
http://www.govdelivery.com/portals/powered-by,Bin round reminder,01/04/2026 03:10 PM GMT,pagewatcher@govdelivery.com,0,0
https://www.instagram.com/kirklees.council,Bin round reminder,01/05/2026 03:30 PM GMT,pagewatcher@govdelivery.com,0,0
https://www.kirklees.gov.uk/binManagement/Green/20260106/RG09TUE,Bin round reminder,01/05/2026 03:30 PM GMT,pagewatcher@govdelivery.com,0,0
https://public.govdelivery.com/accounts/UKKIRKLEES/subscriber/topics?qsp=UKKIRKLEES_7,Bin round reminder,01/05/2026 03:30 PM GMT,pagewatcher@govdelivery.com,0,0
https://www.facebook.com/liveinkirklees,Bin round reminder,01/05/2026 03:30 PM GMT,pagewatcher@govdelivery.com,0,0
https://twitter.com/KirkleesCouncil,Bin round reminder,01/05/2026 03:30 PM GMT,pagewatcher@govdelivery.com,0,0
https://www.youtube.com/user/KirkleesVideos,Bin round reminder,01/05/2026 03:30 PM GMT,pagewatcher@govdelivery.com,0,0
https://public.govdelivery.com/accounts/UKKIRKLEES/subscriber/edit?preferences=true#tab1,Bin round reminder,01/05/2026 03:30 PM GMT,pagewatcher@govdelivery.com,0,0
http://www.kirklees.gov.uk/reminder,Bin round reminder,01/05/2026 03:30 PM GMT,pagewatcher@govdelivery.com,0,0
https://subscriberhelp.govdelivery.com/hc/en-us,Bin round reminder,01/05/2026 03:30 PM GMT,pagewatcher@govdelivery.com,0,0
http://www.kirklees.gov.uk/beta/information-and-data/pdf/privacy-notice-comms-and-marketing.pdf,Bin round reminder,01/05/2026 03:30 PM GMT,pagewatcher@govdelivery.com,0,0
http://www.govdelivery.com/portals/powered-by,Bin round reminder,01/05/2026 03:30 PM GMT,pagewatcher@govdelivery.com,0,0
https://www.facebook.com/liveinkirklees,Bin round reminder,01/05/2026 04:00 PM GMT,pagewatcher@govdelivery.com,0,0
https://www.kirklees.gov.uk/beta/your-property-bins-recycling/recycling-items.aspx,Bin round reminder,01/05/2026 04:00 PM GMT,pagewatcher@govdelivery.com,0,0
https://www.instagram.com/kirklees.council,Bin round reminder,01/05/2026 04:00 PM GMT,pagewatcher@govdelivery.com,0,0
https://twitter.com/KirkleesCouncil,Bin round reminder,01/05/2026 04:00 PM GMT,pagewatcher@govdelivery.com,0,0
https://www.youtube.com/user/KirkleesVideos,Bin round reminder,01/05/2026 04:00 PM GMT,pagewatcher@govdelivery.com,0,0
https://public.govdelivery.com/accounts/UKKIRKLEES/subscriber/edit?preferences=true#tab1,Bin round reminder,01/05/2026 04:00 PM GMT,pagewatcher@govdelivery.com,0,0
http://www.kirklees.gov.uk/reminder,Bin round reminder,01/05/2026 04:00 PM GMT,pagewatcher@govdelivery.com,0,0
https://subscriberhelp.govdelivery.com/hc/en-us,Bin round reminder,01/05/2026 04:00 PM GMT,pagewatcher@govdelivery.com,0,0
http://www.kirklees.gov.uk/beta/information-and-data/pdf/privacy-notice-comms-and-marketing.pdf,Bin round reminder,01/05/2026 04:00 PM GMT,pagewatcher@govdelivery.com,0,0
http://www.govdelivery.com/portals/powered-by,Bin round reminder,01/05/2026 04:00 PM GMT,pagewatcher@govdelivery.com,0,0
https://www.facebook.com/liveinkirklees,Bin round reminder,01/05/2026 03:50 PM GMT,pagewatcher@govdelivery.com,0,0
https://www.kirklees.gov.uk/binManagement/Grey/20260106/DG11TUE,Bin round reminder,01/05/2026 03:50 PM GMT,pagewatcher@govdelivery.com,0,0
https://www.kirklees.gov.uk/beta/your-property-bins-recycling/recycling-items.aspx,Bin round reminder,01/05/2026 03:50 PM GMT,pagewatcher@govdelivery.com,0,0
https://www.instagram.com/kirklees.council,Bin round reminder,01/05/2026 03:50 PM GMT,pagewatcher@govdelivery.com,0,0
https://twitter.com/KirkleesCouncil,Bin round reminder,01/05/2026 03:50 PM GMT,pagewatcher@govdelivery.com,0,0
https://www.youtube.com/user/KirkleesVideos,Bin round reminder,01/05/2026 03:50 PM GMT,pagewatcher@govdelivery.com,0,0
https://public.govdelivery.com/accounts/UKKIRKLEES/subscriber/edit?preferences=true#tab1,Bin round reminder,01/05/2026 03:50 PM GMT,pagewatcher@govdelivery.com,0,0
http://www.kirklees.gov.uk/reminder,Bin round reminder,01/05/2026 03:50 PM GMT,pagewatcher@govdelivery.com,0,0
https://subscriberhelp.govdelivery.com/hc/en-us,Bin round reminder,01/05/2026 03:50 PM GMT,pagewatcher@govdelivery.com,0,0
http://www.kirklees.gov.uk/beta/information-and-data/pdf/privacy-notice-comms-and-marketing.pdf,Bin round reminder,01/05/2026 03:50 PM GMT,pagewatcher@govdelivery.com,0,0
http://www.govdelivery.com/portals/powered-by,Bin round reminder,01/05/2026 03:50 PM GMT,pagewatcher@govdelivery.com,0,0
https://www.instagram.com/kirklees.council,Bin round reminder,01/06/2026 02:10 PM GMT,pagewatcher@govdelivery.com,0,0
https://www.kirklees.gov.uk/beta/your-property-bins-recycling/recycling-items.aspx,Bin round reminder,01/06/2026 02:10 PM GMT,pagewatcher@govdelivery.com,0,0
https://public.govdelivery.com/accounts/UKKIRKLEES/subscriber/topics?qsp=UKKIRKLEES_7,Bin round reminder,01/06/2026 02:10 PM GMT,pagewatcher@govdelivery.com,0,0
https://www.facebook.com/liveinkirklees,Bin round reminder,01/06/2026 02:10 PM GMT,pagewatcher@govdelivery.com,0,0
https://twitter.com/KirkleesCouncil,Bin round reminder,01/06/2026 02:10 PM GMT,pagewatcher@govdelivery.com,0,0
https://www.youtube.com/user/KirkleesVideos,Bin round reminder,01/06/2026 02:10 PM GMT,pagewatcher@govdelivery.com,0,0
https://public.govdelivery.com/accounts/UKKIRKLEES/subscriber/edit?preferences=true#tab1,Bin round reminder,01/06/2026 02:10 PM GMT,pagewatcher@govdelivery.com,0,0
http://www.kirklees.gov.uk/reminder,Bin round reminder,01/06/2026 02:10 PM GMT,pagewatcher@govdelivery.com,0,0
https://subscriberhelp.govdelivery.com/hc/en-us,Bin round reminder,01/06/2026 02:10 PM GMT,pagewatcher@govdelivery.com,0,0
http://www.kirklees.gov.uk/beta/information-and-data/pdf/privacy-notice-comms-and-marketing.pdf,Bin round reminder,01/06/2026 02:10 PM GMT,pagewatcher@govdelivery.com,0,0
http://www.govdelivery.com/portals/powered-by,Bin round reminder,01/06/2026 02:10 PM GMT,pagewatcher@govdelivery.com,0,0
https://www.facebook.com/liveinkirklees,Bin round reminder,01/05/2026 03:10 PM GMT,pagewatcher@govdelivery.com,0,0
https://www.kirklees.gov.uk/binManagement/Grey/20260106/DG15TUE,Bin round reminder,01/05/2026 03:10 PM GMT,pagewatcher@govdelivery.com,0,0
https://www.kirklees.gov.uk/beta/your-property-bins-recycling/recycling-items.aspx,Bin round reminder,01/05/2026 03:10 PM GMT,pagewatcher@govdelivery.com,0,0
https://www.instagram.com/kirklees.council,Bin round reminder,01/05/2026 03:10 PM GMT,pagewatcher@govdelivery.com,0,0
https://twitter.com/KirkleesCouncil,Bin round reminder,01/05/2026 03:10 PM GMT,pagewatcher@govdelivery.com,0,0
https://www.youtube.com/user/KirkleesVideos,Bin round reminder,01/05/2026 03:10 PM GMT,pagewatcher@govdelivery.com,0,0
https://public.govdelivery.com/accounts/UKKIRKLEES/subscriber/edit?preferences=true#tab1,Bin round reminder,01/05/2026 03:10 PM GMT,pagewatcher@govdelivery.com,0,0
http://www.kirklees.gov.uk/reminder,Bin round reminder,01/05/2026 03:10 PM GMT,pagewatcher@govdelivery.com,0,0
https://subscriberhelp.govdelivery.com/hc/en-us,Bin round reminder,01/05/2026 03:10 PM GMT,pagewatcher@govdelivery.com,0,0
http://www.kirklees.gov.uk/beta/information-and-data/pdf/privacy-notice-comms-and-marketing.pdf,Bin round reminder,01/05/2026 03:10 PM GMT,pagewatcher@govdelivery.com,0,0
http://www.govdelivery.com/portals/powered-by,Bin round reminder,01/05/2026 03:10 PM GMT,pagewatcher@govdelivery.com,0,0
https://www.youtube.com/user/KirkleesVideos,Bin round reminder,01/05/2026 03:20 PM GMT,pagewatcher@govdelivery.com,0,0
https://www.kirklees.gov.uk/binManagement/Grey/20260106/DG14TUE,Bin round reminder,01/05/2026 03:20 PM GMT,pagewatcher@govdelivery.com,0,0
https://www.instagram.com/kirklees.council,Bin round reminder,01/05/2026 03:20 PM GMT,pagewatcher@govdelivery.com,0,0
https://www.facebook.com/liveinkirklees,Bin round reminder,01/05/2026 03:20 PM GMT,pagewatcher@govdelivery.com,0,0
https://twitter.com/KirkleesCouncil,Bin round reminder,01/05/2026 03:20 PM GMT,pagewatcher@govdelivery.com,0,0
https://public.govdelivery.com/accounts/UKKIRKLEES/subscriber/edit?preferences=true#tab1,Bin round reminder,01/05/2026 03:20 PM GMT,pagewatcher@govdelivery.com,0,0
http://www.kirklees.gov.uk/reminder,Bin round reminder,01/05/2026 03:20 PM GMT,pagewatcher@govdelivery.com,0,0
https://subscriberhelp.govdelivery.com/hc/en-us,Bin round reminder,01/05/2026 03:20 PM GMT,pagewatcher@govdelivery.com,0,0
http://www.kirklees.gov.uk/beta/information-and-data/pdf/privacy-notice-comms-and-marketing.pdf,Bin round reminder,01/05/2026 03:20 PM GMT,pagewatcher@govdelivery.com,0,0
http://www.govdelivery.com/portals/powered-by,Bin round reminder,01/05/2026 03:20 PM GMT,pagewatcher@govdelivery.com,0,0
https://www.facebook.com/liveinkirklees,Bin round reminder,01/04/2026 02:20 PM GMT,pagewatcher@govdelivery.com,0,0
https://www.kirklees.gov.uk/binManagement/Grey/20260105/DG15MON,Bin round reminder,01/04/2026 02:20 PM GMT,pagewatcher@govdelivery.com,0,0
https://www.kirklees.gov.uk/beta/your-property-bins-recycling/recycling-items.aspx,Bin round reminder,01/04/2026 02:20 PM GMT,pagewatcher@govdelivery.com,0,0
https://www.instagram.com/kirklees.council,Bin round reminder,01/04/2026 02:20 PM GMT,pagewatcher@govdelivery.com,0,0
https://twitter.com/KirkleesCouncil,Bin round reminder,01/04/2026 02:20 PM GMT,pagewatcher@govdelivery.com,0,0
https://www.youtube.com/user/KirkleesVideos,Bin round reminder,01/04/2026 02:20 PM GMT,pagewatcher@govdelivery.com,0,0
https://public.govdelivery.com/accounts/UKKIRKLEES/subscriber/edit?preferences=true#tab1,Bin round reminder,01/04/2026 02:20 PM GMT,pagewatcher@govdelivery.com,0,0
http://www.kirklees.gov.uk/beta/information-and-data/pdf/privacy-notice-comms-and-marketing.pdf,Bin round reminder,01/04/2026 02:20 PM GMT,pagewatcher@govdelivery.com,0,0
http://www.govdelivery.com/portals/powered-by,Bin round reminder,01/04/2026 02:20 PM GMT,pagewatcher@govdelivery.com,0,0
https://www.instagram.com/kirklees.council,Bin round reminder,01/04/2026 02:40 PM GMT,pagewatcher@govdelivery.com,0,0
https://www.kirklees.gov.uk/binManagement/Green/20260105/R31MON,Bin round reminder,01/04/2026 02:40 PM GMT,pagewatcher@govdelivery.com,0,0
https://www.kirklees.gov.uk/beta/your-property-bins-recycling/recycling-items.aspx,Bin round reminder,01/04/2026 02:40 PM GMT,pagewatcher@govdelivery.com,0,0
https://public.govdelivery.com/accounts/UKKIRKLEES/subscriber/topics?qsp=UKKIRKLEES_7,Bin round reminder,01/04/2026 02:40 PM GMT,pagewatcher@govdelivery.com,0,0
https://www.facebook.com/liveinkirklees,Bin round reminder,01/04/2026 02:40 PM GMT,pagewatcher@govdelivery.com,0,0
https://twitter.com/KirkleesCouncil,Bin round reminder,01/04/2026 02:40 PM GMT,pagewatcher@govdelivery.com,0,0
https://www.youtube.com/user/KirkleesVideos,Bin round reminder,01/04/2026 02:40 PM GMT,pagewatcher@govdelivery.com,0,0
https://public.govdelivery.com/accounts/UKKIRKLEES/subscriber/edit?preferences=true#tab1,Bin round reminder,01/04/2026 02:40 PM GMT,pagewatcher@govdelivery.com,0,0
http://www.kirklees.gov.uk/reminder,Bin round reminder,01/04/2026 02:40 PM GMT,pagewatcher@govdelivery.com,0,0
https://subscriberhelp.govdelivery.com/hc/en-us,Bin round reminder,01/04/2026 02:40 PM GMT,pagewatcher@govdelivery.com,0,0
http://www.kirklees.gov.uk/beta/information-and-data/pdf/privacy-notice-comms-and-marketing.pdf,Bin round reminder,01/04/2026 02:40 PM GMT,pagewatcher@govdelivery.com,0,0
http://www.govdelivery.com/portals/powered-by,Bin round reminder,01/04/2026 02:40 PM GMT,pagewatcher@govdelivery.com,0,0
https://public.govdelivery.com/accounts/UKKIRKLEES/subscriber/topics?qsp=UKKIRKLEES_7,Bin round reminder,01/04/2026 02:20 PM GMT,pagewatcher@govdelivery.com,0,0
https://www.instagram.com/kirklees.council,Bin round reminder,01/04/2026 02:20 PM GMT,pagewatcher@govdelivery.com,0,0
https://www.facebook.com/liveinkirklees,Bin round reminder,01/04/2026 02:20 PM GMT,pagewatcher@govdelivery.com,0,0
https://twitter.com/KirkleesCouncil,Bin round reminder,01/04/2026 02:20 PM GMT,pagewatcher@govdelivery.com,0,0
https://www.youtube.com/user/KirkleesVideos,Bin round reminder,01/04/2026 02:20 PM GMT,pagewatcher@govdelivery.com,0,0
https://public.govdelivery.com/accounts/UKKIRKLEES/subscriber/edit?preferences=true#tab1,Bin round reminder,01/04/2026 02:20 PM GMT,pagewatcher@govdelivery.com,0,0
http://www.kirklees.gov.uk/reminder,Bin round reminder,01/04/2026 02:20 PM GMT,pagewatcher@govdelivery.com,0,0
https://subscriberhelp.govdelivery.com/hc/en-us,Bin round reminder,01/04/2026 02:20 PM GMT,pagewatcher@govdelivery.com,0,0
http://www.kirklees.gov.uk/beta/information-and-data/pdf/privacy-notice-comms-and-marketing.pdf,Bin round reminder,01/04/2026 02:20 PM GMT,pagewatcher@govdelivery.com,0,0
http://www.govdelivery.com/portals/powered-by,Bin round reminder,01/04/2026 02:20 PM GMT,pagewatcher@govdelivery.com,0,0
https://www.kirklees.gov.uk/binManagement/Green/20260106/R36TUE,Bin round reminder,01/05/2026 03:20 PM GMT,pagewatcher@govdelivery.com,0,0
https://www.kirklees.gov.uk/beta/your-property-bins-recycling/recycling-items.aspx,Bin round reminder,01/05/2026 03:20 PM GMT,pagewatcher@govdelivery.com,0,0
https://public.govdelivery.com/accounts/UKKIRKLEES/subscriber/topics?qsp=UKKIRKLEES_7,Bin round reminder,01/05/2026 03:20 PM GMT,pagewatcher@govdelivery.com,0,0
https://www.instagram.com/kirklees.council,Bin round reminder,01/05/2026 03:20 PM GMT,pagewatcher@govdelivery.com,0,0
https://www.facebook.com/liveinkirklees,Bin round reminder,01/05/2026 03:20 PM GMT,pagewatcher@govdelivery.com,0,0
https://twitter.com/KirkleesCouncil,Bin round reminder,01/05/2026 03:20 PM GMT,pagewatcher@govdelivery.com,0,0
https://www.youtube.com/user/KirkleesVideos,Bin round reminder,01/05/2026 03:20 PM GMT,pagewatcher@govdelivery.com,0,0
https://public.govdelivery.com/accounts/UKKIRKLEES/subscriber/edit?preferences=true#tab1,Bin round reminder,01/05/2026 03:20 PM GMT,pagewatcher@govdelivery.com,0,0
http://www.kirklees.gov.uk/reminder,Bin round reminder,01/05/2026 03:20 PM GMT,pagewatcher@govdelivery.com,0,0
https://subscriberhelp.govdelivery.com/hc/en-us,Bin round reminder,01/05/2026 03:20 PM GMT,pagewatcher@govdelivery.com,0,0
http://www.kirklees.gov.uk/beta/information-and-data/pdf/privacy-notice-comms-and-marketing.pdf,Bin round reminder,01/05/2026 03:20 PM GMT,pagewatcher@govdelivery.com,0,0
http://www.govdelivery.com/portals/powered-by,Bin round reminder,01/05/2026 03:20 PM GMT,pagewatcher@govdelivery.com,0,0
https://www.kirklees.gov.uk/binManagement/Green/20260106/RG01TUE,Bin round reminder,01/05/2026 03:10 PM GMT,pagewatcher@govdelivery.com,0,0
https://www.kirklees.gov.uk/beta/your-property-bins-recycling/recycling-items.aspx,Bin round reminder,01/05/2026 03:10 PM GMT,pagewatcher@govdelivery.com,0,0
https://public.govdelivery.com/accounts/UKKIRKLEES/subscriber/topics?qsp=UKKIRKLEES_7,Bin round reminder,01/05/2026 03:10 PM GMT,pagewatcher@govdelivery.com,0,0
https://www.instagram.com/kirklees.council,Bin round reminder,01/05/2026 03:10 PM GMT,pagewatcher@govdelivery.com,0,0
https://www.facebook.com/liveinkirklees,Bin round reminder,01/05/2026 03:10 PM GMT,pagewatcher@govdelivery.com,0,0
https://twitter.com/KirkleesCouncil,Bin round reminder,01/05/2026 03:10 PM GMT,pagewatcher@govdelivery.com,0,0
https://www.youtube.com/user/KirkleesVideos,Bin round reminder,01/05/2026 03:10 PM GMT,pagewatcher@govdelivery.com,0,0
https://public.govdelivery.com/accounts/UKKIRKLEES/subscriber/edit?preferences=true#tab1,Bin round reminder,01/05/2026 03:10 PM GMT,pagewatcher@govdelivery.com,0,0
http://www.kirklees.gov.uk/reminder,Bin round reminder,01/05/2026 03:10 PM GMT,pagewatcher@govdelivery.com,0,0
https://subscriberhelp.govdelivery.com/hc/en-us,Bin round reminder,01/05/2026 03:10 PM GMT,pagewatcher@govdelivery.com,0,0
http://www.kirklees.gov.uk/beta/information-and-data/pdf/privacy-notice-comms-and-marketing.pdf,Bin round reminder,01/05/2026 03:10 PM GMT,pagewatcher@govdelivery.com,0,0
http://www.govdelivery.com/portals/powered-by,Bin round reminder,01/05/2026 03:10 PM GMT,pagewatcher@govdelivery.com,0,0
https://subscriberhelp.govdelivery.com/hc/en-us,Bin round reminder,01/04/2026 02:30 PM GMT,pagewatcher@govdelivery.com,0,0
https://www.instagram.com/kirklees.council,Bin round reminder,01/04/2026 02:30 PM GMT,pagewatcher@govdelivery.com,0,0
https://www.facebook.com/liveinkirklees,Bin round reminder,01/04/2026 02:30 PM GMT,pagewatcher@govdelivery.com,0,0
https://twitter.com/KirkleesCouncil,Bin round reminder,01/04/2026 02:30 PM GMT,pagewatcher@govdelivery.com,0,0
https://www.youtube.com/user/KirkleesVideos,Bin round reminder,01/04/2026 02:30 PM GMT,pagewatcher@govdelivery.com,0,0
http://www.kirklees.gov.uk/reminder,Bin round reminder,01/04/2026 02:30 PM GMT,pagewatcher@govdelivery.com,0,0
http://www.kirklees.gov.uk/beta/information-and-data/pdf/privacy-notice-comms-and-marketing.pdf,Bin round reminder,01/04/2026 02:30 PM GMT,pagewatcher@govdelivery.com,0,0
http://www.govdelivery.com/portals/powered-by,Bin round reminder,01/04/2026 02:30 PM GMT,pagewatcher@govdelivery.com,0,0
https://www.youtube.com/user/KirkleesVideos,Bin round reminder,01/04/2026 03:30 PM GMT,pagewatcher@govdelivery.com,0,0
https://www.kirklees.gov.uk/beta/your-property-bins-recycling/recycling-items.aspx,Bin round reminder,01/04/2026 03:30 PM GMT,pagewatcher@govdelivery.com,0,0
https://www.instagram.com/kirklees.council,Bin round reminder,01/04/2026 03:30 PM GMT,pagewatcher@govdelivery.com,0,0
https://www.facebook.com/liveinkirklees,Bin round reminder,01/04/2026 03:30 PM GMT,pagewatcher@govdelivery.com,0,0
https://twitter.com/KirkleesCouncil,Bin round reminder,01/04/2026 03:30 PM GMT,pagewatcher@govdelivery.com,0,0
https://public.govdelivery.com/accounts/UKKIRKLEES/subscriber/edit?preferences=true#tab1,Bin round reminder,01/04/2026 03:30 PM GMT,pagewatcher@govdelivery.com,0,0
http://www.kirklees.gov.uk/reminder,Bin round reminder,01/04/2026 03:30 PM GMT,pagewatcher@govdelivery.com,0,0
https://subscriberhelp.govdelivery.com/hc/en-us,Bin round reminder,01/04/2026 03:30 PM GMT,pagewatcher@govdelivery.com,0,0
http://www.kirklees.gov.uk/beta/information-and-data/pdf/privacy-notice-comms-and-marketing.pdf,Bin round reminder,01/04/2026 03:30 PM GMT,pagewatcher@govdelivery.com,0,0
http://www.govdelivery.com/portals/powered-by,Bin round reminder,01/04/2026 03:30 PM GMT,pagewatcher@govdelivery.com,0,0
https://www.instagram.com/kirklees.council,Bin round reminder,01/04/2026 03:40 PM GMT,pagewatcher@govdelivery.com,0,0
https://www.kirklees.gov.uk/binManagement/Green/20260105/RG06MON,Bin round reminder,01/04/2026 03:40 PM GMT,pagewatcher@govdelivery.com,0,0
https://www.kirklees.gov.uk/beta/your-property-bins-recycling/recycling-items.aspx,Bin round reminder,01/04/2026 03:40 PM GMT,pagewatcher@govdelivery.com,0,0
https://public.govdelivery.com/accounts/UKKIRKLEES/subscriber/topics?qsp=UKKIRKLEES_7,Bin round reminder,01/04/2026 03:40 PM GMT,pagewatcher@govdelivery.com,0,0
https://www.facebook.com/liveinkirklees,Bin round reminder,01/04/2026 03:40 PM GMT,pagewatcher@govdelivery.com,0,0
https://twitter.com/KirkleesCouncil,Bin round reminder,01/04/2026 03:40 PM GMT,pagewatcher@govdelivery.com,0,0
https://www.youtube.com/user/KirkleesVideos,Bin round reminder,01/04/2026 03:40 PM GMT,pagewatcher@govdelivery.com,0,0
https://public.govdelivery.com/accounts/UKKIRKLEES/subscriber/edit?preferences=true#tab1,Bin round reminder,01/04/2026 03:40 PM GMT,pagewatcher@govdelivery.com,0,0
http://www.kirklees.gov.uk/reminder,Bin round reminder,01/04/2026 03:40 PM GMT,pagewatcher@govdelivery.com,0,0
https://subscriberhelp.govdelivery.com/hc/en-us,Bin round reminder,01/04/2026 03:40 PM GMT,pagewatcher@govdelivery.com,0,0
http://www.kirklees.gov.uk/beta/information-and-data/pdf/privacy-notice-comms-and-marketing.pdf,Bin round reminder,01/04/2026 03:40 PM GMT,pagewatcher@govdelivery.com,0,0
http://www.govdelivery.com/portals/powered-by,Bin round reminder,01/04/2026 03:40 PM GMT,pagewatcher@govdelivery.com,0,0
https://www.instagram.com/kirklees.council,Bin round reminder,01/04/2026 01:00 PM GMT,pagewatcher@govdelivery.com,0,0
https://www.kirklees.gov.uk/binManagement/Green/20260105/R35MON,Bin round reminder,01/04/2026 01:00 PM GMT,pagewatcher@govdelivery.com,0,0
https://www.kirklees.gov.uk/beta/your-property-bins-recycling/recycling-items.aspx,Bin round reminder,01/04/2026 01:00 PM GMT,pagewatcher@govdelivery.com,0,0
https://public.govdelivery.com/accounts/UKKIRKLEES/subscriber/topics?qsp=UKKIRKLEES_7,Bin round reminder,01/04/2026 01:00 PM GMT,pagewatcher@govdelivery.com,0,0
https://www.facebook.com/liveinkirklees,Bin round reminder,01/04/2026 01:00 PM GMT,pagewatcher@govdelivery.com,0,0
https://twitter.com/KirkleesCouncil,Bin round reminder,01/04/2026 01:00 PM GMT,pagewatcher@govdelivery.com,0,0
https://www.youtube.com/user/KirkleesVideos,Bin round reminder,01/04/2026 01:00 PM GMT,pagewatcher@govdelivery.com,0,0
https://public.govdelivery.com/accounts/UKKIRKLEES/subscriber/edit?preferences=true#tab1,Bin round reminder,01/04/2026 01:00 PM GMT,pagewatcher@govdelivery.com,0,0
http://www.kirklees.gov.uk/reminder,Bin round reminder,01/04/2026 01:00 PM GMT,pagewatcher@govdelivery.com,0,0
https://subscriberhelp.govdelivery.com/hc/en-us,Bin round reminder,01/04/2026 01:00 PM GMT,pagewatcher@govdelivery.com,0,0
http://www.kirklees.gov.uk/beta/information-and-data/pdf/privacy-notice-comms-and-marketing.pdf,Bin round reminder,01/04/2026 01:00 PM GMT,pagewatcher@govdelivery.com,0,0
http://www.govdelivery.com/portals/powered-by,Bin round reminder,01/04/2026 01:00 PM GMT,pagewatcher@govdelivery.com,0,0
https://www.kirklees.gov.uk/beta/your-property-bins-recycling/recycling-items.aspx,Bin round reminder,01/04/2026 12:00 AM GMT,pagewatcher@govdelivery.com,0,0
https://www.instagram.com/kirklees.council,Bin round reminder,01/04/2026 12:00 AM GMT,pagewatcher@govdelivery.com,0,0
https://www.facebook.com/liveinkirklees,Bin round reminder,01/04/2026 12:00 AM GMT,pagewatcher@govdelivery.com,0,0
https://twitter.com/KirkleesCouncil,Bin round reminder,01/04/2026 12:00 AM GMT,pagewatcher@govdelivery.com,0,0
https://www.youtube.com/user/KirkleesVideos,Bin round reminder,01/04/2026 12:00 AM GMT,pagewatcher@govdelivery.com,0,0
https://public.govdelivery.com/accounts/UKKIRKLEES/subscriber/edit?preferences=true#tab1,Bin round reminder,01/04/2026 12:00 AM GMT,pagewatcher@govdelivery.com,0,0
http://www.kirklees.gov.uk/reminder,Bin round reminder,01/04/2026 12:00 AM GMT,pagewatcher@govdelivery.com,0,0
https://subscriberhelp.govdelivery.com/hc/en-us,Bin round reminder,01/04/2026 12:00 AM GMT,pagewatcher@govdelivery.com,0,0
http://www.kirklees.gov.uk/beta/information-and-data/pdf/privacy-notice-comms-and-marketing.pdf,Bin round reminder,01/04/2026 12:00 AM GMT,pagewatcher@govdelivery.com,0,0
http://www.govdelivery.com/portals/powered-by,Bin round reminder,01/04/2026 12:00 AM GMT,pagewatcher@govdelivery.com,0,0
https://www.facebook.com/liveinkirklees,Bin round reminder,01/04/2026 04:00 PM GMT,pagewatcher@govdelivery.com,0,0
https://www.kirklees.gov.uk/binManagement/Green/20260105/RG03MON,Bin round reminder,01/04/2026 04:00 PM GMT,pagewatcher@govdelivery.com,0,0
https://www.kirklees.gov.uk/beta/your-property-bins-recycling/recycling-items.aspx,Bin round reminder,01/04/2026 04:00 PM GMT,pagewatcher@govdelivery.com,0,0
https://public.govdelivery.com/accounts/UKKIRKLEES/subscriber/topics?qsp=UKKIRKLEES_7,Bin round reminder,01/04/2026 04:00 PM GMT,pagewatcher@govdelivery.com,0,0
https://www.instagram.com/kirklees.council,Bin round reminder,01/04/2026 04:00 PM GMT,pagewatcher@govdelivery.com,0,0
https://twitter.com/KirkleesCouncil,Bin round reminder,01/04/2026 04:00 PM GMT,pagewatcher@govdelivery.com,0,0
https://www.youtube.com/user/KirkleesVideos,Bin round reminder,01/04/2026 04:00 PM GMT,pagewatcher@govdelivery.com,0,0
https://public.govdelivery.com/accounts/UKKIRKLEES/subscriber/edit?preferences=true#tab1,Bin round reminder,01/04/2026 04:00 PM GMT,pagewatcher@govdelivery.com,0,0
http://www.kirklees.gov.uk/reminder,Bin round reminder,01/04/2026 04:00 PM GMT,pagewatcher@govdelivery.com,0,0
https://subscriberhelp.govdelivery.com/hc/en-us,Bin round reminder,01/04/2026 04:00 PM GMT,pagewatcher@govdelivery.com,0,0
http://www.kirklees.gov.uk/beta/information-and-data/pdf/privacy-notice-comms-and-marketing.pdf,Bin round reminder,01/04/2026 04:00 PM GMT,pagewatcher@govdelivery.com,0,0
http://www.govdelivery.com/portals/powered-by,Bin round reminder,01/04/2026 04:00 PM GMT,pagewatcher@govdelivery.com,0,0
https://www.kirklees.gov.uk/binManagement/Green/20260105/R32MON,Bin round reminder,01/04/2026 02:30 PM GMT,pagewatcher@govdelivery.com,0,0
https://www.kirklees.gov.uk/beta/your-property-bins-recycling/recycling-items.aspx,Bin round reminder,01/04/2026 02:30 PM GMT,pagewatcher@govdelivery.com,0,0
https://public.govdelivery.com/accounts/UKKIRKLEES/subscriber/topics?qsp=UKKIRKLEES_7,Bin round reminder,01/04/2026 02:30 PM GMT,pagewatcher@govdelivery.com,0,0
https://www.instagram.com/kirklees.council,Bin round reminder,01/04/2026 02:30 PM GMT,pagewatcher@govdelivery.com,0,0
https://www.facebook.com/liveinkirklees,Bin round reminder,01/04/2026 02:30 PM GMT,pagewatcher@govdelivery.com,0,0
https://twitter.com/KirkleesCouncil,Bin round reminder,01/04/2026 02:30 PM GMT,pagewatcher@govdelivery.com,0,0
https://www.youtube.com/user/KirkleesVideos,Bin round reminder,01/04/2026 02:30 PM GMT,pagewatcher@govdelivery.com,0,0
https://public.govdelivery.com/accounts/UKKIRKLEES/subscriber/edit?preferences=true#tab1,Bin round reminder,01/04/2026 02:30 PM GMT,pagewatcher@govdelivery.com,0,0
http://www.kirklees.gov.uk/reminder,Bin round reminder,01/04/2026 02:30 PM GMT,pagewatcher@govdelivery.com,0,0
https://subscriberhelp.govdelivery.com/hc/en-us,Bin round reminder,01/04/2026 02:30 PM GMT,pagewatcher@govdelivery.com,0,0
http://www.kirklees.gov.uk/beta/information-and-data/pdf/privacy-notice-comms-and-marketing.pdf,Bin round reminder,01/04/2026 02:30 PM GMT,pagewatcher@govdelivery.com,0,0
http://www.govdelivery.com/portals/powered-by,Bin round reminder,01/04/2026 02:30 PM GMT,pagewatcher@govdelivery.com,0,0
https://www.kirklees.gov.uk/beta/your-property-bins-recycling/recycling-items.aspx,Bin round reminder,01/05/2026 04:20 PM GMT,pagewatcher@govdelivery.com,0,0
https://public.govdelivery.com/accounts/UKKIRKLEES/subscriber/topics?qsp=UKKIRKLEES_7,Bin round reminder,01/05/2026 04:20 PM GMT,pagewatcher@govdelivery.com,0,0
https://www.instagram.com/kirklees.council,Bin round reminder,01/05/2026 04:20 PM GMT,pagewatcher@govdelivery.com,0,0
https://www.facebook.com/liveinkirklees,Bin round reminder,01/05/2026 04:20 PM GMT,pagewatcher@govdelivery.com,0,0
https://twitter.com/KirkleesCouncil,Bin round reminder,01/05/2026 04:20 PM GMT,pagewatcher@govdelivery.com,0,0
https://www.youtube.com/user/KirkleesVideos,Bin round reminder,01/05/2026 04:20 PM GMT,pagewatcher@govdelivery.com,0,0
http://www.kirklees.gov.uk/reminder,Bin round reminder,01/05/2026 04:20 PM GMT,pagewatcher@govdelivery.com,0,0
https://subscriberhelp.govdelivery.com/hc/en-us,Bin round reminder,01/05/2026 04:20 PM GMT,pagewatcher@govdelivery.com,0,0
http://www.kirklees.gov.uk/beta/information-and-data/pdf/privacy-notice-comms-and-marketing.pdf,Bin round reminder,01/05/2026 04:20 PM GMT,pagewatcher@govdelivery.com,0,0
http://www.govdelivery.com/portals/powered-by,Bin round reminder,01/05/2026 04:20 PM GMT,pagewatcher@govdelivery.com,0,0
https://www.facebook.com/liveinkirklees,Bin round reminder,01/04/2026 01:00 PM GMT,pagewatcher@govdelivery.com,0,0
https://www.kirklees.gov.uk/binManagement/Green/20260106/R31TUE,Bin round reminder,01/05/2026 04:00 PM GMT,pagewatcher@govdelivery.com,0,0
https://public.govdelivery.com/accounts/UKKIRKLEES/subscriber/topics?qsp=UKKIRKLEES_7,Bin round reminder,01/05/2026 04:00 PM GMT,pagewatcher@govdelivery.com,0,0
https://www.instagram.com/kirklees.council,Bin round reminder,01/05/2026 04:00 PM GMT,pagewatcher@govdelivery.com,0,0
https://www.facebook.com/liveinkirklees,Bin round reminder,01/05/2026 04:00 PM GMT,pagewatcher@govdelivery.com,0,0
https://twitter.com/KirkleesCouncil,Bin round reminder,01/05/2026 04:00 PM GMT,pagewatcher@govdelivery.com,0,0
https://www.youtube.com/user/KirkleesVideos,Bin round reminder,01/05/2026 04:00 PM GMT,pagewatcher@govdelivery.com,0,0
https://public.govdelivery.com/accounts/UKKIRKLEES/subscriber/edit?preferences=true#tab1,Bin round reminder,01/05/2026 04:00 PM GMT,pagewatcher@govdelivery.com,0,0
http://www.kirklees.gov.uk/reminder,Bin round reminder,01/05/2026 04:00 PM GMT,pagewatcher@govdelivery.com,0,0
https://subscriberhelp.govdelivery.com/hc/en-us,Bin round reminder,01/05/2026 04:00 PM GMT,pagewatcher@govdelivery.com,0,0
http://www.kirklees.gov.uk/beta/information-and-data/pdf/privacy-notice-comms-and-marketing.pdf,Bin round reminder,01/05/2026 04:00 PM GMT,pagewatcher@govdelivery.com,0,0
http://www.govdelivery.com/portals/powered-by,Bin round reminder,01/05/2026 04:00 PM GMT,pagewatcher@govdelivery.com,0,0
https://www.kirklees.gov.uk/beta/your-property-bins-recycling/recycling-items.aspx,Bin round reminder,01/04/2026 01:00 PM GMT,pagewatcher@govdelivery.com,0,0
https://www.instagram.com/kirklees.council,Bin round reminder,01/04/2026 01:00 PM GMT,pagewatcher@govdelivery.com,0,0
https://twitter.com/KirkleesCouncil,Bin round reminder,01/04/2026 01:00 PM GMT,pagewatcher@govdelivery.com,0,0
https://www.youtube.com/user/KirkleesVideos,Bin round reminder,01/04/2026 01:00 PM GMT,pagewatcher@govdelivery.com,0,0
https://public.govdelivery.com/accounts/UKKIRKLEES/subscriber/edit?preferences=true#tab1,Bin round reminder,01/04/2026 01:00 PM GMT,pagewatcher@govdelivery.com,0,0
http://www.kirklees.gov.uk/reminder,Bin round reminder,01/04/2026 01:00 PM GMT,pagewatcher@govdelivery.com,0,0
https://subscriberhelp.govdelivery.com/hc/en-us,Bin round reminder,01/04/2026 01:00 PM GMT,pagewatcher@govdelivery.com,0,0
http://www.kirklees.gov.uk/beta/information-and-data/pdf/privacy-notice-comms-and-marketing.pdf,Bin round reminder,01/04/2026 01:00 PM GMT,pagewatcher@govdelivery.com,0,0
http://www.govdelivery.com/portals/powered-by,Bin round reminder,01/04/2026 01:00 PM GMT,pagewatcher@govdelivery.com,0,0
https://www.instagram.com/kirklees.council,Bin round reminder,01/05/2026 04:10 PM GMT,pagewatcher@govdelivery.com,0,0
https://www.kirklees.gov.uk/binManagement/Green/20260106/R35TUE,Bin round reminder,01/05/2026 04:10 PM GMT,pagewatcher@govdelivery.com,0,0
https://www.kirklees.gov.uk/beta/your-property-bins-recycling/recycling-items.aspx,Bin round reminder,01/05/2026 04:10 PM GMT,pagewatcher@govdelivery.com,0,0
https://public.govdelivery.com/accounts/UKKIRKLEES/subscriber/topics?qsp=UKKIRKLEES_7,Bin round reminder,01/05/2026 04:10 PM GMT,pagewatcher@govdelivery.com,0,0
https://www.facebook.com/liveinkirklees,Bin round reminder,01/05/2026 04:10 PM GMT,pagewatcher@govdelivery.com,0,0
https://twitter.com/KirkleesCouncil,Bin round reminder,01/05/2026 04:10 PM GMT,pagewatcher@govdelivery.com,0,0
https://www.youtube.com/user/KirkleesVideos,Bin round reminder,01/05/2026 04:10 PM GMT,pagewatcher@govdelivery.com,0,0
https://public.govdelivery.com/accounts/UKKIRKLEES/subscriber/edit?preferences=true#tab1,Bin round reminder,01/05/2026 04:10 PM GMT,pagewatcher@govdelivery.com,0,0
http://www.kirklees.gov.uk/reminder,Bin round reminder,01/05/2026 04:10 PM GMT,pagewatcher@govdelivery.com,0,0
https://subscriberhelp.govdelivery.com/hc/en-us,Bin round reminder,01/05/2026 04:10 PM GMT,pagewatcher@govdelivery.com,0,0
http://www.kirklees.gov.uk/beta/information-and-data/pdf/privacy-notice-comms-and-marketing.pdf,Bin round reminder,01/05/2026 04:10 PM GMT,pagewatcher@govdelivery.com,0,0
http://www.govdelivery.com/portals/powered-by,Bin round reminder,01/05/2026 04:10 PM GMT,pagewatcher@govdelivery.com,0,0
https://www.kirklees.gov.uk/binManagement/Grey/20260106/DG13TUE,Bin round reminder,01/05/2026 04:10 PM GMT,pagewatcher@govdelivery.com,0,0
https://www.instagram.com/kirklees.council,Bin round reminder,01/05/2026 04:10 PM GMT,pagewatcher@govdelivery.com,0,0
https://www.facebook.com/liveinkirklees,Bin round reminder,01/05/2026 04:10 PM GMT,pagewatcher@govdelivery.com,0,0
https://twitter.com/KirkleesCouncil,Bin round reminder,01/05/2026 04:10 PM GMT,pagewatcher@govdelivery.com,0,0
https://www.youtube.com/user/KirkleesVideos,Bin round reminder,01/05/2026 04:10 PM GMT,pagewatcher@govdelivery.com,0,0
https://public.govdelivery.com/accounts/UKKIRKLEES/subscriber/edit?preferences=true#tab1,Bin round reminder,01/05/2026 04:10 PM GMT,pagewatcher@govdelivery.com,0,0
http://www.kirklees.gov.uk/reminder,Bin round reminder,01/05/2026 04:10 PM GMT,pagewatcher@govdelivery.com,0,0
https://subscriberhelp.govdelivery.com/hc/en-us,Bin round reminder,01/05/2026 04:10 PM GMT,pagewatcher@govdelivery.com,0,0
http://www.kirklees.gov.uk/beta/information-and-data/pdf/privacy-notice-comms-and-marketing.pdf,Bin round reminder,01/05/2026 04:10 PM GMT,pagewatcher@govdelivery.com,0,0
http://www.govdelivery.com/portals/powered-by,Bin round reminder,01/05/2026 04:10 PM GMT,pagewatcher@govdelivery.com,0,0
https://www.instagram.com/kirklees.council,Bin round reminder,01/04/2026 04:10 PM GMT,pagewatcher@govdelivery.com,0,0
https://www.kirklees.gov.uk/beta/your-property-bins-recycling/recycling-items.aspx,Bin round reminder,01/04/2026 04:10 PM GMT,pagewatcher@govdelivery.com,0,0
https://public.govdelivery.com/accounts/UKKIRKLEES/subscriber/topics?qsp=UKKIRKLEES_7,Bin round reminder,01/04/2026 04:10 PM GMT,pagewatcher@govdelivery.com,0,0
https://www.facebook.com/liveinkirklees,Bin round reminder,01/04/2026 04:10 PM GMT,pagewatcher@govdelivery.com,0,0
https://twitter.com/KirkleesCouncil,Bin round reminder,01/04/2026 04:10 PM GMT,pagewatcher@govdelivery.com,0,0
https://www.youtube.com/user/KirkleesVideos,Bin round reminder,01/04/2026 04:10 PM GMT,pagewatcher@govdelivery.com,0,0
https://public.govdelivery.com/accounts/UKKIRKLEES/subscriber/edit?preferences=true#tab1,Bin round reminder,01/04/2026 04:10 PM GMT,pagewatcher@govdelivery.com,0,0
http://www.kirklees.gov.uk/reminder,Bin round reminder,01/04/2026 04:10 PM GMT,pagewatcher@govdelivery.com,0,0
https://subscriberhelp.govdelivery.com/hc/en-us,Bin round reminder,01/04/2026 04:10 PM GMT,pagewatcher@govdelivery.com,0,0
http://www.kirklees.gov.uk/beta/information-and-data/pdf/privacy-notice-comms-and-marketing.pdf,Bin round reminder,01/04/2026 04:10 PM GMT,pagewatcher@govdelivery.com,0,0
http://www.govdelivery.com/portals/powered-by,Bin round reminder,01/04/2026 04:10 PM GMT,pagewatcher@govdelivery.com,0,0
https://www.instagram.com/kirklees.council,Bin round reminder,01/05/2026 02:20 PM GMT,pagewatcher@govdelivery.com,0,0
https://www.kirklees.gov.uk/beta/your-property-bins-recycling/recycling-items.aspx,Bin round reminder,01/05/2026 02:20 PM GMT,pagewatcher@govdelivery.com,0,0
https://public.govdelivery.com/accounts/UKKIRKLEES/subscriber/topics?qsp=UKKIRKLEES_7,Bin round reminder,01/05/2026 02:20 PM GMT,pagewatcher@govdelivery.com,0,0
https://www.facebook.com/liveinkirklees,Bin round reminder,01/05/2026 02:20 PM GMT,pagewatcher@govdelivery.com,0,0
https://twitter.com/KirkleesCouncil,Bin round reminder,01/05/2026 02:20 PM GMT,pagewatcher@govdelivery.com,0,0
https://www.youtube.com/user/KirkleesVideos,Bin round reminder,01/05/2026 02:20 PM GMT,pagewatcher@govdelivery.com,0,0
https://public.govdelivery.com/accounts/UKKIRKLEES/subscriber/edit?preferences=true#tab1,Bin round reminder,01/05/2026 02:20 PM GMT,pagewatcher@govdelivery.com,0,0
http://www.kirklees.gov.uk/reminder,Bin round reminder,01/05/2026 02:20 PM GMT,pagewatcher@govdelivery.com,0,0
https://subscriberhelp.govdelivery.com/hc/en-us,Bin round reminder,01/05/2026 02:20 PM GMT,pagewatcher@govdelivery.com,0,0
http://www.kirklees.gov.uk/beta/information-and-data/pdf/privacy-notice-comms-and-marketing.pdf,Bin round reminder,01/05/2026 02:20 PM GMT,pagewatcher@govdelivery.com,0,0
http://www.govdelivery.com/portals/powered-by,Bin round reminder,01/05/2026 02:20 PM GMT,pagewatcher@govdelivery.com,0,0
https://www.instagram.com/kirklees.council,Bin round reminder,01/04/2026 03:30 PM GMT,pagewatcher@govdelivery.com,0,0
https://public.govdelivery.com/accounts/UKKIRKLEES/subscriber/topics?qsp=UKKIRKLEES_7,Bin round reminder,01/04/2026 03:30 PM GMT,pagewatcher@govdelivery.com,0,0
https://www.facebook.com/liveinkirklees,Bin round reminder,01/04/2026 03:30 PM GMT,pagewatcher@govdelivery.com,0,0
https://twitter.com/KirkleesCouncil,Bin round reminder,01/04/2026 03:30 PM GMT,pagewatcher@govdelivery.com,0,0
https://www.youtube.com/user/KirkleesVideos,Bin round reminder,01/04/2026 03:30 PM GMT,pagewatcher@govdelivery.com,0,0
http://www.kirklees.gov.uk/reminder,Bin round reminder,01/04/2026 03:30 PM GMT,pagewatcher@govdelivery.com,0,0
https://subscriberhelp.govdelivery.com/hc/en-us,Bin round reminder,01/04/2026 03:30 PM GMT,pagewatcher@govdelivery.com,0,0
http://www.kirklees.gov.uk/beta/information-and-data/pdf/privacy-notice-comms-and-marketing.pdf,Bin round reminder,01/04/2026 03:30 PM GMT,pagewatcher@govdelivery.com,0,0
http://www.govdelivery.com/portals/powered-by,Bin round reminder,01/04/2026 03:30 PM GMT,pagewatcher@govdelivery.com,0,0
https://www.instagram.com/kirklees.council,Bin round reminder,01/04/2026 03:20 PM GMT,pagewatcher@govdelivery.com,0,0
https://public.govdelivery.com/accounts/UKKIRKLEES/subscriber/topics?qsp=UKKIRKLEES_7,Bin round reminder,01/04/2026 03:20 PM GMT,pagewatcher@govdelivery.com,0,0
https://www.facebook.com/liveinkirklees,Bin round reminder,01/04/2026 03:20 PM GMT,pagewatcher@govdelivery.com,0,0
https://twitter.com/KirkleesCouncil,Bin round reminder,01/04/2026 03:20 PM GMT,pagewatcher@govdelivery.com,0,0
https://www.youtube.com/user/KirkleesVideos,Bin round reminder,01/04/2026 03:20 PM GMT,pagewatcher@govdelivery.com,0,0
https://public.govdelivery.com/accounts/UKKIRKLEES/subscriber/edit?preferences=true#tab1,Bin round reminder,01/04/2026 03:20 PM GMT,pagewatcher@govdelivery.com,0,0
http://www.kirklees.gov.uk/reminder,Bin round reminder,01/04/2026 03:20 PM GMT,pagewatcher@govdelivery.com,0,0
https://subscriberhelp.govdelivery.com/hc/en-us,Bin round reminder,01/04/2026 03:20 PM GMT,pagewatcher@govdelivery.com,0,0
http://www.kirklees.gov.uk/beta/information-and-data/pdf/privacy-notice-comms-and-marketing.pdf,Bin round reminder,01/04/2026 03:20 PM GMT,pagewatcher@govdelivery.com,0,0
http://www.govdelivery.com/portals/powered-by,Bin round reminder,01/04/2026 03:20 PM GMT,pagewatcher@govdelivery.com,0,0
https://www.kirklees.gov.uk/beta/your-property-bins-recycling/recycling-items.aspx,Bin round reminder,01/04/2026 03:20 PM GMT,pagewatcher@govdelivery.com,0,0
https://public.govdelivery.com/accounts/UKKIRKLEES/subscriber/topics?qsp=UKKIRKLEES_7,Bin round reminder,01/04/2026 03:20 PM GMT,pagewatcher@govdelivery.com,0,0
https://www.instagram.com/kirklees.council,Bin round reminder,01/04/2026 03:20 PM GMT,pagewatcher@govdelivery.com,0,0
https://www.facebook.com/liveinkirklees,Bin round reminder,01/04/2026 03:20 PM GMT,pagewatcher@govdelivery.com,0,0
https://twitter.com/KirkleesCouncil,Bin round reminder,01/04/2026 03:20 PM GMT,pagewatcher@govdelivery.com,0,0
https://www.youtube.com/user/KirkleesVideos,Bin round reminder,01/04/2026 03:20 PM GMT,pagewatcher@govdelivery.com,0,0
https://public.govdelivery.com/accounts/UKKIRKLEES/subscriber/edit?preferences=true#tab1,Bin round reminder,01/04/2026 03:20 PM GMT,pagewatcher@govdelivery.com,0,0
http://www.kirklees.gov.uk/reminder,Bin round reminder,01/04/2026 03:20 PM GMT,pagewatcher@govdelivery.com,0,0
https://subscriberhelp.govdelivery.com/hc/en-us,Bin round reminder,01/04/2026 03:20 PM GMT,pagewatcher@govdelivery.com,0,0
http://www.kirklees.gov.uk/beta/information-and-data/pdf/privacy-notice-comms-and-marketing.pdf,Bin round reminder,01/04/2026 03:20 PM GMT,pagewatcher@govdelivery.com,0,0
http://www.govdelivery.com/portals/powered-by,Bin round reminder,01/04/2026 03:20 PM GMT,pagewatcher@govdelivery.com,0,0
https://www.facebook.com/liveinkirklees,Bin round reminder,01/05/2026 12:00 AM GMT,pagewatcher@govdelivery.com,0,0
https://www.kirklees.gov.uk/beta/your-property-bins-recycling/recycling-items.aspx,Bin round reminder,01/05/2026 12:00 AM GMT,pagewatcher@govdelivery.com,0,0
https://www.instagram.com/kirklees.council,Bin round reminder,01/05/2026 12:00 AM GMT,pagewatcher@govdelivery.com,0,0
https://twitter.com/KirkleesCouncil,Bin round reminder,01/05/2026 12:00 AM GMT,pagewatcher@govdelivery.com,0,0
https://www.youtube.com/user/KirkleesVideos,Bin round reminder,01/05/2026 12:00 AM GMT,pagewatcher@govdelivery.com,0,0
https://public.govdelivery.com/accounts/UKKIRKLEES/subscriber/edit?preferences=true#tab1,Bin round reminder,01/05/2026 12:00 AM GMT,pagewatcher@govdelivery.com,0,0
http://www.kirklees.gov.uk/reminder,Bin round reminder,01/05/2026 12:00 AM GMT,pagewatcher@govdelivery.com,0,0
https://subscriberhelp.govdelivery.com/hc/en-us,Bin round reminder,01/05/2026 12:00 AM GMT,pagewatcher@govdelivery.com,0,0
http://www.kirklees.gov.uk/beta/information-and-data/pdf/privacy-notice-comms-and-marketing.pdf,Bin round reminder,01/05/2026 12:00 AM GMT,pagewatcher@govdelivery.com,0,0
http://www.govdelivery.com/portals/powered-by,Bin round reminder,01/05/2026 12:00 AM GMT,pagewatcher@govdelivery.com,0,0
https://www.instagram.com/kirklees.council,Bin round reminder,01/05/2026 02:10 PM GMT,pagewatcher@govdelivery.com,0,0
https://www.kirklees.gov.uk/binManagement/Green/20260106/R32TUE,Bin round reminder,01/05/2026 02:10 PM GMT,pagewatcher@govdelivery.com,0,0
https://www.kirklees.gov.uk/beta/your-property-bins-recycling/recycling-items.aspx,Bin round reminder,01/05/2026 02:10 PM GMT,pagewatcher@govdelivery.com,0,0
https://public.govdelivery.com/accounts/UKKIRKLEES/subscriber/topics?qsp=UKKIRKLEES_7,Bin round reminder,01/05/2026 02:10 PM GMT,pagewatcher@govdelivery.com,0,0
https://www.facebook.com/liveinkirklees,Bin round reminder,01/05/2026 02:10 PM GMT,pagewatcher@govdelivery.com,0,0
https://twitter.com/KirkleesCouncil,Bin round reminder,01/05/2026 02:10 PM GMT,pagewatcher@govdelivery.com,0,0
https://www.youtube.com/user/KirkleesVideos,Bin round reminder,01/05/2026 02:10 PM GMT,pagewatcher@govdelivery.com,0,0
https://public.govdelivery.com/accounts/UKKIRKLEES/subscriber/edit?preferences=true#tab1,Bin round reminder,01/05/2026 02:10 PM GMT,pagewatcher@govdelivery.com,0,0
http://www.kirklees.gov.uk/reminder,Bin round reminder,01/05/2026 02:10 PM GMT,pagewatcher@govdelivery.com,0,0
https://subscriberhelp.govdelivery.com/hc/en-us,Bin round reminder,01/05/2026 02:10 PM GMT,pagewatcher@govdelivery.com,0,0
http://www.kirklees.gov.uk/beta/information-and-data/pdf/privacy-notice-comms-and-marketing.pdf,Bin round reminder,01/05/2026 02:10 PM GMT,pagewatcher@govdelivery.com,0,0
http://www.govdelivery.com/portals/powered-by,Bin round reminder,01/05/2026 02:10 PM GMT,pagewatcher@govdelivery.com,0,0
https://www.facebook.com/liveinkirklees,Bin round reminder,01/05/2026 03:40 PM GMT,pagewatcher@govdelivery.com,0,0
https://www.kirklees.gov.uk/binManagement/Grey/20260106/DG12TUE,Bin round reminder,01/05/2026 03:40 PM GMT,pagewatcher@govdelivery.com,0,0
https://www.kirklees.gov.uk/beta/your-property-bins-recycling/recycling-items.aspx,Bin round reminder,01/05/2026 03:40 PM GMT,pagewatcher@govdelivery.com,0,0
https://www.instagram.com/kirklees.council,Bin round reminder,01/05/2026 03:40 PM GMT,pagewatcher@govdelivery.com,0,0
https://twitter.com/KirkleesCouncil,Bin round reminder,01/05/2026 03:40 PM GMT,pagewatcher@govdelivery.com,0,0
https://www.youtube.com/user/KirkleesVideos,Bin round reminder,01/05/2026 03:40 PM GMT,pagewatcher@govdelivery.com,0,0
https://public.govdelivery.com/accounts/UKKIRKLEES/subscriber/edit?preferences=true#tab1,Bin round reminder,01/05/2026 03:40 PM GMT,pagewatcher@govdelivery.com,0,0
http://www.kirklees.gov.uk/reminder,Bin round reminder,01/05/2026 03:40 PM GMT,pagewatcher@govdelivery.com,0,0
https://subscriberhelp.govdelivery.com/hc/en-us,Bin round reminder,01/05/2026 03:40 PM GMT,pagewatcher@govdelivery.com,0,0
http://www.kirklees.gov.uk/beta/information-and-data/pdf/privacy-notice-comms-and-marketing.pdf,Bin round reminder,01/05/2026 03:40 PM GMT,pagewatcher@govdelivery.com,0,0
http://www.govdelivery.com/portals/powered-by,Bin round reminder,01/05/2026 03:40 PM GMT,pagewatcher@govdelivery.com,0,0
https://www.kirklees.gov.uk/binManagement/Grey/20260106/D34TUE,Bin round reminder,01/05/2026 04:10 PM GMT,pagewatcher@govdelivery.com,0,0
https://www.kirklees.gov.uk/beta/your-property-bins-recycling/recycling-items.aspx,Bin round reminder,01/05/2026 04:10 PM GMT,pagewatcher@govdelivery.com,0,0
https://www.instagram.com/kirklees.council,Bin round reminder,01/05/2026 04:10 PM GMT,pagewatcher@govdelivery.com,0,0
https://www.facebook.com/liveinkirklees,Bin round reminder,01/05/2026 04:10 PM GMT,pagewatcher@govdelivery.com,0,0
https://twitter.com/KirkleesCouncil,Bin round reminder,01/05/2026 04:10 PM GMT,pagewatcher@govdelivery.com,0,0
https://www.youtube.com/user/KirkleesVideos,Bin round reminder,01/05/2026 04:10 PM GMT,pagewatcher@govdelivery.com,0,0
http://www.kirklees.gov.uk/beta/information-and-data/pdf/privacy-notice-comms-and-marketing.pdf,Bin round reminder,01/05/2026 04:10 PM GMT,pagewatcher@govdelivery.com,0,0
https://public.govdelivery.com/accounts/UKKIRKLEES/subscriber/edit?preferences=true#tab1,Bin round reminder,01/05/2026 04:10 PM GMT,pagewatcher@govdelivery.com,0,0
https://subscriberhelp.govdelivery.com/hc/en-us,Bin round reminder,01/05/2026 04:10 PM GMT,pagewatcher@govdelivery.com,0,0
http://www.govdelivery.com/portals/powered-by,Bin round reminder,01/05/2026 04:10 PM GMT,pagewatcher@govdelivery.com,0,0
https://www.instagram.com/kirklees.council,Bin round reminder,01/04/2026 03:50 PM GMT,pagewatcher@govdelivery.com,0,0
https://www.kirklees.gov.uk/beta/your-property-bins-recycling/recycling-items.aspx,Bin round reminder,01/04/2026 03:50 PM GMT,pagewatcher@govdelivery.com,0,0
https://public.govdelivery.com/accounts/UKKIRKLEES/subscriber/topics?qsp=UKKIRKLEES_7,Bin round reminder,01/04/2026 03:50 PM GMT,pagewatcher@govdelivery.com,0,0
https://www.facebook.com/liveinkirklees,Bin round reminder,01/04/2026 03:50 PM GMT,pagewatcher@govdelivery.com,0,0
https://twitter.com/KirkleesCouncil,Bin round reminder,01/04/2026 03:50 PM GMT,pagewatcher@govdelivery.com,0,0
https://www.youtube.com/user/KirkleesVideos,Bin round reminder,01/04/2026 03:50 PM GMT,pagewatcher@govdelivery.com,0,0
https://public.govdelivery.com/accounts/UKKIRKLEES/subscriber/edit?preferences=true#tab1,Bin round reminder,01/04/2026 03:50 PM GMT,pagewatcher@govdelivery.com,0,0
http://www.kirklees.gov.uk/reminder,Bin round reminder,01/04/2026 03:50 PM GMT,pagewatcher@govdelivery.com,0,0
https://subscriberhelp.govdelivery.com/hc/en-us,Bin round reminder,01/04/2026 03:50 PM GMT,pagewatcher@govdelivery.com,0,0
http://www.kirklees.gov.uk/beta/information-and-data/pdf/privacy-notice-comms-and-marketing.pdf,Bin round reminder,01/04/2026 03:50 PM GMT,pagewatcher@govdelivery.com,0,0
http://www.govdelivery.com/portals/powered-by,Bin round reminder,01/04/2026 03:50 PM GMT,pagewatcher@govdelivery.com,0,0
https://www.facebook.com/liveinkirklees,Bin round reminder,01/04/2026 02:50 PM GMT,pagewatcher@govdelivery.com,0,0
https://www.kirklees.gov.uk/binManagement/Grey/20260105/DG14MON,Bin round reminder,01/04/2026 02:50 PM GMT,pagewatcher@govdelivery.com,0,0
https://www.kirklees.gov.uk/beta/your-property-bins-recycling/recycling-items.aspx,Bin round reminder,01/04/2026 02:50 PM GMT,pagewatcher@govdelivery.com,0,0
https://www.instagram.com/kirklees.council,Bin round reminder,01/04/2026 02:50 PM GMT,pagewatcher@govdelivery.com,0,0
https://twitter.com/KirkleesCouncil,Bin round reminder,01/04/2026 02:50 PM GMT,pagewatcher@govdelivery.com,0,0
https://www.youtube.com/user/KirkleesVideos,Bin round reminder,01/04/2026 02:50 PM GMT,pagewatcher@govdelivery.com,0,0
https://public.govdelivery.com/accounts/UKKIRKLEES/subscriber/edit?preferences=true#tab1,Bin round reminder,01/04/2026 02:50 PM GMT,pagewatcher@govdelivery.com,0,0
http://www.kirklees.gov.uk/reminder,Bin round reminder,01/04/2026 02:50 PM GMT,pagewatcher@govdelivery.com,0,0
https://subscriberhelp.govdelivery.com/hc/en-us,Bin round reminder,01/04/2026 02:50 PM GMT,pagewatcher@govdelivery.com,0,0
http://www.kirklees.gov.uk/beta/information-and-data/pdf/privacy-notice-comms-and-marketing.pdf,Bin round reminder,01/04/2026 02:50 PM GMT,pagewatcher@govdelivery.com,0,0
http://www.govdelivery.com/portals/powered-by,Bin round reminder,01/04/2026 02:50 PM GMT,pagewatcher@govdelivery.com,0,0
https://www.kirklees.gov.uk/binManagement/Green/20260106/R38TUE,Bin round reminder,01/05/2026 02:10 PM GMT,pagewatcher@govdelivery.com,0,0
https://www.kirklees.gov.uk/beta/your-property-bins-recycling/recycling-items.aspx,Bin round reminder,01/05/2026 02:10 PM GMT,pagewatcher@govdelivery.com,0,0
https://public.govdelivery.com/accounts/UKKIRKLEES/subscriber/topics?qsp=UKKIRKLEES_7,Bin round reminder,01/05/2026 02:10 PM GMT,pagewatcher@govdelivery.com,0,0
https://www.instagram.com/kirklees.council,Bin round reminder,01/05/2026 02:10 PM GMT,pagewatcher@govdelivery.com,0,0
https://www.facebook.com/liveinkirklees,Bin round reminder,01/05/2026 02:10 PM GMT,pagewatcher@govdelivery.com,0,0
https://twitter.com/KirkleesCouncil,Bin round reminder,01/05/2026 02:10 PM GMT,pagewatcher@govdelivery.com,0,0
https://www.youtube.com/user/KirkleesVideos,Bin round reminder,01/05/2026 02:10 PM GMT,pagewatcher@govdelivery.com,0,0
https://public.govdelivery.com/accounts/UKKIRKLEES/subscriber/edit?preferences=true#tab1,Bin round reminder,01/05/2026 02:10 PM GMT,pagewatcher@govdelivery.com,0,0
http://www.kirklees.gov.uk/reminder,Bin round reminder,01/05/2026 02:10 PM GMT,pagewatcher@govdelivery.com,0,0
https://subscriberhelp.govdelivery.com/hc/en-us,Bin round reminder,01/05/2026 02:10 PM GMT,pagewatcher@govdelivery.com,0,0
http://www.kirklees.gov.uk/beta/information-and-data/pdf/privacy-notice-comms-and-marketing.pdf,Bin round reminder,01/05/2026 02:10 PM GMT,pagewatcher@govdelivery.com,0,0
http://www.govdelivery.com/portals/powered-by,Bin round reminder,01/05/2026 02:10 PM GMT,pagewatcher@govdelivery.com,0,0
https://www.kirklees.gov.uk/binManagement/Green/20260105/RG09MON,Bin round reminder,01/04/2026 03:10 PM GMT,pagewatcher@govdelivery.com,0,0
https://www.kirklees.gov.uk/beta/your-property-bins-recycling/recycling-items.aspx,Bin round reminder,01/04/2026 03:10 PM GMT,pagewatcher@govdelivery.com,0,0
https://public.govdelivery.com/accounts/UKKIRKLEES/subscriber/topics?qsp=UKKIRKLEES_7,Bin round reminder,01/04/2026 03:10 PM GMT,pagewatcher@govdelivery.com,0,0
https://www.instagram.com/kirklees.council,Bin round reminder,01/04/2026 03:10 PM GMT,pagewatcher@govdelivery.com,0,0
https://www.facebook.com/liveinkirklees,Bin round reminder,01/04/2026 03:10 PM GMT,pagewatcher@govdelivery.com,0,0
https://twitter.com/KirkleesCouncil,Bin round reminder,01/04/2026 03:10 PM GMT,pagewatcher@govdelivery.com,0,0
https://www.youtube.com/user/KirkleesVideos,Bin round reminder,01/04/2026 03:10 PM GMT,pagewatcher@govdelivery.com,0,0
https://public.govdelivery.com/accounts/UKKIRKLEES/subscriber/edit?preferences=true#tab1,Bin round reminder,01/04/2026 03:10 PM GMT,pagewatcher@govdelivery.com,0,0
http://www.kirklees.gov.uk/reminder,Bin round reminder,01/04/2026 03:10 PM GMT,pagewatcher@govdelivery.com,0,0
https://subscriberhelp.govdelivery.com/hc/en-us,Bin round reminder,01/04/2026 03:10 PM GMT,pagewatcher@govdelivery.com,0,0
http://www.kirklees.gov.uk/beta/information-and-data/pdf/privacy-notice-comms-and-marketing.pdf,Bin round reminder,01/04/2026 03:10 PM GMT,pagewatcher@govdelivery.com,0,0
http://www.govdelivery.com/portals/powered-by,Bin round reminder,01/04/2026 03:10 PM GMT,pagewatcher@govdelivery.com,0,0
https://www.kirklees.gov.uk/binManagement/Green/20260105/R38MON,Bin round reminder,01/04/2026 04:00 PM GMT,pagewatcher@govdelivery.com,0,0
https://www.kirklees.gov.uk/beta/your-property-bins-recycling/recycling-items.aspx,Bin round reminder,01/04/2026 04:00 PM GMT,pagewatcher@govdelivery.com,0,0
https://public.govdelivery.com/accounts/UKKIRKLEES/subscriber/topics?qsp=UKKIRKLEES_7,Bin round reminder,01/04/2026 04:00 PM GMT,pagewatcher@govdelivery.com,0,0
https://www.instagram.com/kirklees.council,Bin round reminder,01/04/2026 04:00 PM GMT,pagewatcher@govdelivery.com,0,0
https://www.facebook.com/liveinkirklees,Bin round reminder,01/04/2026 04:00 PM GMT,pagewatcher@govdelivery.com,0,0
https://twitter.com/KirkleesCouncil,Bin round reminder,01/04/2026 04:00 PM GMT,pagewatcher@govdelivery.com,0,0
https://www.youtube.com/user/KirkleesVideos,Bin round reminder,01/04/2026 04:00 PM GMT,pagewatcher@govdelivery.com,0,0
https://public.govdelivery.com/accounts/UKKIRKLEES/subscriber/edit?preferences=true#tab1,Bin round reminder,01/04/2026 04:00 PM GMT,pagewatcher@govdelivery.com,0,0
http://www.kirklees.gov.uk/reminder,Bin round reminder,01/04/2026 04:00 PM GMT,pagewatcher@govdelivery.com,0,0
https://subscriberhelp.govdelivery.com/hc/en-us,Bin round reminder,01/04/2026 04:00 PM GMT,pagewatcher@govdelivery.com,0,0
http://www.kirklees.gov.uk/beta/information-and-data/pdf/privacy-notice-comms-and-marketing.pdf,Bin round reminder,01/04/2026 04:00 PM GMT,pagewatcher@govdelivery.com,0,0
http://www.govdelivery.com/portals/powered-by,Bin round reminder,01/04/2026 04:00 PM GMT,pagewatcher@govdelivery.com,0,0
http://www.govdelivery.com/portals/powered-by,Bin round reminder,01/05/2026 12:00 AM GMT,pagewatcher@govdelivery.com,0,0
https://www.kirklees.gov.uk/beta/your-property-bins-recycling/recycling-items.aspx,Bin round reminder,01/05/2026 12:00 AM GMT,pagewatcher@govdelivery.com,0,0
https://www.instagram.com/kirklees.council,Bin round reminder,01/05/2026 12:00 AM GMT,pagewatcher@govdelivery.com,0,0
https://www.facebook.com/liveinkirklees,Bin round reminder,01/05/2026 12:00 AM GMT,pagewatcher@govdelivery.com,0,0
https://twitter.com/KirkleesCouncil,Bin round reminder,01/05/2026 12:00 AM GMT,pagewatcher@govdelivery.com,0,0
https://www.youtube.com/user/KirkleesVideos,Bin round reminder,01/05/2026 12:00 AM GMT,pagewatcher@govdelivery.com,0,0
https://public.govdelivery.com/accounts/UKKIRKLEES/subscriber/edit?preferences=true#tab1,Bin round reminder,01/05/2026 12:00 AM GMT,pagewatcher@govdelivery.com,0,0
http://www.kirklees.gov.uk/beta/information-and-data/pdf/privacy-notice-comms-and-marketing.pdf,Bin round reminder,01/05/2026 12:00 AM GMT,pagewatcher@govdelivery.com,0,0
https://www.kirklees.gov.uk/beta/your-property-bins-recycling/recycling-items.aspx,Bin round reminder,01/05/2026 02:40 PM GMT,pagewatcher@govdelivery.com,0,0
https://public.govdelivery.com/accounts/UKKIRKLEES/subscriber/topics?qsp=UKKIRKLEES_7,Bin round reminder,01/05/2026 02:40 PM GMT,pagewatcher@govdelivery.com,0,0
https://www.instagram.com/kirklees.council,Bin round reminder,01/05/2026 02:40 PM GMT,pagewatcher@govdelivery.com,0,0
https://www.facebook.com/liveinkirklees,Bin round reminder,01/05/2026 02:40 PM GMT,pagewatcher@govdelivery.com,0,0
https://twitter.com/KirkleesCouncil,Bin round reminder,01/05/2026 02:40 PM GMT,pagewatcher@govdelivery.com,0,0
https://www.youtube.com/user/KirkleesVideos,Bin round reminder,01/05/2026 02:40 PM GMT,pagewatcher@govdelivery.com,0,0
http://www.kirklees.gov.uk/reminder,Bin round reminder,01/05/2026 02:40 PM GMT,pagewatcher@govdelivery.com,0,0
https://subscriberhelp.govdelivery.com/hc/en-us,Bin round reminder,01/05/2026 02:40 PM GMT,pagewatcher@govdelivery.com,0,0
http://www.kirklees.gov.uk/beta/information-and-data/pdf/privacy-notice-comms-and-marketing.pdf,Bin round reminder,01/05/2026 02:40 PM GMT,pagewatcher@govdelivery.com,0,0
http://www.govdelivery.com/portals/powered-by,Bin round reminder,01/05/2026 02:40 PM GMT,pagewatcher@govdelivery.com,0,0
https://www.instagram.com/kirklees.council,Bin round reminder,01/05/2026 03:00 PM GMT,pagewatcher@govdelivery.com,0,0
https://www.kirklees.gov.uk/beta/your-property-bins-recycling/recycling-items.aspx,Bin round reminder,01/05/2026 03:00 PM GMT,pagewatcher@govdelivery.com,0,0
https://public.govdelivery.com/accounts/UKKIRKLEES/subscriber/topics?qsp=UKKIRKLEES_7,Bin round reminder,01/05/2026 03:00 PM GMT,pagewatcher@govdelivery.com,0,0
https://www.facebook.com/liveinkirklees,Bin round reminder,01/05/2026 03:00 PM GMT,pagewatcher@govdelivery.com,0,0
https://twitter.com/KirkleesCouncil,Bin round reminder,01/05/2026 03:00 PM GMT,pagewatcher@govdelivery.com,0,0
https://www.youtube.com/user/KirkleesVideos,Bin round reminder,01/05/2026 03:00 PM GMT,pagewatcher@govdelivery.com,0,0
https://public.govdelivery.com/accounts/UKKIRKLEES/subscriber/edit?preferences=true#tab1,Bin round reminder,01/05/2026 03:00 PM GMT,pagewatcher@govdelivery.com,0,0
http://www.kirklees.gov.uk/reminder,Bin round reminder,01/05/2026 03:00 PM GMT,pagewatcher@govdelivery.com,0,0
https://subscriberhelp.govdelivery.com/hc/en-us,Bin round reminder,01/05/2026 03:00 PM GMT,pagewatcher@govdelivery.com,0,0
http://www.kirklees.gov.uk/beta/information-and-data/pdf/privacy-notice-comms-and-marketing.pdf,Bin round reminder,01/05/2026 03:00 PM GMT,pagewatcher@govdelivery.com,0,0
http://www.govdelivery.com/portals/powered-by,Bin round reminder,01/05/2026 03:00 PM GMT,pagewatcher@govdelivery.com,0,0
https://www.facebook.com/liveinkirklees,Bin round reminder,01/04/2026 04:20 PM GMT,pagewatcher@govdelivery.com,0,0
https://www.kirklees.gov.uk/binManagement/Grey/20260105/DG11MON,Bin round reminder,01/04/2026 04:20 PM GMT,pagewatcher@govdelivery.com,0,0
https://www.kirklees.gov.uk/beta/your-property-bins-recycling/recycling-items.aspx,Bin round reminder,01/04/2026 04:20 PM GMT,pagewatcher@govdelivery.com,0,0
https://www.instagram.com/kirklees.council,Bin round reminder,01/04/2026 04:20 PM GMT,pagewatcher@govdelivery.com,0,0
https://twitter.com/KirkleesCouncil,Bin round reminder,01/04/2026 04:20 PM GMT,pagewatcher@govdelivery.com,0,0
https://www.youtube.com/user/KirkleesVideos,Bin round reminder,01/04/2026 04:20 PM GMT,pagewatcher@govdelivery.com,0,0
https://public.govdelivery.com/accounts/UKKIRKLEES/subscriber/edit?preferences=true#tab1,Bin round reminder,01/04/2026 04:20 PM GMT,pagewatcher@govdelivery.com,0,0
http://www.kirklees.gov.uk/reminder,Bin round reminder,01/04/2026 04:20 PM GMT,pagewatcher@govdelivery.com,0,0
https://subscriberhelp.govdelivery.com/hc/en-us,Bin round reminder,01/04/2026 04:20 PM GMT,pagewatcher@govdelivery.com,0,0
http://www.kirklees.gov.uk/beta/information-and-data/pdf/privacy-notice-comms-and-marketing.pdf,Bin round reminder,01/04/2026 04:20 PM GMT,pagewatcher@govdelivery.com,0,0
https://www.kirklees.gov.uk/binManagement/Grey/20260105/DG13MON,Bin round reminder,01/04/2026 01:00 PM GMT,pagewatcher@govdelivery.com,0,0
https://www.instagram.com/kirklees.council,Bin round reminder,01/04/2026 01:00 PM GMT,pagewatcher@govdelivery.com,0,0
https://www.facebook.com/liveinkirklees,Bin round reminder,01/04/2026 01:00 PM GMT,pagewatcher@govdelivery.com,0,0
https://twitter.com/KirkleesCouncil,Bin round reminder,01/04/2026 01:00 PM GMT,pagewatcher@govdelivery.com,0,0
https://www.youtube.com/user/KirkleesVideos,Bin round reminder,01/04/2026 01:00 PM GMT,pagewatcher@govdelivery.com,0,0
https://public.govdelivery.com/accounts/UKKIRKLEES/subscriber/edit?preferences=true#tab1,Bin round reminder,01/04/2026 01:00 PM GMT,pagewatcher@govdelivery.com,0,0
http://www.kirklees.gov.uk/reminder,Bin round reminder,01/04/2026 01:00 PM GMT,pagewatcher@govdelivery.com,0,0
https://subscriberhelp.govdelivery.com/hc/en-us,Bin round reminder,01/04/2026 01:00 PM GMT,pagewatcher@govdelivery.com,0,0
http://www.kirklees.gov.uk/beta/information-and-data/pdf/privacy-notice-comms-and-marketing.pdf,Bin round reminder,01/04/2026 01:00 PM GMT,pagewatcher@govdelivery.com,0,0
http://www.govdelivery.com/portals/powered-by,Bin round reminder,01/04/2026 01:00 PM GMT,pagewatcher@govdelivery.com,0,0
https://www.instagram.com/kirklees.council,Bin round reminder,01/05/2026 02:50 PM GMT,pagewatcher@govdelivery.com,0,0
https://www.kirklees.gov.uk/beta/your-property-bins-recycling/recycling-items.aspx,Bin round reminder,01/05/2026 02:50 PM GMT,pagewatcher@govdelivery.com,0,0
https://public.govdelivery.com/accounts/UKKIRKLEES/subscriber/topics?qsp=UKKIRKLEES_7,Bin round reminder,01/05/2026 02:50 PM GMT,pagewatcher@govdelivery.com,0,0
https://www.facebook.com/liveinkirklees,Bin round reminder,01/05/2026 02:50 PM GMT,pagewatcher@govdelivery.com,0,0
https://twitter.com/KirkleesCouncil,Bin round reminder,01/05/2026 02:50 PM GMT,pagewatcher@govdelivery.com,0,0
https://www.youtube.com/user/KirkleesVideos,Bin round reminder,01/05/2026 02:50 PM GMT,pagewatcher@govdelivery.com,0,0
https://public.govdelivery.com/accounts/UKKIRKLEES/subscriber/edit?preferences=true#tab1,Bin round reminder,01/05/2026 02:50 PM GMT,pagewatcher@govdelivery.com,0,0
http://www.kirklees.gov.uk/reminder,Bin round reminder,01/05/2026 02:50 PM GMT,pagewatcher@govdelivery.com,0,0
https://subscriberhelp.govdelivery.com/hc/en-us,Bin round reminder,01/05/2026 02:50 PM GMT,pagewatcher@govdelivery.com,0,0
http://www.kirklees.gov.uk/beta/information-and-data/pdf/privacy-notice-comms-and-marketing.pdf,Bin round reminder,01/05/2026 02:50 PM GMT,pagewatcher@govdelivery.com,0,0
http://www.govdelivery.com/portals/powered-by,Bin round reminder,01/05/2026 02:50 PM GMT,pagewatcher@govdelivery.com,0,0
https://www.kirklees.gov.uk/beta/your-property-bins-recycling/recycling-items.aspx,Bin round reminder,01/05/2026 02:10 PM GMT,pagewatcher@govdelivery.com,0,0
https://www.instagram.com/kirklees.council,Bin round reminder,01/05/2026 02:10 PM GMT,pagewatcher@govdelivery.com,0,0
https://www.facebook.com/liveinkirklees,Bin round reminder,01/05/2026 02:10 PM GMT,pagewatcher@govdelivery.com,0,0
https://twitter.com/KirkleesCouncil,Bin round reminder,01/05/2026 02:10 PM GMT,pagewatcher@govdelivery.com,0,0
https://www.youtube.com/user/KirkleesVideos,Bin round reminder,01/05/2026 02:10 PM GMT,pagewatcher@govdelivery.com,0,0
https://public.govdelivery.com/accounts/UKKIRKLEES/subscriber/edit?preferences=true#tab1,Bin round reminder,01/05/2026 02:10 PM GMT,pagewatcher@govdelivery.com,0,0
http://www.kirklees.gov.uk/reminder,Bin round reminder,01/05/2026 02:10 PM GMT,pagewatcher@govdelivery.com,0,0
https://subscriberhelp.govdelivery.com/hc/en-us,Bin round reminder,01/05/2026 02:10 PM GMT,pagewatcher@govdelivery.com,0,0
http://www.kirklees.gov.uk/beta/information-and-data/pdf/privacy-notice-comms-and-marketing.pdf,Bin round reminder,01/05/2026 02:10 PM GMT,pagewatcher@govdelivery.com,0,0
http://www.govdelivery.com/portals/powered-by,Bin round reminder,01/05/2026 02:10 PM GMT,pagewatcher@govdelivery.com,0,0
https://www.youtube.com/user/KirkleesVideos,Bin round reminder,01/04/2026 03:00 PM GMT,pagewatcher@govdelivery.com,0,0
https://public.govdelivery.com/accounts/UKKIRKLEES/subscriber/edit?preferences=true#tab1,Bin round reminder,01/04/2026 03:00 PM GMT,pagewatcher@govdelivery.com,0,0
http://www.kirklees.gov.uk/reminder,Bin round reminder,01/04/2026 03:00 PM GMT,pagewatcher@govdelivery.com,0,0
https://subscriberhelp.govdelivery.com/hc/en-us,Bin round reminder,01/04/2026 03:00 PM GMT,pagewatcher@govdelivery.com,0,0
http://www.kirklees.gov.uk/beta/information-and-data/pdf/privacy-notice-comms-and-marketing.pdf,Bin round reminder,01/04/2026 03:00 PM GMT,pagewatcher@govdelivery.com,0,0
http://www.govdelivery.com/portals/powered-by,Bin round reminder,01/04/2026 03:00 PM GMT,pagewatcher@govdelivery.com,0,0
https://www.facebook.com/liveinkirklees,Bin round reminder,01/04/2026 03:00 PM GMT,pagewatcher@govdelivery.com,0,0
https://www.kirklees.gov.uk/binManagement/Grey/20260105/DG12MON,Bin round reminder,01/04/2026 03:00 PM GMT,pagewatcher@govdelivery.com,0,0
https://www.kirklees.gov.uk/beta/your-property-bins-recycling/recycling-items.aspx,Bin round reminder,01/04/2026 03:00 PM GMT,pagewatcher@govdelivery.com,0,0
https://www.instagram.com/kirklees.council,Bin round reminder,01/04/2026 03:00 PM GMT,pagewatcher@govdelivery.com,0,0
https://twitter.com/KirkleesCouncil,Bin round reminder,01/04/2026 03:00 PM GMT,pagewatcher@govdelivery.com,0,0
https://www.youtube.com/user/KirkleesVideos,Bin round reminder,01/04/2026 03:00 PM GMT,pagewatcher@govdelivery.com,0,0
https://public.govdelivery.com/accounts/UKKIRKLEES/subscriber/edit?preferences=true#tab1,Bin round reminder,01/04/2026 03:00 PM GMT,pagewatcher@govdelivery.com,0,0
http://www.kirklees.gov.uk/reminder,Bin round reminder,01/04/2026 03:00 PM GMT,pagewatcher@govdelivery.com,0,0
https://subscriberhelp.govdelivery.com/hc/en-us,Bin round reminder,01/04/2026 03:00 PM GMT,pagewatcher@govdelivery.com,0,0
http://www.kirklees.gov.uk/beta/information-and-data/pdf/privacy-notice-comms-and-marketing.pdf,Bin round reminder,01/04/2026 03:00 PM GMT,pagewatcher@govdelivery.com,0,0
http://www.govdelivery.com/portals/powered-by,Bin round reminder,01/04/2026 03:00 PM GMT,pagewatcher@govdelivery.com,0,0
https://www.facebook.com/liveinkirklees,Bin round reminder,01/05/2026 01:00 PM GMT,pagewatcher@govdelivery.com,0,0
https://www.kirklees.gov.uk/binManagement/Green/20260106/RG06TUE,Bin round reminder,01/05/2026 01:00 PM GMT,pagewatcher@govdelivery.com,0,0
https://www.kirklees.gov.uk/beta/your-property-bins-recycling/recycling-items.aspx,Bin round reminder,01/05/2026 01:00 PM GMT,pagewatcher@govdelivery.com,0,0
https://public.govdelivery.com/accounts/UKKIRKLEES/subscriber/topics?qsp=UKKIRKLEES_7,Bin round reminder,01/05/2026 01:00 PM GMT,pagewatcher@govdelivery.com,0,0
https://www.instagram.com/kirklees.council,Bin round reminder,01/05/2026 01:00 PM GMT,pagewatcher@govdelivery.com,0,0
https://twitter.com/KirkleesCouncil,Bin round reminder,01/05/2026 01:00 PM GMT,pagewatcher@govdelivery.com,0,0
https://www.youtube.com/user/KirkleesVideos,Bin round reminder,01/05/2026 01:00 PM GMT,pagewatcher@govdelivery.com,0,0
https://public.govdelivery.com/accounts/UKKIRKLEES/subscriber/edit?preferences=true#tab1,Bin round reminder,01/05/2026 01:00 PM GMT,pagewatcher@govdelivery.com,0,0
http://www.kirklees.gov.uk/reminder,Bin round reminder,01/05/2026 01:00 PM GMT,pagewatcher@govdelivery.com,0,0
https://subscriberhelp.govdelivery.com/hc/en-us,Bin round reminder,01/05/2026 01:00 PM GMT,pagewatcher@govdelivery.com,0,0
http://www.kirklees.gov.uk/beta/information-and-data/pdf/privacy-notice-comms-and-marketing.pdf,Bin round reminder,01/05/2026 01:00 PM GMT,pagewatcher@govdelivery.com,0,0
http://www.govdelivery.com/portals/powered-by,Bin round reminder,01/05/2026 01:00 PM GMT,pagewatcher@govdelivery.com,0,0
https://www.kirklees.gov.uk/binManagement/Green/20260105/R36MON,Bin round reminder,01/04/2026 02:50 PM GMT,pagewatcher@govdelivery.com,0,0
https://www.kirklees.gov.uk/beta/your-property-bins-recycling/recycling-items.aspx,Bin round reminder,01/04/2026 02:50 PM GMT,pagewatcher@govdelivery.com,0,0
https://public.govdelivery.com/accounts/UKKIRKLEES/subscriber/topics?qsp=UKKIRKLEES_7,Bin round reminder,01/04/2026 02:50 PM GMT,pagewatcher@govdelivery.com,0,0
https://www.instagram.com/kirklees.council,Bin round reminder,01/04/2026 02:50 PM GMT,pagewatcher@govdelivery.com,0,0
https://www.facebook.com/liveinkirklees,Bin round reminder,01/04/2026 02:50 PM GMT,pagewatcher@govdelivery.com,0,0
https://twitter.com/KirkleesCouncil,Bin round reminder,01/04/2026 02:50 PM GMT,pagewatcher@govdelivery.com,0,0
https://www.youtube.com/user/KirkleesVideos,Bin round reminder,01/04/2026 02:50 PM GMT,pagewatcher@govdelivery.com,0,0
https://public.govdelivery.com/accounts/UKKIRKLEES/subscriber/edit?preferences=true#tab1,Bin round reminder,01/04/2026 02:50 PM GMT,pagewatcher@govdelivery.com,0,0
http://www.kirklees.gov.uk/reminder,Bin round reminder,01/04/2026 02:50 PM GMT,pagewatcher@govdelivery.com,0,0
https://subscriberhelp.govdelivery.com/hc/en-us,Bin round reminder,01/04/2026 02:50 PM GMT,pagewatcher@govdelivery.com,0,0
http://www.kirklees.gov.uk/beta/information-and-data/pdf/privacy-notice-comms-and-marketing.pdf,Bin round reminder,01/04/2026 02:50 PM GMT,pagewatcher@govdelivery.com,0,0
http://www.govdelivery.com/portals/powered-by,Bin round reminder,01/04/2026 02:50 PM GMT,pagewatcher@govdelivery.com,0,0
https://www.instagram.com/kirklees.council,Bin round reminder,01/28/2026 03:50 PM GMT,pagewatcher@govdelivery.com,0,0
https://www.kirklees.gov.uk/binManagement/Green/20260129/RG16THU,Bin round reminder,01/28/2026 03:50 PM GMT,pagewatcher@govdelivery.com,0,0
https://www.kirklees.gov.uk/beta/your-property-bins-recycling/recycling-items.aspx,Bin round reminder,01/28/2026 03:50 PM GMT,pagewatcher@govdelivery.com,0,0
https://public.govdelivery.com/accounts/UKKIRKLEES/subscriber/topics?qsp=UKKIRKLEES_7,Bin round reminder,01/28/2026 03:50 PM GMT,pagewatcher@govdelivery.com,0,0
https://www.facebook.com/liveinkirklees,Bin round reminder,01/28/2026 03:50 PM GMT,pagewatcher@govdelivery.com,0,0
https://twitter.com/KirkleesCouncil,Bin round reminder,01/28/2026 03:50 PM GMT,pagewatcher@govdelivery.com,0,0
https://www.youtube.com/user/KirkleesVideos,Bin round reminder,01/28/2026 03:50 PM GMT,pagewatcher@govdelivery.com,0,0
https://public.govdelivery.com/accounts/UKKIRKLEES/subscriber/edit?preferences=true#tab1,Bin round reminder,01/28/2026 03:50 PM GMT,pagewatcher@govdelivery.com,0,0
http://www.kirklees.gov.uk/reminder,Bin round reminder,01/28/2026 03:50 PM GMT,pagewatcher@govdelivery.com,0,0
https://subscriberhelp.govdelivery.com/hc/en-us,Bin round reminder,01/28/2026 03:50 PM GMT,pagewatcher@govdelivery.com,0,0
http://www.kirklees.gov.uk/beta/information-and-data/pdf/privacy-notice-comms-and-marketing.pdf,Bin round reminder,01/28/2026 03:50 PM GMT,pagewatcher@govdelivery.com,0,0
http://www.govdelivery.com/portals/powered-by,Bin round reminder,01/28/2026 03:50 PM GMT,pagewatcher@govdelivery.com,0,0
https://www.kirklees.gov.uk/binManagement/Grey/20260129/DG01THU,Bin round reminder,01/28/2026 03:40 PM GMT,pagewatcher@govdelivery.com,0,0
https://www.kirklees.gov.uk/beta/your-property-bins-recycling/recycling-items.aspx,Bin round reminder,01/28/2026 03:40 PM GMT,pagewatcher@govdelivery.com,0,0
https://www.instagram.com/kirklees.council,Bin round reminder,01/28/2026 03:40 PM GMT,pagewatcher@govdelivery.com,0,0
https://www.facebook.com/liveinkirklees,Bin round reminder,01/28/2026 03:40 PM GMT,pagewatcher@govdelivery.com,0,0
https://twitter.com/KirkleesCouncil,Bin round reminder,01/28/2026 03:40 PM GMT,pagewatcher@govdelivery.com,0,0
https://www.youtube.com/user/KirkleesVideos,Bin round reminder,01/28/2026 03:40 PM GMT,pagewatcher@govdelivery.com,0,0
https://public.govdelivery.com/accounts/UKKIRKLEES/subscriber/edit?preferences=true#tab1,Bin round reminder,01/28/2026 03:40 PM GMT,pagewatcher@govdelivery.com,0,0
http://www.kirklees.gov.uk/reminder,Bin round reminder,01/28/2026 03:40 PM GMT,pagewatcher@govdelivery.com,0,0
https://subscriberhelp.govdelivery.com/hc/en-us,Bin round reminder,01/28/2026 03:40 PM GMT,pagewatcher@govdelivery.com,0,0
http://www.kirklees.gov.uk/beta/information-and-data/pdf/privacy-notice-comms-and-marketing.pdf,Bin round reminder,01/28/2026 03:40 PM GMT,pagewatcher@govdelivery.com,0,0
http://www.govdelivery.com/portals/powered-by,Bin round reminder,01/28/2026 03:40 PM GMT,pagewatcher@govdelivery.com,0,0
https://www.facebook.com/liveinkirklees,Bin round reminder,01/26/2026 02:30 PM GMT,pagewatcher@govdelivery.com,0,0
https://www.kirklees.gov.uk/beta/your-property-bins-recycling/recycling-items.aspx,Bin round reminder,01/26/2026 02:30 PM GMT,pagewatcher@govdelivery.com,0,0
https://www.instagram.com/kirklees.council,Bin round reminder,01/26/2026 02:30 PM GMT,pagewatcher@govdelivery.com,0,0
https://twitter.com/KirkleesCouncil,Bin round reminder,01/26/2026 02:30 PM GMT,pagewatcher@govdelivery.com,0,0
https://www.youtube.com/user/KirkleesVideos,Bin round reminder,01/26/2026 02:30 PM GMT,pagewatcher@govdelivery.com,0,0
http://www.kirklees.gov.uk/reminder,Bin round reminder,01/26/2026 02:30 PM GMT,pagewatcher@govdelivery.com,0,0
https://subscriberhelp.govdelivery.com/hc/en-us,Bin round reminder,01/26/2026 02:30 PM GMT,pagewatcher@govdelivery.com,0,0
http://www.govdelivery.com/portals/powered-by,Bin round reminder,01/26/2026 02:30 PM GMT,pagewatcher@govdelivery.com,0,0
https://www.facebook.com/liveinkirklees,Bin round reminder,01/27/2026 01:00 PM GMT,pagewatcher@govdelivery.com,0,0
https://www.kirklees.gov.uk/binManagement/Grey/20260128/DG01WED,Bin round reminder,01/27/2026 01:00 PM GMT,pagewatcher@govdelivery.com,0,0
https://www.kirklees.gov.uk/beta/your-property-bins-recycling/recycling-items.aspx,Bin round reminder,01/27/2026 01:00 PM GMT,pagewatcher@govdelivery.com,0,0
https://www.instagram.com/kirklees.council,Bin round reminder,01/27/2026 01:00 PM GMT,pagewatcher@govdelivery.com,0,0
https://twitter.com/KirkleesCouncil,Bin round reminder,01/27/2026 01:00 PM GMT,pagewatcher@govdelivery.com,0,0
https://www.youtube.com/user/KirkleesVideos,Bin round reminder,01/27/2026 01:00 PM GMT,pagewatcher@govdelivery.com,0,0
https://public.govdelivery.com/accounts/UKKIRKLEES/subscriber/edit?preferences=true#tab1,Bin round reminder,01/27/2026 01:00 PM GMT,pagewatcher@govdelivery.com,0,0
http://www.kirklees.gov.uk/reminder,Bin round reminder,01/27/2026 01:00 PM GMT,pagewatcher@govdelivery.com,0,0
https://subscriberhelp.govdelivery.com/hc/en-us,Bin round reminder,01/27/2026 01:00 PM GMT,pagewatcher@govdelivery.com,0,0
http://www.kirklees.gov.uk/beta/information-and-data/pdf/privacy-notice-comms-and-marketing.pdf,Bin round reminder,01/27/2026 01:00 PM GMT,pagewatcher@govdelivery.com,0,0
http://www.govdelivery.com/portals/powered-by,Bin round reminder,01/27/2026 01:00 PM GMT,pagewatcher@govdelivery.com,0,0
https://www.youtube.com/user/KirkleesVideos,Bin round reminder,01/27/2026 02:10 PM GMT,pagewatcher@govdelivery.com,0,0
https://www.kirklees.gov.uk/binManagement/Grey/20260128/DG06WED,Bin round reminder,01/27/2026 02:10 PM GMT,pagewatcher@govdelivery.com,0,0
https://www.kirklees.gov.uk/beta/your-property-bins-recycling/recycling-items.aspx,Bin round reminder,01/27/2026 02:10 PM GMT,pagewatcher@govdelivery.com,0,0
https://www.instagram.com/kirklees.council,Bin round reminder,01/27/2026 02:10 PM GMT,pagewatcher@govdelivery.com,0,0
https://www.facebook.com/liveinkirklees,Bin round reminder,01/27/2026 02:10 PM GMT,pagewatcher@govdelivery.com,0,0
https://twitter.com/KirkleesCouncil,Bin round reminder,01/27/2026 02:10 PM GMT,pagewatcher@govdelivery.com,0,0
https://public.govdelivery.com/accounts/UKKIRKLEES/subscriber/edit?preferences=true#tab1,Bin round reminder,01/27/2026 02:10 PM GMT,pagewatcher@govdelivery.com,0,0
http://www.kirklees.gov.uk/reminder,Bin round reminder,01/27/2026 02:10 PM GMT,pagewatcher@govdelivery.com,0,0
https://subscriberhelp.govdelivery.com/hc/en-us,Bin round reminder,01/27/2026 02:10 PM GMT,pagewatcher@govdelivery.com,0,0
http://www.kirklees.gov.uk/beta/information-and-data/pdf/privacy-notice-comms-and-marketing.pdf,Bin round reminder,01/27/2026 02:10 PM GMT,pagewatcher@govdelivery.com,0,0
http://www.govdelivery.com/portals/powered-by,Bin round reminder,01/27/2026 02:10 PM GMT,pagewatcher@govdelivery.com,0,0
https://www.instagram.com/kirklees.council,Bin round reminder,01/27/2026 02:40 PM GMT,pagewatcher@govdelivery.com,0,0
https://www.kirklees.gov.uk/binManagement/Green/20260128/RG13WED,Bin round reminder,01/27/2026 02:40 PM GMT,pagewatcher@govdelivery.com,0,0
https://www.kirklees.gov.uk/beta/your-property-bins-recycling/recycling-items.aspx,Bin round reminder,01/27/2026 02:40 PM GMT,pagewatcher@govdelivery.com,0,0
https://public.govdelivery.com/accounts/UKKIRKLEES/subscriber/topics?qsp=UKKIRKLEES_7,Bin round reminder,01/27/2026 02:40 PM GMT,pagewatcher@govdelivery.com,0,0
https://www.facebook.com/liveinkirklees,Bin round reminder,01/27/2026 02:40 PM GMT,pagewatcher@govdelivery.com,0,0
https://twitter.com/KirkleesCouncil,Bin round reminder,01/27/2026 02:40 PM GMT,pagewatcher@govdelivery.com,0,0
https://www.youtube.com/user/KirkleesVideos,Bin round reminder,01/27/2026 02:40 PM GMT,pagewatcher@govdelivery.com,0,0
https://public.govdelivery.com/accounts/UKKIRKLEES/subscriber/edit?preferences=true#tab1,Bin round reminder,01/27/2026 02:40 PM GMT,pagewatcher@govdelivery.com,0,0
http://www.kirklees.gov.uk/reminder,Bin round reminder,01/27/2026 02:40 PM GMT,pagewatcher@govdelivery.com,0,0
https://subscriberhelp.govdelivery.com/hc/en-us,Bin round reminder,01/27/2026 02:40 PM GMT,pagewatcher@govdelivery.com,0,0
http://www.kirklees.gov.uk/beta/information-and-data/pdf/privacy-notice-comms-and-marketing.pdf,Bin round reminder,01/27/2026 02:40 PM GMT,pagewatcher@govdelivery.com,0,0
http://www.govdelivery.com/portals/powered-by,Bin round reminder,01/27/2026 02:40 PM GMT,pagewatcher@govdelivery.com,0,0
https://www.kirklees.gov.uk/binManagement/Green/20260128/R34WED,Bin round reminder,01/27/2026 02:40 PM GMT,pagewatcher@govdelivery.com,0,0
https://www.kirklees.gov.uk/beta/your-property-bins-recycling/recycling-items.aspx,Bin round reminder,01/27/2026 02:40 PM GMT,pagewatcher@govdelivery.com,0,0
https://public.govdelivery.com/accounts/UKKIRKLEES/subscriber/topics?qsp=UKKIRKLEES_7,Bin round reminder,01/27/2026 02:40 PM GMT,pagewatcher@govdelivery.com,0,0
https://www.instagram.com/kirklees.council,Bin round reminder,01/27/2026 02:40 PM GMT,pagewatcher@govdelivery.com,0,0
https://www.facebook.com/liveinkirklees,Bin round reminder,01/27/2026 02:40 PM GMT,pagewatcher@govdelivery.com,0,0
https://twitter.com/KirkleesCouncil,Bin round reminder,01/27/2026 02:40 PM GMT,pagewatcher@govdelivery.com,0,0
https://www.youtube.com/user/KirkleesVideos,Bin round reminder,01/27/2026 02:40 PM GMT,pagewatcher@govdelivery.com,0,0
https://public.govdelivery.com/accounts/UKKIRKLEES/subscriber/edit?preferences=true#tab1,Bin round reminder,01/27/2026 02:40 PM GMT,pagewatcher@govdelivery.com,0,0
http://www.kirklees.gov.uk/reminder,Bin round reminder,01/27/2026 02:40 PM GMT,pagewatcher@govdelivery.com,0,0
https://subscriberhelp.govdelivery.com/hc/en-us,Bin round reminder,01/27/2026 02:40 PM GMT,pagewatcher@govdelivery.com,0,0
http://www.kirklees.gov.uk/beta/information-and-data/pdf/privacy-notice-comms-and-marketing.pdf,Bin round reminder,01/27/2026 02:40 PM GMT,pagewatcher@govdelivery.com,0,0
http://www.govdelivery.com/portals/powered-by,Bin round reminder,01/27/2026 02:40 PM GMT,pagewatcher@govdelivery.com,0,0
https://www.instagram.com/kirklees.council,Bin round reminder,01/27/2026 03:20 PM GMT,pagewatcher@govdelivery.com,0,0
https://www.kirklees.gov.uk/beta/your-property-bins-recycling/recycling-items.aspx,Bin round reminder,01/27/2026 03:20 PM GMT,pagewatcher@govdelivery.com,0,0
https://public.govdelivery.com/accounts/UKKIRKLEES/subscriber/topics?qsp=UKKIRKLEES_7,Bin round reminder,01/27/2026 03:20 PM GMT,pagewatcher@govdelivery.com,0,0
https://public.govdelivery.com/accounts/UKKIRKLEES/subscriber/edit?preferences=true#tab1,Bin round reminder,01/27/2026 03:20 PM GMT,pagewatcher@govdelivery.com,0,0
https://www.facebook.com/liveinkirklees,Bin round reminder,01/27/2026 03:20 PM GMT,pagewatcher@govdelivery.com,0,0
https://twitter.com/KirkleesCouncil,Bin round reminder,01/27/2026 03:20 PM GMT,pagewatcher@govdelivery.com,0,0
https://www.youtube.com/user/KirkleesVideos,Bin round reminder,01/27/2026 03:20 PM GMT,pagewatcher@govdelivery.com,0,0
http://www.kirklees.gov.uk/reminder,Bin round reminder,01/27/2026 03:20 PM GMT,pagewatcher@govdelivery.com,0,0
https://subscriberhelp.govdelivery.com/hc/en-us,Bin round reminder,01/27/2026 03:20 PM GMT,pagewatcher@govdelivery.com,0,0
http://www.kirklees.gov.uk/beta/information-and-data/pdf/privacy-notice-comms-and-marketing.pdf,Bin round reminder,01/27/2026 03:20 PM GMT,pagewatcher@govdelivery.com,0,0
http://www.govdelivery.com/portals/powered-by,Bin round reminder,01/27/2026 03:20 PM GMT,pagewatcher@govdelivery.com,0,0
https://www.kirklees.gov.uk/binManagement/Grey/20260128/D31WED,Bin round reminder,01/27/2026 03:20 PM GMT,pagewatcher@govdelivery.com,0,0
https://www.kirklees.gov.uk/beta/your-property-bins-recycling/recycling-items.aspx,Bin round reminder,01/27/2026 03:20 PM GMT,pagewatcher@govdelivery.com,0,0
https://www.instagram.com/kirklees.council,Bin round reminder,01/27/2026 03:20 PM GMT,pagewatcher@govdelivery.com,0,0
https://www.facebook.com/liveinkirklees,Bin round reminder,01/27/2026 03:20 PM GMT,pagewatcher@govdelivery.com,0,0
https://twitter.com/KirkleesCouncil,Bin round reminder,01/27/2026 03:20 PM GMT,pagewatcher@govdelivery.com,0,0
https://www.youtube.com/user/KirkleesVideos,Bin round reminder,01/27/2026 03:20 PM GMT,pagewatcher@govdelivery.com,0,0
https://public.govdelivery.com/accounts/UKKIRKLEES/subscriber/edit?preferences=true#tab1,Bin round reminder,01/27/2026 03:20 PM GMT,pagewatcher@govdelivery.com,0,0
http://www.kirklees.gov.uk/reminder,Bin round reminder,01/27/2026 03:20 PM GMT,pagewatcher@govdelivery.com,0,0
https://subscriberhelp.govdelivery.com/hc/en-us,Bin round reminder,01/27/2026 03:20 PM GMT,pagewatcher@govdelivery.com,0,0
http://www.kirklees.gov.uk/beta/information-and-data/pdf/privacy-notice-comms-and-marketing.pdf,Bin round reminder,01/27/2026 03:20 PM GMT,pagewatcher@govdelivery.com,0,0
http://www.govdelivery.com/portals/powered-by,Bin round reminder,01/27/2026 03:20 PM GMT,pagewatcher@govdelivery.com,0,0
https://www.facebook.com/liveinkirklees,Bin round reminder,01/27/2026 02:30 PM GMT,pagewatcher@govdelivery.com,0,0
https://www.kirklees.gov.uk/binManagement/Green/20260128/RG17WED,Bin round reminder,01/27/2026 02:30 PM GMT,pagewatcher@govdelivery.com,0,0
https://www.kirklees.gov.uk/beta/your-property-bins-recycling/recycling-items.aspx,Bin round reminder,01/27/2026 02:30 PM GMT,pagewatcher@govdelivery.com,0,0
https://public.govdelivery.com/accounts/UKKIRKLEES/subscriber/topics?qsp=UKKIRKLEES_7,Bin round reminder,01/27/2026 02:30 PM GMT,pagewatcher@govdelivery.com,0,0
https://www.instagram.com/kirklees.council,Bin round reminder,01/27/2026 02:30 PM GMT,pagewatcher@govdelivery.com,0,0
https://twitter.com/KirkleesCouncil,Bin round reminder,01/27/2026 02:30 PM GMT,pagewatcher@govdelivery.com,0,0
https://www.youtube.com/user/KirkleesVideos,Bin round reminder,01/27/2026 02:30 PM GMT,pagewatcher@govdelivery.com,0,0
https://public.govdelivery.com/accounts/UKKIRKLEES/subscriber/edit?preferences=true#tab1,Bin round reminder,01/27/2026 02:30 PM GMT,pagewatcher@govdelivery.com,0,0
http://www.kirklees.gov.uk/reminder,Bin round reminder,01/27/2026 02:30 PM GMT,pagewatcher@govdelivery.com,0,0
https://subscriberhelp.govdelivery.com/hc/en-us,Bin round reminder,01/27/2026 02:30 PM GMT,pagewatcher@govdelivery.com,0,0
http://www.kirklees.gov.uk/beta/information-and-data/pdf/privacy-notice-comms-and-marketing.pdf,Bin round reminder,01/27/2026 02:30 PM GMT,pagewatcher@govdelivery.com,0,0
http://www.govdelivery.com/portals/powered-by,Bin round reminder,01/27/2026 02:30 PM GMT,pagewatcher@govdelivery.com,0,0
https://www.instagram.com/kirklees.council,Bin round reminder,01/28/2026 04:00 PM GMT,pagewatcher@govdelivery.com,0,0
https://www.kirklees.gov.uk/beta/your-property-bins-recycling/recycling-items.aspx,Bin round reminder,01/28/2026 04:00 PM GMT,pagewatcher@govdelivery.com,0,0
https://public.govdelivery.com/accounts/UKKIRKLEES/subscriber/topics?qsp=UKKIRKLEES_7,Bin round reminder,01/28/2026 04:00 PM GMT,pagewatcher@govdelivery.com,0,0
https://www.facebook.com/liveinkirklees,Bin round reminder,01/28/2026 04:00 PM GMT,pagewatcher@govdelivery.com,0,0
https://twitter.com/KirkleesCouncil,Bin round reminder,01/28/2026 04:00 PM GMT,pagewatcher@govdelivery.com,0,0
https://www.youtube.com/user/KirkleesVideos,Bin round reminder,01/28/2026 04:00 PM GMT,pagewatcher@govdelivery.com,0,0
https://public.govdelivery.com/accounts/UKKIRKLEES/subscriber/edit?preferences=true#tab1,Bin round reminder,01/28/2026 04:00 PM GMT,pagewatcher@govdelivery.com,0,0
http://www.kirklees.gov.uk/reminder,Bin round reminder,01/28/2026 04:00 PM GMT,pagewatcher@govdelivery.com,0,0
https://subscriberhelp.govdelivery.com/hc/en-us,Bin round reminder,01/28/2026 04:00 PM GMT,pagewatcher@govdelivery.com,0,0
http://www.kirklees.gov.uk/beta/information-and-data/pdf/privacy-notice-comms-and-marketing.pdf,Bin round reminder,01/28/2026 04:00 PM GMT,pagewatcher@govdelivery.com,0,0
http://www.govdelivery.com/portals/powered-by,Bin round reminder,01/28/2026 04:00 PM GMT,pagewatcher@govdelivery.com,0,0
https://www.instagram.com/kirklees.council,Bin round reminder,01/28/2026 04:00 PM GMT,pagewatcher@govdelivery.com,0,0
https://www.kirklees.gov.uk/binManagement/Green/20260129/RG14THU,Bin round reminder,01/28/2026 04:00 PM GMT,pagewatcher@govdelivery.com,0,0
https://public.govdelivery.com/accounts/UKKIRKLEES/subscriber/topics?qsp=UKKIRKLEES_7,Bin round reminder,01/28/2026 04:00 PM GMT,pagewatcher@govdelivery.com,0,0
https://www.facebook.com/liveinkirklees,Bin round reminder,01/28/2026 04:00 PM GMT,pagewatcher@govdelivery.com,0,0
https://twitter.com/KirkleesCouncil,Bin round reminder,01/28/2026 04:00 PM GMT,pagewatcher@govdelivery.com,0,0
https://www.youtube.com/user/KirkleesVideos,Bin round reminder,01/28/2026 04:00 PM GMT,pagewatcher@govdelivery.com,0,0
https://public.govdelivery.com/accounts/UKKIRKLEES/subscriber/edit?preferences=true#tab1,Bin round reminder,01/28/2026 04:00 PM GMT,pagewatcher@govdelivery.com,0,0
http://www.kirklees.gov.uk/reminder,Bin round reminder,01/28/2026 04:00 PM GMT,pagewatcher@govdelivery.com,0,0
https://subscriberhelp.govdelivery.com/hc/en-us,Bin round reminder,01/28/2026 04:00 PM GMT,pagewatcher@govdelivery.com,0,0
https://www.kirklees.gov.uk/binManagement/Grey/20260129/DG05THU,Bin round reminder,01/28/2026 02:40 PM GMT,pagewatcher@govdelivery.com,0,0
https://www.kirklees.gov.uk/beta/your-property-bins-recycling/recycling-items.aspx,Bin round reminder,01/28/2026 02:40 PM GMT,pagewatcher@govdelivery.com,0,0
https://www.instagram.com/kirklees.council,Bin round reminder,01/28/2026 02:40 PM GMT,pagewatcher@govdelivery.com,0,0
https://www.facebook.com/liveinkirklees,Bin round reminder,01/28/2026 02:40 PM GMT,pagewatcher@govdelivery.com,0,0
https://twitter.com/KirkleesCouncil,Bin round reminder,01/28/2026 02:40 PM GMT,pagewatcher@govdelivery.com,0,0
https://www.youtube.com/user/KirkleesVideos,Bin round reminder,01/28/2026 02:40 PM GMT,pagewatcher@govdelivery.com,0,0
https://public.govdelivery.com/accounts/UKKIRKLEES/subscriber/edit?preferences=true#tab1,Bin round reminder,01/28/2026 02:40 PM GMT,pagewatcher@govdelivery.com,0,0
http://www.kirklees.gov.uk/reminder,Bin round reminder,01/28/2026 02:40 PM GMT,pagewatcher@govdelivery.com,0,0
https://subscriberhelp.govdelivery.com/hc/en-us,Bin round reminder,01/28/2026 02:40 PM GMT,pagewatcher@govdelivery.com,0,0
http://www.kirklees.gov.uk/beta/information-and-data/pdf/privacy-notice-comms-and-marketing.pdf,Bin round reminder,01/28/2026 02:40 PM GMT,pagewatcher@govdelivery.com,0,0
http://www.govdelivery.com/portals/powered-by,Bin round reminder,01/28/2026 02:40 PM GMT,pagewatcher@govdelivery.com,0,0
https://www.kirklees.gov.uk/binManagement/Grey/20260128/DG03WED,Bin round reminder,01/27/2026 02:20 PM GMT,pagewatcher@govdelivery.com,0,0
https://www.kirklees.gov.uk/beta/your-property-bins-recycling/recycling-items.aspx,Bin round reminder,01/27/2026 02:20 PM GMT,pagewatcher@govdelivery.com,0,0
https://www.instagram.com/kirklees.council,Bin round reminder,01/27/2026 02:20 PM GMT,pagewatcher@govdelivery.com,0,0
https://www.facebook.com/liveinkirklees,Bin round reminder,01/27/2026 02:20 PM GMT,pagewatcher@govdelivery.com,0,0
https://twitter.com/KirkleesCouncil,Bin round reminder,01/27/2026 02:20 PM GMT,pagewatcher@govdelivery.com,0,0
https://www.youtube.com/user/KirkleesVideos,Bin round reminder,01/27/2026 02:20 PM GMT,pagewatcher@govdelivery.com,0,0
https://public.govdelivery.com/accounts/UKKIRKLEES/subscriber/edit?preferences=true#tab1,Bin round reminder,01/27/2026 02:20 PM GMT,pagewatcher@govdelivery.com,0,0
http://www.kirklees.gov.uk/reminder,Bin round reminder,01/27/2026 02:20 PM GMT,pagewatcher@govdelivery.com,0,0
https://subscriberhelp.govdelivery.com/hc/en-us,Bin round reminder,01/27/2026 02:20 PM GMT,pagewatcher@govdelivery.com,0,0
http://www.kirklees.gov.uk/beta/information-and-data/pdf/privacy-notice-comms-and-marketing.pdf,Bin round reminder,01/27/2026 02:20 PM GMT,pagewatcher@govdelivery.com,0,0
http://www.govdelivery.com/portals/powered-by,Bin round reminder,01/27/2026 02:20 PM GMT,pagewatcher@govdelivery.com,0,0
https://twitter.com/KirkleesCouncil,Bin round reminder,01/27/2026 03:10 PM GMT,pagewatcher@govdelivery.com,0,0
http://www.kirklees.gov.uk/beta/information-and-data/pdf/privacy-notice-comms-and-marketing.pdf,Bin round reminder,01/28/2026 04:00 PM GMT,pagewatcher@govdelivery.com,0,0
http://www.govdelivery.com/portals/powered-by,Bin round reminder,01/28/2026 04:00 PM GMT,pagewatcher@govdelivery.com,0,0
https://www.kirklees.gov.uk/binManagement/Grey/20260128/D32WED,Bin round reminder,01/27/2026 03:10 PM GMT,pagewatcher@govdelivery.com,0,0
https://www.kirklees.gov.uk/beta/your-property-bins-recycling/recycling-items.aspx,Bin round reminder,01/27/2026 03:10 PM GMT,pagewatcher@govdelivery.com,0,0
https://www.instagram.com/kirklees.council,Bin round reminder,01/27/2026 03:10 PM GMT,pagewatcher@govdelivery.com,0,0
https://www.facebook.com/liveinkirklees,Bin round reminder,01/27/2026 03:10 PM GMT,pagewatcher@govdelivery.com,0,0
https://www.youtube.com/user/KirkleesVideos,Bin round reminder,01/27/2026 03:10 PM GMT,pagewatcher@govdelivery.com,0,0
https://public.govdelivery.com/accounts/UKKIRKLEES/subscriber/edit?preferences=true#tab1,Bin round reminder,01/27/2026 03:10 PM GMT,pagewatcher@govdelivery.com,0,0
http://www.kirklees.gov.uk/reminder,Bin round reminder,01/27/2026 03:10 PM GMT,pagewatcher@govdelivery.com,0,0
https://subscriberhelp.govdelivery.com/hc/en-us,Bin round reminder,01/27/2026 03:10 PM GMT,pagewatcher@govdelivery.com,0,0
http://www.kirklees.gov.uk/beta/information-and-data/pdf/privacy-notice-comms-and-marketing.pdf,Bin round reminder,01/27/2026 03:10 PM GMT,pagewatcher@govdelivery.com,0,0
http://www.govdelivery.com/portals/powered-by,Bin round reminder,01/27/2026 03:10 PM GMT,pagewatcher@govdelivery.com,0,0
https://www.instagram.com/kirklees.council,Bin round reminder,01/27/2026 03:10 PM GMT,pagewatcher@govdelivery.com,0,0
https://www.kirklees.gov.uk/beta/your-property-bins-recycling/recycling-items.aspx,Bin round reminder,01/27/2026 03:10 PM GMT,pagewatcher@govdelivery.com,0,0
https://public.govdelivery.com/accounts/UKKIRKLEES/subscriber/topics?qsp=UKKIRKLEES_7,Bin round reminder,01/27/2026 03:10 PM GMT,pagewatcher@govdelivery.com,0,0
https://www.facebook.com/liveinkirklees,Bin round reminder,01/27/2026 03:10 PM GMT,pagewatcher@govdelivery.com,0,0
https://twitter.com/KirkleesCouncil,Bin round reminder,01/27/2026 03:10 PM GMT,pagewatcher@govdelivery.com,0,0
https://www.youtube.com/user/KirkleesVideos,Bin round reminder,01/27/2026 03:10 PM GMT,pagewatcher@govdelivery.com,0,0
https://public.govdelivery.com/accounts/UKKIRKLEES/subscriber/edit?preferences=true#tab1,Bin round reminder,01/27/2026 03:10 PM GMT,pagewatcher@govdelivery.com,0,0
http://www.kirklees.gov.uk/reminder,Bin round reminder,01/27/2026 03:10 PM GMT,pagewatcher@govdelivery.com,0,0
https://subscriberhelp.govdelivery.com/hc/en-us,Bin round reminder,01/27/2026 03:10 PM GMT,pagewatcher@govdelivery.com,0,0
http://www.kirklees.gov.uk/beta/information-and-data/pdf/privacy-notice-comms-and-marketing.pdf,Bin round reminder,01/27/2026 03:10 PM GMT,pagewatcher@govdelivery.com,0,0
http://www.govdelivery.com/portals/powered-by,Bin round reminder,01/27/2026 03:10 PM GMT,pagewatcher@govdelivery.com,0,0
https://www.instagram.com/kirklees.council,Bin round reminder,01/28/2026 02:10 PM GMT,pagewatcher@govdelivery.com,0,0
https://www.kirklees.gov.uk/binManagement/Green/20260129/RG15THU,Bin round reminder,01/28/2026 02:10 PM GMT,pagewatcher@govdelivery.com,0,0
https://www.kirklees.gov.uk/beta/your-property-bins-recycling/recycling-items.aspx,Bin round reminder,01/28/2026 02:10 PM GMT,pagewatcher@govdelivery.com,0,0
https://public.govdelivery.com/accounts/UKKIRKLEES/subscriber/topics?qsp=UKKIRKLEES_7,Bin round reminder,01/28/2026 02:10 PM GMT,pagewatcher@govdelivery.com,0,0
https://www.facebook.com/liveinkirklees,Bin round reminder,01/28/2026 02:10 PM GMT,pagewatcher@govdelivery.com,0,0
https://twitter.com/KirkleesCouncil,Bin round reminder,01/28/2026 02:10 PM GMT,pagewatcher@govdelivery.com,0,0
https://www.youtube.com/user/KirkleesVideos,Bin round reminder,01/28/2026 02:10 PM GMT,pagewatcher@govdelivery.com,0,0
https://public.govdelivery.com/accounts/UKKIRKLEES/subscriber/edit?preferences=true#tab1,Bin round reminder,01/28/2026 02:10 PM GMT,pagewatcher@govdelivery.com,0,0
http://www.kirklees.gov.uk/reminder,Bin round reminder,01/28/2026 02:10 PM GMT,pagewatcher@govdelivery.com,0,0
https://subscriberhelp.govdelivery.com/hc/en-us,Bin round reminder,01/28/2026 02:10 PM GMT,pagewatcher@govdelivery.com,0,0
http://www.kirklees.gov.uk/beta/information-and-data/pdf/privacy-notice-comms-and-marketing.pdf,Bin round reminder,01/28/2026 02:10 PM GMT,pagewatcher@govdelivery.com,0,0
http://www.govdelivery.com/portals/powered-by,Bin round reminder,01/28/2026 02:10 PM GMT,pagewatcher@govdelivery.com,0,0
https://www.instagram.com/kirklees.council,Bin round reminder,01/28/2026 01:00 PM GMT,pagewatcher@govdelivery.com,0,0
https://www.kirklees.gov.uk/binManagement/Green/20260129/RG10THU,Bin round reminder,01/28/2026 01:00 PM GMT,pagewatcher@govdelivery.com,0,0
https://www.kirklees.gov.uk/beta/your-property-bins-recycling/recycling-items.aspx,Bin round reminder,01/28/2026 01:00 PM GMT,pagewatcher@govdelivery.com,0,0
https://public.govdelivery.com/accounts/UKKIRKLEES/subscriber/topics?qsp=UKKIRKLEES_7,Bin round reminder,01/28/2026 01:00 PM GMT,pagewatcher@govdelivery.com,0,0
https://www.facebook.com/liveinkirklees,Bin round reminder,01/28/2026 01:00 PM GMT,pagewatcher@govdelivery.com,0,0
https://twitter.com/KirkleesCouncil,Bin round reminder,01/28/2026 01:00 PM GMT,pagewatcher@govdelivery.com,0,0
https://www.youtube.com/user/KirkleesVideos,Bin round reminder,01/28/2026 01:00 PM GMT,pagewatcher@govdelivery.com,0,0
https://public.govdelivery.com/accounts/UKKIRKLEES/subscriber/edit?preferences=true#tab1,Bin round reminder,01/28/2026 01:00 PM GMT,pagewatcher@govdelivery.com,0,0
http://www.kirklees.gov.uk/reminder,Bin round reminder,01/28/2026 01:00 PM GMT,pagewatcher@govdelivery.com,0,0
https://subscriberhelp.govdelivery.com/hc/en-us,Bin round reminder,01/28/2026 01:00 PM GMT,pagewatcher@govdelivery.com,0,0
http://www.kirklees.gov.uk/beta/information-and-data/pdf/privacy-notice-comms-and-marketing.pdf,Bin round reminder,01/28/2026 01:00 PM GMT,pagewatcher@govdelivery.com,0,0
http://www.govdelivery.com/portals/powered-by,Bin round reminder,01/28/2026 01:00 PM GMT,pagewatcher@govdelivery.com,0,0
https://www.facebook.com/liveinkirklees,Bin round reminder,01/28/2026 01:00 PM GMT,pagewatcher@govdelivery.com,0,0
https://www.kirklees.gov.uk/binManagement/Grey/20260129/DG09THU,Bin round reminder,01/28/2026 01:00 PM GMT,pagewatcher@govdelivery.com,0,0
https://www.kirklees.gov.uk/beta/your-property-bins-recycling/recycling-items.aspx,Bin round reminder,01/28/2026 01:00 PM GMT,pagewatcher@govdelivery.com,0,0
https://www.instagram.com/kirklees.council,Bin round reminder,01/28/2026 01:00 PM GMT,pagewatcher@govdelivery.com,0,0
https://twitter.com/KirkleesCouncil,Bin round reminder,01/28/2026 01:00 PM GMT,pagewatcher@govdelivery.com,0,0
https://www.youtube.com/user/KirkleesVideos,Bin round reminder,01/28/2026 01:00 PM GMT,pagewatcher@govdelivery.com,0,0
https://public.govdelivery.com/accounts/UKKIRKLEES/subscriber/edit?preferences=true#tab1,Bin round reminder,01/28/2026 01:00 PM GMT,pagewatcher@govdelivery.com,0,0
http://www.kirklees.gov.uk/reminder,Bin round reminder,01/28/2026 01:00 PM GMT,pagewatcher@govdelivery.com,0,0
https://subscriberhelp.govdelivery.com/hc/en-us,Bin round reminder,01/28/2026 01:00 PM GMT,pagewatcher@govdelivery.com,0,0
http://www.kirklees.gov.uk/beta/information-and-data/pdf/privacy-notice-comms-and-marketing.pdf,Bin round reminder,01/28/2026 01:00 PM GMT,pagewatcher@govdelivery.com,0,0
http://www.govdelivery.com/portals/powered-by,Bin round reminder,01/28/2026 01:00 PM GMT,pagewatcher@govdelivery.com,0,0
https://www.kirklees.gov.uk/binManagement/Green/20260128/R33WED,Bin round reminder,01/27/2026 03:10 PM GMT,pagewatcher@govdelivery.com,0,0
https://www.kirklees.gov.uk/beta/your-property-bins-recycling/recycling-items.aspx,Bin round reminder,01/27/2026 03:10 PM GMT,pagewatcher@govdelivery.com,0,0
https://public.govdelivery.com/accounts/UKKIRKLEES/subscriber/topics?qsp=UKKIRKLEES_7,Bin round reminder,01/27/2026 03:10 PM GMT,pagewatcher@govdelivery.com,0,0
https://www.instagram.com/kirklees.council,Bin round reminder,01/27/2026 03:10 PM GMT,pagewatcher@govdelivery.com,0,0
https://www.facebook.com/liveinkirklees,Bin round reminder,01/27/2026 03:10 PM GMT,pagewatcher@govdelivery.com,0,0
https://twitter.com/KirkleesCouncil,Bin round reminder,01/27/2026 03:10 PM GMT,pagewatcher@govdelivery.com,0,0
https://www.youtube.com/user/KirkleesVideos,Bin round reminder,01/27/2026 03:10 PM GMT,pagewatcher@govdelivery.com,0,0
https://public.govdelivery.com/accounts/UKKIRKLEES/subscriber/edit?preferences=true#tab1,Bin round reminder,01/27/2026 03:10 PM GMT,pagewatcher@govdelivery.com,0,0
http://www.kirklees.gov.uk/reminder,Bin round reminder,01/27/2026 03:10 PM GMT,pagewatcher@govdelivery.com,0,0
https://subscriberhelp.govdelivery.com/hc/en-us,Bin round reminder,01/27/2026 03:10 PM GMT,pagewatcher@govdelivery.com,0,0
http://www.kirklees.gov.uk/beta/information-and-data/pdf/privacy-notice-comms-and-marketing.pdf,Bin round reminder,01/27/2026 03:10 PM GMT,pagewatcher@govdelivery.com,0,0
http://www.govdelivery.com/portals/powered-by,Bin round reminder,01/27/2026 03:10 PM GMT,pagewatcher@govdelivery.com,0,0
https://www.kirklees.gov.uk/binManagement/Grey/20260128/D38WED,Bin round reminder,01/27/2026 03:10 PM GMT,pagewatcher@govdelivery.com,0,0
https://www.kirklees.gov.uk/beta/your-property-bins-recycling/recycling-items.aspx,Bin round reminder,01/27/2026 03:10 PM GMT,pagewatcher@govdelivery.com,0,0
https://www.instagram.com/kirklees.council,Bin round reminder,01/27/2026 03:10 PM GMT,pagewatcher@govdelivery.com,0,0
https://www.facebook.com/liveinkirklees,Bin round reminder,01/27/2026 03:10 PM GMT,pagewatcher@govdelivery.com,0,0
https://twitter.com/KirkleesCouncil,Bin round reminder,01/27/2026 03:10 PM GMT,pagewatcher@govdelivery.com,0,0
https://www.youtube.com/user/KirkleesVideos,Bin round reminder,01/27/2026 03:10 PM GMT,pagewatcher@govdelivery.com,0,0
https://public.govdelivery.com/accounts/UKKIRKLEES/subscriber/edit?preferences=true#tab1,Bin round reminder,01/27/2026 03:10 PM GMT,pagewatcher@govdelivery.com,0,0
http://www.kirklees.gov.uk/reminder,Bin round reminder,01/27/2026 03:10 PM GMT,pagewatcher@govdelivery.com,0,0
https://subscriberhelp.govdelivery.com/hc/en-us,Bin round reminder,01/27/2026 03:10 PM GMT,pagewatcher@govdelivery.com,0,0
https://www.instagram.com/kirklees.council,Bin round reminder,01/27/2026 04:20 PM GMT,pagewatcher@govdelivery.com,0,0
http://www.kirklees.gov.uk/beta/information-and-data/pdf/privacy-notice-comms-and-marketing.pdf,Bin round reminder,01/27/2026 03:10 PM GMT,pagewatcher@govdelivery.com,0,0
http://www.govdelivery.com/portals/powered-by,Bin round reminder,01/27/2026 03:10 PM GMT,pagewatcher@govdelivery.com,0,0
https://www.kirklees.gov.uk/binManagement/Green/20260128/RG15WED,Bin round reminder,01/27/2026 04:20 PM GMT,pagewatcher@govdelivery.com,0,0
https://www.kirklees.gov.uk/beta/your-property-bins-recycling/recycling-items.aspx,Bin round reminder,01/27/2026 04:20 PM GMT,pagewatcher@govdelivery.com,0,0
https://public.govdelivery.com/accounts/UKKIRKLEES/subscriber/topics?qsp=UKKIRKLEES_7,Bin round reminder,01/27/2026 04:20 PM GMT,pagewatcher@govdelivery.com,0,0
https://www.facebook.com/liveinkirklees,Bin round reminder,01/27/2026 04:20 PM GMT,pagewatcher@govdelivery.com,0,0
https://twitter.com/KirkleesCouncil,Bin round reminder,01/27/2026 04:20 PM GMT,pagewatcher@govdelivery.com,0,0
https://www.youtube.com/user/KirkleesVideos,Bin round reminder,01/27/2026 04:20 PM GMT,pagewatcher@govdelivery.com,0,0
http://www.kirklees.gov.uk/reminder,Bin round reminder,01/27/2026 04:20 PM GMT,pagewatcher@govdelivery.com,0,0
https://subscriberhelp.govdelivery.com/hc/en-us,Bin round reminder,01/27/2026 04:20 PM GMT,pagewatcher@govdelivery.com,0,0
http://www.kirklees.gov.uk/beta/information-and-data/pdf/privacy-notice-comms-and-marketing.pdf,Bin round reminder,01/27/2026 04:20 PM GMT,pagewatcher@govdelivery.com,0,0
http://www.govdelivery.com/portals/powered-by,Bin round reminder,01/27/2026 04:20 PM GMT,pagewatcher@govdelivery.com,0,0
https://www.kirklees.gov.uk/binManagement/Grey/20260128/D35WED,Bin round reminder,01/27/2026 04:20 PM GMT,pagewatcher@govdelivery.com,0,0
https://www.instagram.com/kirklees.council,Bin round reminder,01/27/2026 04:20 PM GMT,pagewatcher@govdelivery.com,0,0
https://www.facebook.com/liveinkirklees,Bin round reminder,01/27/2026 04:20 PM GMT,pagewatcher@govdelivery.com,0,0
https://twitter.com/KirkleesCouncil,Bin round reminder,01/27/2026 04:20 PM GMT,pagewatcher@govdelivery.com,0,0
https://www.youtube.com/user/KirkleesVideos,Bin round reminder,01/27/2026 04:20 PM GMT,pagewatcher@govdelivery.com,0,0
http://www.kirklees.gov.uk/reminder,Bin round reminder,01/27/2026 04:20 PM GMT,pagewatcher@govdelivery.com,0,0
https://subscriberhelp.govdelivery.com/hc/en-us,Bin round reminder,01/27/2026 04:20 PM GMT,pagewatcher@govdelivery.com,0,0
http://www.kirklees.gov.uk/beta/information-and-data/pdf/privacy-notice-comms-and-marketing.pdf,Bin round reminder,01/27/2026 04:20 PM GMT,pagewatcher@govdelivery.com,0,0
http://www.govdelivery.com/portals/powered-by,Bin round reminder,01/27/2026 04:20 PM GMT,pagewatcher@govdelivery.com,0,0
https://www.kirklees.gov.uk/binManagement/Green/20260128/RG14WED,Bin round reminder,01/27/2026 02:30 PM GMT,pagewatcher@govdelivery.com,0,0
https://www.kirklees.gov.uk/beta/your-property-bins-recycling/recycling-items.aspx,Bin round reminder,01/27/2026 02:30 PM GMT,pagewatcher@govdelivery.com,0,0
https://public.govdelivery.com/accounts/UKKIRKLEES/subscriber/topics?qsp=UKKIRKLEES_7,Bin round reminder,01/27/2026 02:30 PM GMT,pagewatcher@govdelivery.com,0,0
https://www.instagram.com/kirklees.council,Bin round reminder,01/27/2026 02:30 PM GMT,pagewatcher@govdelivery.com,0,0
https://www.facebook.com/liveinkirklees,Bin round reminder,01/27/2026 02:30 PM GMT,pagewatcher@govdelivery.com,0,0
https://twitter.com/KirkleesCouncil,Bin round reminder,01/27/2026 02:30 PM GMT,pagewatcher@govdelivery.com,0,0
https://www.youtube.com/user/KirkleesVideos,Bin round reminder,01/27/2026 02:30 PM GMT,pagewatcher@govdelivery.com,0,0
https://public.govdelivery.com/accounts/UKKIRKLEES/subscriber/edit?preferences=true#tab1,Bin round reminder,01/27/2026 02:30 PM GMT,pagewatcher@govdelivery.com,0,0
http://www.kirklees.gov.uk/reminder,Bin round reminder,01/27/2026 02:30 PM GMT,pagewatcher@govdelivery.com,0,0
https://subscriberhelp.govdelivery.com/hc/en-us,Bin round reminder,01/27/2026 02:30 PM GMT,pagewatcher@govdelivery.com,0,0
http://www.kirklees.gov.uk/beta/information-and-data/pdf/privacy-notice-comms-and-marketing.pdf,Bin round reminder,01/27/2026 02:30 PM GMT,pagewatcher@govdelivery.com,0,0
http://www.govdelivery.com/portals/powered-by,Bin round reminder,01/27/2026 02:30 PM GMT,pagewatcher@govdelivery.com,0,0
https://www.facebook.com/liveinkirklees,Bin round reminder,01/28/2026 01:00 PM GMT,pagewatcher@govdelivery.com,0,0
https://www.kirklees.gov.uk/binManagement/Grey/20260129/D30THU,Bin round reminder,01/28/2026 01:00 PM GMT,pagewatcher@govdelivery.com,0,0
https://www.kirklees.gov.uk/beta/your-property-bins-recycling/recycling-items.aspx,Bin round reminder,01/28/2026 01:00 PM GMT,pagewatcher@govdelivery.com,0,0
https://www.instagram.com/kirklees.council,Bin round reminder,01/28/2026 01:00 PM GMT,pagewatcher@govdelivery.com,0,0
https://twitter.com/KirkleesCouncil,Bin round reminder,01/28/2026 01:00 PM GMT,pagewatcher@govdelivery.com,0,0
https://www.youtube.com/user/KirkleesVideos,Bin round reminder,01/28/2026 01:00 PM GMT,pagewatcher@govdelivery.com,0,0
https://public.govdelivery.com/accounts/UKKIRKLEES/subscriber/edit?preferences=true#tab1,Bin round reminder,01/28/2026 01:00 PM GMT,pagewatcher@govdelivery.com,0,0
http://www.kirklees.gov.uk/reminder,Bin round reminder,01/28/2026 01:00 PM GMT,pagewatcher@govdelivery.com,0,0
https://subscriberhelp.govdelivery.com/hc/en-us,Bin round reminder,01/28/2026 01:00 PM GMT,pagewatcher@govdelivery.com,0,0
http://www.kirklees.gov.uk/beta/information-and-data/pdf/privacy-notice-comms-and-marketing.pdf,Bin round reminder,01/28/2026 01:00 PM GMT,pagewatcher@govdelivery.com,0,0
http://www.govdelivery.com/portals/powered-by,Bin round reminder,01/28/2026 01:00 PM GMT,pagewatcher@govdelivery.com,0,0
https://www.facebook.com/liveinkirklees,Bin round reminder,01/28/2026 03:20 PM GMT,pagewatcher@govdelivery.com,0,0
https://www.kirklees.gov.uk/binManagement/Grey/20260129/D38THU,Bin round reminder,01/28/2026 03:20 PM GMT,pagewatcher@govdelivery.com,0,0
https://www.kirklees.gov.uk/beta/your-property-bins-recycling/recycling-items.aspx,Bin round reminder,01/28/2026 03:20 PM GMT,pagewatcher@govdelivery.com,0,0
https://www.instagram.com/kirklees.council,Bin round reminder,01/28/2026 03:20 PM GMT,pagewatcher@govdelivery.com,0,0
https://twitter.com/KirkleesCouncil,Bin round reminder,01/28/2026 03:20 PM GMT,pagewatcher@govdelivery.com,0,0
https://www.youtube.com/user/KirkleesVideos,Bin round reminder,01/28/2026 03:20 PM GMT,pagewatcher@govdelivery.com,0,0
https://public.govdelivery.com/accounts/UKKIRKLEES/subscriber/edit?preferences=true#tab1,Bin round reminder,01/28/2026 03:20 PM GMT,pagewatcher@govdelivery.com,0,0
http://www.kirklees.gov.uk/reminder,Bin round reminder,01/28/2026 03:20 PM GMT,pagewatcher@govdelivery.com,0,0
https://subscriberhelp.govdelivery.com/hc/en-us,Bin round reminder,01/28/2026 03:20 PM GMT,pagewatcher@govdelivery.com,0,0
http://www.kirklees.gov.uk/beta/information-and-data/pdf/privacy-notice-comms-and-marketing.pdf,Bin round reminder,01/28/2026 03:20 PM GMT,pagewatcher@govdelivery.com,0,0
http://www.govdelivery.com/portals/powered-by,Bin round reminder,01/28/2026 03:20 PM GMT,pagewatcher@govdelivery.com,0,0
https://www.kirklees.gov.uk/binManagement/Grey/20260129/DG03THU,Bin round reminder,01/28/2026 03:20 PM GMT,pagewatcher@govdelivery.com,0,0
https://www.kirklees.gov.uk/beta/your-property-bins-recycling/recycling-items.aspx,Bin round reminder,01/28/2026 03:20 PM GMT,pagewatcher@govdelivery.com,0,0
https://www.instagram.com/kirklees.council,Bin round reminder,01/28/2026 03:20 PM GMT,pagewatcher@govdelivery.com,0,0
https://www.facebook.com/liveinkirklees,Bin round reminder,01/28/2026 03:20 PM GMT,pagewatcher@govdelivery.com,0,0
https://twitter.com/KirkleesCouncil,Bin round reminder,01/28/2026 03:20 PM GMT,pagewatcher@govdelivery.com,0,0
https://www.youtube.com/user/KirkleesVideos,Bin round reminder,01/28/2026 03:20 PM GMT,pagewatcher@govdelivery.com,0,0
https://public.govdelivery.com/accounts/UKKIRKLEES/subscriber/edit?preferences=true#tab1,Bin round reminder,01/28/2026 03:20 PM GMT,pagewatcher@govdelivery.com,0,0
http://www.kirklees.gov.uk/reminder,Bin round reminder,01/28/2026 03:20 PM GMT,pagewatcher@govdelivery.com,0,0
https://subscriberhelp.govdelivery.com/hc/en-us,Bin round reminder,01/28/2026 03:20 PM GMT,pagewatcher@govdelivery.com,0,0
http://www.kirklees.gov.uk/beta/information-and-data/pdf/privacy-notice-comms-and-marketing.pdf,Bin round reminder,01/28/2026 03:20 PM GMT,pagewatcher@govdelivery.com,0,0
http://www.govdelivery.com/portals/powered-by,Bin round reminder,01/28/2026 03:20 PM GMT,pagewatcher@govdelivery.com,0,0
https://www.instagram.com/kirklees.council,Bin round reminder,01/28/2026 02:50 PM GMT,pagewatcher@govdelivery.com,0,0
https://www.kirklees.gov.uk/binManagement/Green/20260129/RG11THU,Bin round reminder,01/28/2026 02:50 PM GMT,pagewatcher@govdelivery.com,0,0
https://www.kirklees.gov.uk/beta/your-property-bins-recycling/recycling-items.aspx,Bin round reminder,01/28/2026 02:50 PM GMT,pagewatcher@govdelivery.com,0,0
https://public.govdelivery.com/accounts/UKKIRKLEES/subscriber/topics?qsp=UKKIRKLEES_7,Bin round reminder,01/28/2026 02:50 PM GMT,pagewatcher@govdelivery.com,0,0
https://public.govdelivery.com/accounts/UKKIRKLEES/subscriber/edit?preferences=true#tab1,Bin round reminder,01/28/2026 02:50 PM GMT,pagewatcher@govdelivery.com,0,0
https://www.facebook.com/liveinkirklees,Bin round reminder,01/28/2026 02:50 PM GMT,pagewatcher@govdelivery.com,0,0
https://twitter.com/KirkleesCouncil,Bin round reminder,01/28/2026 02:50 PM GMT,pagewatcher@govdelivery.com,0,0
https://www.youtube.com/user/KirkleesVideos,Bin round reminder,01/28/2026 02:50 PM GMT,pagewatcher@govdelivery.com,0,0
http://www.kirklees.gov.uk/reminder,Bin round reminder,01/28/2026 02:50 PM GMT,pagewatcher@govdelivery.com,0,0
https://subscriberhelp.govdelivery.com/hc/en-us,Bin round reminder,01/28/2026 02:50 PM GMT,pagewatcher@govdelivery.com,0,0
http://www.kirklees.gov.uk/beta/information-and-data/pdf/privacy-notice-comms-and-marketing.pdf,Bin round reminder,01/28/2026 02:50 PM GMT,pagewatcher@govdelivery.com,0,0
http://www.govdelivery.com/portals/powered-by,Bin round reminder,01/28/2026 02:50 PM GMT,pagewatcher@govdelivery.com,0,0
https://www.kirklees.gov.uk/binManagement/Grey/20260129/D35THU,Bin round reminder,01/28/2026 02:10 PM GMT,pagewatcher@govdelivery.com,0,0
https://www.kirklees.gov.uk/beta/your-property-bins-recycling/recycling-items.aspx,Bin round reminder,01/28/2026 02:10 PM GMT,pagewatcher@govdelivery.com,0,0
https://www.instagram.com/kirklees.council,Bin round reminder,01/28/2026 02:10 PM GMT,pagewatcher@govdelivery.com,0,0
https://public.govdelivery.com/accounts/UKKIRKLEES/subscriber/edit?preferences=true#tab1,Bin round reminder,01/28/2026 02:10 PM GMT,pagewatcher@govdelivery.com,0,0
https://www.facebook.com/liveinkirklees,Bin round reminder,01/28/2026 02:10 PM GMT,pagewatcher@govdelivery.com,0,0
https://twitter.com/KirkleesCouncil,Bin round reminder,01/28/2026 02:10 PM GMT,pagewatcher@govdelivery.com,0,0
https://www.youtube.com/user/KirkleesVideos,Bin round reminder,01/28/2026 02:10 PM GMT,pagewatcher@govdelivery.com,0,0
http://www.kirklees.gov.uk/reminder,Bin round reminder,01/28/2026 02:10 PM GMT,pagewatcher@govdelivery.com,0,0
https://subscriberhelp.govdelivery.com/hc/en-us,Bin round reminder,01/28/2026 02:10 PM GMT,pagewatcher@govdelivery.com,0,0
http://www.kirklees.gov.uk/beta/information-and-data/pdf/privacy-notice-comms-and-marketing.pdf,Bin round reminder,01/28/2026 02:10 PM GMT,pagewatcher@govdelivery.com,0,0
http://www.govdelivery.com/portals/powered-by,Bin round reminder,01/28/2026 02:10 PM GMT,pagewatcher@govdelivery.com,0,0
https://www.instagram.com/kirklees.council,Bin round reminder,01/28/2026 03:30 PM GMT,pagewatcher@govdelivery.com,0,0
https://www.kirklees.gov.uk/binManagement/Green/20260129/R34THU,Bin round reminder,01/28/2026 03:30 PM GMT,pagewatcher@govdelivery.com,0,0
https://www.kirklees.gov.uk/beta/your-property-bins-recycling/recycling-items.aspx,Bin round reminder,01/28/2026 03:30 PM GMT,pagewatcher@govdelivery.com,0,0
https://public.govdelivery.com/accounts/UKKIRKLEES/subscriber/topics?qsp=UKKIRKLEES_7,Bin round reminder,01/28/2026 03:30 PM GMT,pagewatcher@govdelivery.com,0,0
https://www.facebook.com/liveinkirklees,Bin round reminder,01/28/2026 03:30 PM GMT,pagewatcher@govdelivery.com,0,0
https://twitter.com/KirkleesCouncil,Bin round reminder,01/28/2026 03:30 PM GMT,pagewatcher@govdelivery.com,0,0
https://www.youtube.com/user/KirkleesVideos,Bin round reminder,01/28/2026 03:30 PM GMT,pagewatcher@govdelivery.com,0,0
http://www.kirklees.gov.uk/reminder,Bin round reminder,01/28/2026 03:30 PM GMT,pagewatcher@govdelivery.com,0,0
https://subscriberhelp.govdelivery.com/hc/en-us,Bin round reminder,01/28/2026 03:30 PM GMT,pagewatcher@govdelivery.com,0,0
http://www.kirklees.gov.uk/beta/information-and-data/pdf/privacy-notice-comms-and-marketing.pdf,Bin round reminder,01/28/2026 03:30 PM GMT,pagewatcher@govdelivery.com,0,0
http://www.govdelivery.com/portals/powered-by,Bin round reminder,01/28/2026 03:30 PM GMT,pagewatcher@govdelivery.com,0,0
https://www.facebook.com/liveinkirklees,Bin round reminder,01/28/2026 03:00 PM GMT,pagewatcher@govdelivery.com,0,0
https://www.kirklees.gov.uk/binManagement/Grey/20260129/D37THU,Bin round reminder,01/28/2026 03:00 PM GMT,pagewatcher@govdelivery.com,0,0
https://www.kirklees.gov.uk/beta/your-property-bins-recycling/recycling-items.aspx,Bin round reminder,01/28/2026 03:00 PM GMT,pagewatcher@govdelivery.com,0,0
https://www.instagram.com/kirklees.council,Bin round reminder,01/28/2026 03:00 PM GMT,pagewatcher@govdelivery.com,0,0
https://twitter.com/KirkleesCouncil,Bin round reminder,01/28/2026 03:00 PM GMT,pagewatcher@govdelivery.com,0,0
https://www.youtube.com/user/KirkleesVideos,Bin round reminder,01/28/2026 03:00 PM GMT,pagewatcher@govdelivery.com,0,0
https://public.govdelivery.com/accounts/UKKIRKLEES/subscriber/edit?preferences=true#tab1,Bin round reminder,01/28/2026 03:00 PM GMT,pagewatcher@govdelivery.com,0,0
http://www.kirklees.gov.uk/reminder,Bin round reminder,01/28/2026 03:00 PM GMT,pagewatcher@govdelivery.com,0,0
https://subscriberhelp.govdelivery.com/hc/en-us,Bin round reminder,01/28/2026 03:00 PM GMT,pagewatcher@govdelivery.com,0,0
http://www.kirklees.gov.uk/beta/information-and-data/pdf/privacy-notice-comms-and-marketing.pdf,Bin round reminder,01/28/2026 03:00 PM GMT,pagewatcher@govdelivery.com,0,0
http://www.govdelivery.com/portals/powered-by,Bin round reminder,01/28/2026 03:00 PM GMT,pagewatcher@govdelivery.com,0,0
https://www.facebook.com/liveinkirklees,Bin round reminder,01/28/2026 03:00 PM GMT,pagewatcher@govdelivery.com,0,0
https://www.kirklees.gov.uk/binManagement/Grey/20260129/DG08THU,Bin round reminder,01/28/2026 03:00 PM GMT,pagewatcher@govdelivery.com,0,0
https://www.kirklees.gov.uk/beta/your-property-bins-recycling/recycling-items.aspx,Bin round reminder,01/28/2026 03:00 PM GMT,pagewatcher@govdelivery.com,0,0
https://www.instagram.com/kirklees.council,Bin round reminder,01/28/2026 03:00 PM GMT,pagewatcher@govdelivery.com,0,0
https://twitter.com/KirkleesCouncil,Bin round reminder,01/28/2026 03:00 PM GMT,pagewatcher@govdelivery.com,0,0
https://www.youtube.com/user/KirkleesVideos,Bin round reminder,01/28/2026 03:00 PM GMT,pagewatcher@govdelivery.com,0,0
https://public.govdelivery.com/accounts/UKKIRKLEES/subscriber/edit?preferences=true#tab1,Bin round reminder,01/28/2026 03:00 PM GMT,pagewatcher@govdelivery.com,0,0
http://www.kirklees.gov.uk/reminder,Bin round reminder,01/28/2026 03:00 PM GMT,pagewatcher@govdelivery.com,0,0
https://subscriberhelp.govdelivery.com/hc/en-us,Bin round reminder,01/28/2026 03:00 PM GMT,pagewatcher@govdelivery.com,0,0
http://www.kirklees.gov.uk/beta/information-and-data/pdf/privacy-notice-comms-and-marketing.pdf,Bin round reminder,01/28/2026 03:00 PM GMT,pagewatcher@govdelivery.com,0,0
http://www.govdelivery.com/portals/powered-by,Bin round reminder,01/28/2026 03:00 PM GMT,pagewatcher@govdelivery.com,0,0
https://www.facebook.com/liveinkirklees,Bin round reminder,01/27/2026 03:50 PM GMT,pagewatcher@govdelivery.com,0,0
https://www.kirklees.gov.uk/binManagement/Grey/20260128/DG07WED,Bin round reminder,01/27/2026 03:50 PM GMT,pagewatcher@govdelivery.com,0,0
https://www.kirklees.gov.uk/beta/your-property-bins-recycling/recycling-items.aspx,Bin round reminder,01/27/2026 03:50 PM GMT,pagewatcher@govdelivery.com,0,0
https://www.instagram.com/kirklees.council,Bin round reminder,01/27/2026 03:50 PM GMT,pagewatcher@govdelivery.com,0,0
https://twitter.com/KirkleesCouncil,Bin round reminder,01/27/2026 03:50 PM GMT,pagewatcher@govdelivery.com,0,0
https://www.youtube.com/user/KirkleesVideos,Bin round reminder,01/27/2026 03:50 PM GMT,pagewatcher@govdelivery.com,0,0
https://public.govdelivery.com/accounts/UKKIRKLEES/subscriber/edit?preferences=true#tab1,Bin round reminder,01/27/2026 03:50 PM GMT,pagewatcher@govdelivery.com,0,0
http://www.kirklees.gov.uk/reminder,Bin round reminder,01/27/2026 03:50 PM GMT,pagewatcher@govdelivery.com,0,0
https://subscriberhelp.govdelivery.com/hc/en-us,Bin round reminder,01/27/2026 03:50 PM GMT,pagewatcher@govdelivery.com,0,0
http://www.kirklees.gov.uk/beta/information-and-data/pdf/privacy-notice-comms-and-marketing.pdf,Bin round reminder,01/27/2026 03:50 PM GMT,pagewatcher@govdelivery.com,0,0
http://www.govdelivery.com/portals/powered-by,Bin round reminder,01/27/2026 03:50 PM GMT,pagewatcher@govdelivery.com,0,0
http://www.govdelivery.com/portals/powered-by,Bin round reminder,01/28/2026 04:20 PM GMT,pagewatcher@govdelivery.com,0,0
http://www.kirklees.gov.uk/reminder,Bin round reminder,01/28/2026 04:20 PM GMT,pagewatcher@govdelivery.com,0,0
https://subscriberhelp.govdelivery.com/hc/en-us,Bin round reminder,01/28/2026 04:20 PM GMT,pagewatcher@govdelivery.com,0,0
http://www.kirklees.gov.uk/beta/information-and-data/pdf/privacy-notice-comms-and-marketing.pdf,Bin round reminder,01/28/2026 04:20 PM GMT,pagewatcher@govdelivery.com,0,0
https://www.facebook.com/liveinkirklees,Bin round reminder,01/28/2026 04:20 PM GMT,pagewatcher@govdelivery.com,0,0
https://www.kirklees.gov.uk/binManagement/Grey/20260129/DG07THU,Bin round reminder,01/28/2026 04:20 PM GMT,pagewatcher@govdelivery.com,0,0
https://www.kirklees.gov.uk/beta/your-property-bins-recycling/recycling-items.aspx,Bin round reminder,01/28/2026 04:20 PM GMT,pagewatcher@govdelivery.com,0,0
https://www.instagram.com/kirklees.council,Bin round reminder,01/28/2026 04:20 PM GMT,pagewatcher@govdelivery.com,0,0
https://twitter.com/KirkleesCouncil,Bin round reminder,01/28/2026 04:20 PM GMT,pagewatcher@govdelivery.com,0,0
https://www.youtube.com/user/KirkleesVideos,Bin round reminder,01/28/2026 04:20 PM GMT,pagewatcher@govdelivery.com,0,0
https://public.govdelivery.com/accounts/UKKIRKLEES/subscriber/edit?preferences=true#tab1,Bin round reminder,01/28/2026 04:20 PM GMT,pagewatcher@govdelivery.com,0,0
https://www.facebook.com/liveinkirklees,Bin round reminder,01/27/2026 04:10 PM GMT,pagewatcher@govdelivery.com,0,0
https://www.kirklees.gov.uk/binManagement/Grey/20260128/DG09WED,Bin round reminder,01/27/2026 04:10 PM GMT,pagewatcher@govdelivery.com,0,0
https://www.instagram.com/kirklees.council,Bin round reminder,01/27/2026 04:10 PM GMT,pagewatcher@govdelivery.com,0,0
https://twitter.com/KirkleesCouncil,Bin round reminder,01/27/2026 04:10 PM GMT,pagewatcher@govdelivery.com,0,0
https://www.youtube.com/user/KirkleesVideos,Bin round reminder,01/27/2026 04:10 PM GMT,pagewatcher@govdelivery.com,0,0
https://public.govdelivery.com/accounts/UKKIRKLEES/subscriber/edit?preferences=true#tab1,Bin round reminder,01/27/2026 04:10 PM GMT,pagewatcher@govdelivery.com,0,0
http://www.kirklees.gov.uk/reminder,Bin round reminder,01/27/2026 04:10 PM GMT,pagewatcher@govdelivery.com,0,0
https://subscriberhelp.govdelivery.com/hc/en-us,Bin round reminder,01/27/2026 04:10 PM GMT,pagewatcher@govdelivery.com,0,0
http://www.kirklees.gov.uk/beta/information-and-data/pdf/privacy-notice-comms-and-marketing.pdf,Bin round reminder,01/27/2026 04:10 PM GMT,pagewatcher@govdelivery.com,0,0
http://www.govdelivery.com/portals/powered-by,Bin round reminder,01/27/2026 04:10 PM GMT,pagewatcher@govdelivery.com,0,0
https://www.instagram.com/kirklees.council,Bin round reminder,01/27/2026 04:10 PM GMT,pagewatcher@govdelivery.com,0,0
https://www.kirklees.gov.uk/binManagement/Green/20260128/RG10WED,Bin round reminder,01/27/2026 04:10 PM GMT,pagewatcher@govdelivery.com,0,0
https://www.facebook.com/liveinkirklees,Bin round reminder,01/27/2026 04:10 PM GMT,pagewatcher@govdelivery.com,0,0
https://twitter.com/KirkleesCouncil,Bin round reminder,01/27/2026 04:10 PM GMT,pagewatcher@govdelivery.com,0,0
https://www.youtube.com/user/KirkleesVideos,Bin round reminder,01/27/2026 04:10 PM GMT,pagewatcher@govdelivery.com,0,0
https://public.govdelivery.com/accounts/UKKIRKLEES/subscriber/edit?preferences=true#tab1,Bin round reminder,01/27/2026 04:10 PM GMT,pagewatcher@govdelivery.com,0,0
http://www.kirklees.gov.uk/reminder,Bin round reminder,01/27/2026 04:10 PM GMT,pagewatcher@govdelivery.com,0,0
https://subscriberhelp.govdelivery.com/hc/en-us,Bin round reminder,01/27/2026 04:10 PM GMT,pagewatcher@govdelivery.com,0,0
https://www.kirklees.gov.uk/beta/your-property-bins-recycling/recycling-items.aspx,Bin round reminder,01/27/2026 04:10 PM GMT,pagewatcher@govdelivery.com,0,0
http://www.kirklees.gov.uk/beta/information-and-data/pdf/privacy-notice-comms-and-marketing.pdf,Bin round reminder,01/27/2026 04:10 PM GMT,pagewatcher@govdelivery.com,0,0
http://www.govdelivery.com/portals/powered-by,Bin round reminder,01/27/2026 04:10 PM GMT,pagewatcher@govdelivery.com,0,0
https://www.kirklees.gov.uk/binManagement/Grey/20260128/D37WED,Bin round reminder,01/27/2026 04:10 PM GMT,pagewatcher@govdelivery.com,0,0
https://www.instagram.com/kirklees.council,Bin round reminder,01/27/2026 04:10 PM GMT,pagewatcher@govdelivery.com,0,0
https://www.facebook.com/liveinkirklees,Bin round reminder,01/27/2026 04:10 PM GMT,pagewatcher@govdelivery.com,0,0
https://twitter.com/KirkleesCouncil,Bin round reminder,01/27/2026 04:10 PM GMT,pagewatcher@govdelivery.com,0,0
https://www.youtube.com/user/KirkleesVideos,Bin round reminder,01/27/2026 04:10 PM GMT,pagewatcher@govdelivery.com,0,0
https://public.govdelivery.com/accounts/UKKIRKLEES/subscriber/edit?preferences=true#tab1,Bin round reminder,01/27/2026 04:10 PM GMT,pagewatcher@govdelivery.com,0,0
http://www.kirklees.gov.uk/reminder,Bin round reminder,01/27/2026 04:10 PM GMT,pagewatcher@govdelivery.com,0,0
https://subscriberhelp.govdelivery.com/hc/en-us,Bin round reminder,01/27/2026 04:10 PM GMT,pagewatcher@govdelivery.com,0,0
http://www.kirklees.gov.uk/beta/information-and-data/pdf/privacy-notice-comms-and-marketing.pdf,Bin round reminder,01/27/2026 04:10 PM GMT,pagewatcher@govdelivery.com,0,0
http://www.govdelivery.com/portals/powered-by,Bin round reminder,01/27/2026 04:10 PM GMT,pagewatcher@govdelivery.com,0,0
https://www.facebook.com/liveinkirklees,Bin round reminder,01/28/2026 03:10 PM GMT,pagewatcher@govdelivery.com,0,0
https://www.kirklees.gov.uk/binManagement/Grey/20260129/DG04THU,Bin round reminder,01/28/2026 03:10 PM GMT,pagewatcher@govdelivery.com,0,0
https://www.kirklees.gov.uk/beta/your-property-bins-recycling/recycling-items.aspx,Bin round reminder,01/28/2026 03:10 PM GMT,pagewatcher@govdelivery.com,0,0
https://www.instagram.com/kirklees.council,Bin round reminder,01/28/2026 03:10 PM GMT,pagewatcher@govdelivery.com,0,0
https://twitter.com/KirkleesCouncil,Bin round reminder,01/28/2026 03:10 PM GMT,pagewatcher@govdelivery.com,0,0
https://www.youtube.com/user/KirkleesVideos,Bin round reminder,01/28/2026 03:10 PM GMT,pagewatcher@govdelivery.com,0,0
https://public.govdelivery.com/accounts/UKKIRKLEES/subscriber/edit?preferences=true#tab1,Bin round reminder,01/28/2026 03:10 PM GMT,pagewatcher@govdelivery.com,0,0
http://www.kirklees.gov.uk/reminder,Bin round reminder,01/28/2026 03:10 PM GMT,pagewatcher@govdelivery.com,0,0
https://subscriberhelp.govdelivery.com/hc/en-us,Bin round reminder,01/28/2026 03:10 PM GMT,pagewatcher@govdelivery.com,0,0
http://www.kirklees.gov.uk/beta/information-and-data/pdf/privacy-notice-comms-and-marketing.pdf,Bin round reminder,01/28/2026 03:10 PM GMT,pagewatcher@govdelivery.com,0,0
http://www.govdelivery.com/portals/powered-by,Bin round reminder,01/28/2026 03:10 PM GMT,pagewatcher@govdelivery.com,0,0
https://www.facebook.com/liveinkirklees,Bin round reminder,01/28/2026 03:50 PM GMT,pagewatcher@govdelivery.com,0,0
https://www.kirklees.gov.uk/binManagement/Grey/20260129/D36THU,Bin round reminder,01/28/2026 03:50 PM GMT,pagewatcher@govdelivery.com,0,0
https://www.kirklees.gov.uk/beta/your-property-bins-recycling/recycling-items.aspx,Bin round reminder,01/28/2026 03:50 PM GMT,pagewatcher@govdelivery.com,0,0
https://www.instagram.com/kirklees.council,Bin round reminder,01/28/2026 03:50 PM GMT,pagewatcher@govdelivery.com,0,0
https://twitter.com/KirkleesCouncil,Bin round reminder,01/28/2026 03:50 PM GMT,pagewatcher@govdelivery.com,0,0
https://www.youtube.com/user/KirkleesVideos,Bin round reminder,01/28/2026 03:50 PM GMT,pagewatcher@govdelivery.com,0,0
https://public.govdelivery.com/accounts/UKKIRKLEES/subscriber/edit?preferences=true#tab1,Bin round reminder,01/28/2026 03:50 PM GMT,pagewatcher@govdelivery.com,0,0
http://www.kirklees.gov.uk/reminder,Bin round reminder,01/28/2026 03:50 PM GMT,pagewatcher@govdelivery.com,0,0
https://subscriberhelp.govdelivery.com/hc/en-us,Bin round reminder,01/28/2026 03:50 PM GMT,pagewatcher@govdelivery.com,0,0
http://www.kirklees.gov.uk/beta/information-and-data/pdf/privacy-notice-comms-and-marketing.pdf,Bin round reminder,01/28/2026 03:50 PM GMT,pagewatcher@govdelivery.com,0,0
http://www.govdelivery.com/portals/powered-by,Bin round reminder,01/28/2026 03:50 PM GMT,pagewatcher@govdelivery.com,0,0
https://www.facebook.com/liveinkirklees,Bin round reminder,01/27/2026 03:30 PM GMT,pagewatcher@govdelivery.com,0,0
https://www.kirklees.gov.uk/binManagement/Grey/20260128/DG04WED,Bin round reminder,01/27/2026 03:30 PM GMT,pagewatcher@govdelivery.com,0,0
https://www.kirklees.gov.uk/beta/your-property-bins-recycling/recycling-items.aspx,Bin round reminder,01/27/2026 03:30 PM GMT,pagewatcher@govdelivery.com,0,0
https://www.instagram.com/kirklees.council,Bin round reminder,01/27/2026 03:30 PM GMT,pagewatcher@govdelivery.com,0,0
https://twitter.com/KirkleesCouncil,Bin round reminder,01/27/2026 03:30 PM GMT,pagewatcher@govdelivery.com,0,0
https://www.youtube.com/user/KirkleesVideos,Bin round reminder,01/27/2026 03:30 PM GMT,pagewatcher@govdelivery.com,0,0
https://public.govdelivery.com/accounts/UKKIRKLEES/subscriber/edit?preferences=true#tab1,Bin round reminder,01/27/2026 03:30 PM GMT,pagewatcher@govdelivery.com,0,0
http://www.kirklees.gov.uk/reminder,Bin round reminder,01/27/2026 03:30 PM GMT,pagewatcher@govdelivery.com,0,0
https://subscriberhelp.govdelivery.com/hc/en-us,Bin round reminder,01/27/2026 03:30 PM GMT,pagewatcher@govdelivery.com,0,0
http://www.kirklees.gov.uk/beta/information-and-data/pdf/privacy-notice-comms-and-marketing.pdf,Bin round reminder,01/27/2026 03:30 PM GMT,pagewatcher@govdelivery.com,0,0
http://www.govdelivery.com/portals/powered-by,Bin round reminder,01/27/2026 03:30 PM GMT,pagewatcher@govdelivery.com,0,0
https://www.instagram.com/kirklees.council,Bin round reminder,01/27/2026 03:00 PM GMT,pagewatcher@govdelivery.com,0,0
https://www.kirklees.gov.uk/binManagement/Green/20260128/RG18WED,Bin round reminder,01/27/2026 03:00 PM GMT,pagewatcher@govdelivery.com,0,0
https://www.kirklees.gov.uk/beta/your-property-bins-recycling/recycling-items.aspx,Bin round reminder,01/27/2026 03:00 PM GMT,pagewatcher@govdelivery.com,0,0
https://public.govdelivery.com/accounts/UKKIRKLEES/subscriber/topics?qsp=UKKIRKLEES_7,Bin round reminder,01/27/2026 03:00 PM GMT,pagewatcher@govdelivery.com,0,0
https://www.facebook.com/liveinkirklees,Bin round reminder,01/27/2026 03:00 PM GMT,pagewatcher@govdelivery.com,0,0
https://twitter.com/KirkleesCouncil,Bin round reminder,01/27/2026 03:00 PM GMT,pagewatcher@govdelivery.com,0,0
https://www.youtube.com/user/KirkleesVideos,Bin round reminder,01/27/2026 03:00 PM GMT,pagewatcher@govdelivery.com,0,0
https://public.govdelivery.com/accounts/UKKIRKLEES/subscriber/edit?preferences=true#tab1,Bin round reminder,01/27/2026 03:00 PM GMT,pagewatcher@govdelivery.com,0,0
http://www.kirklees.gov.uk/reminder,Bin round reminder,01/27/2026 03:00 PM GMT,pagewatcher@govdelivery.com,0,0
https://subscriberhelp.govdelivery.com/hc/en-us,Bin round reminder,01/27/2026 03:00 PM GMT,pagewatcher@govdelivery.com,0,0
http://www.kirklees.gov.uk/beta/information-and-data/pdf/privacy-notice-comms-and-marketing.pdf,Bin round reminder,01/27/2026 03:00 PM GMT,pagewatcher@govdelivery.com,0,0
http://www.govdelivery.com/portals/powered-by,Bin round reminder,01/27/2026 03:00 PM GMT,pagewatcher@govdelivery.com,0,0
https://www.facebook.com/liveinkirklees,Bin round reminder,01/27/2026 03:40 PM GMT,pagewatcher@govdelivery.com,0,0
https://www.kirklees.gov.uk/binManagement/Grey/20260128/DG08WED,Bin round reminder,01/27/2026 03:40 PM GMT,pagewatcher@govdelivery.com,0,0
https://www.kirklees.gov.uk/beta/your-property-bins-recycling/recycling-items.aspx,Bin round reminder,01/27/2026 03:40 PM GMT,pagewatcher@govdelivery.com,0,0
https://www.instagram.com/kirklees.council,Bin round reminder,01/27/2026 03:40 PM GMT,pagewatcher@govdelivery.com,0,0
https://twitter.com/KirkleesCouncil,Bin round reminder,01/27/2026 03:40 PM GMT,pagewatcher@govdelivery.com,0,0
https://www.youtube.com/user/KirkleesVideos,Bin round reminder,01/27/2026 03:40 PM GMT,pagewatcher@govdelivery.com,0,0
https://public.govdelivery.com/accounts/UKKIRKLEES/subscriber/edit?preferences=true#tab1,Bin round reminder,01/27/2026 03:40 PM GMT,pagewatcher@govdelivery.com,0,0
http://www.kirklees.gov.uk/reminder,Bin round reminder,01/27/2026 03:40 PM GMT,pagewatcher@govdelivery.com,0,0
https://subscriberhelp.govdelivery.com/hc/en-us,Bin round reminder,01/27/2026 03:40 PM GMT,pagewatcher@govdelivery.com,0,0
http://www.kirklees.gov.uk/beta/information-and-data/pdf/privacy-notice-comms-and-marketing.pdf,Bin round reminder,01/27/2026 03:40 PM GMT,pagewatcher@govdelivery.com,0,0
http://www.govdelivery.com/portals/powered-by,Bin round reminder,01/27/2026 03:40 PM GMT,pagewatcher@govdelivery.com,0,0
https://www.instagram.com/kirklees.council,Bin round reminder,01/27/2026 03:00 PM GMT,pagewatcher@govdelivery.com,0,0
https://www.kirklees.gov.uk/beta/your-property-bins-recycling/recycling-items.aspx,Bin round reminder,01/27/2026 03:00 PM GMT,pagewatcher@govdelivery.com,0,0
https://public.govdelivery.com/accounts/UKKIRKLEES/subscriber/topics?qsp=UKKIRKLEES_7,Bin round reminder,01/27/2026 03:00 PM GMT,pagewatcher@govdelivery.com,0,0
https://www.facebook.com/liveinkirklees,Bin round reminder,01/27/2026 03:00 PM GMT,pagewatcher@govdelivery.com,0,0
https://twitter.com/KirkleesCouncil,Bin round reminder,01/27/2026 03:00 PM GMT,pagewatcher@govdelivery.com,0,0
https://www.youtube.com/user/KirkleesVideos,Bin round reminder,01/27/2026 03:00 PM GMT,pagewatcher@govdelivery.com,0,0
https://public.govdelivery.com/accounts/UKKIRKLEES/subscriber/edit?preferences=true#tab1,Bin round reminder,01/27/2026 03:00 PM GMT,pagewatcher@govdelivery.com,0,0
http://www.kirklees.gov.uk/reminder,Bin round reminder,01/27/2026 03:00 PM GMT,pagewatcher@govdelivery.com,0,0
https://subscriberhelp.govdelivery.com/hc/en-us,Bin round reminder,01/27/2026 03:00 PM GMT,pagewatcher@govdelivery.com,0,0
http://www.kirklees.gov.uk/beta/information-and-data/pdf/privacy-notice-comms-and-marketing.pdf,Bin round reminder,01/27/2026 03:00 PM GMT,pagewatcher@govdelivery.com,0,0
http://www.govdelivery.com/portals/powered-by,Bin round reminder,01/27/2026 03:00 PM GMT,pagewatcher@govdelivery.com,0,0
https://public.govdelivery.com/accounts/UKKIRKLEES/subscriber/edit?preferences=true#tab1,Bin round reminder,01/27/2026 03:00 PM GMT,pagewatcher@govdelivery.com,0,0
https://www.kirklees.gov.uk/binManagement/Grey/20260128/D36WED,Bin round reminder,01/27/2026 03:00 PM GMT,pagewatcher@govdelivery.com,0,0
https://www.facebook.com/liveinkirklees,Bin round reminder,01/27/2026 03:00 PM GMT,pagewatcher@govdelivery.com,0,0
https://twitter.com/kirkleescouncil,Bin round reminder,01/27/2026 03:00 PM GMT,pagewatcher@govdelivery.com,0,0
https://subscriberhelp.govdelivery.com/hc/en-us,Bin round reminder,01/27/2026 03:00 PM GMT,pagewatcher@govdelivery.com,0,0
https://www.instagram.com/kirklees.council,Bin round reminder,01/27/2026 03:40 PM GMT,pagewatcher@govdelivery.com,0,0
https://www.kirklees.gov.uk/binManagement/Green/20260128/R30WED,Bin round reminder,01/27/2026 03:40 PM GMT,pagewatcher@govdelivery.com,0,0
https://www.kirklees.gov.uk/beta/your-property-bins-recycling/recycling-items.aspx,Bin round reminder,01/27/2026 03:40 PM GMT,pagewatcher@govdelivery.com,0,0
https://public.govdelivery.com/accounts/UKKIRKLEES/subscriber/topics?qsp=UKKIRKLEES_7,Bin round reminder,01/27/2026 03:40 PM GMT,pagewatcher@govdelivery.com,0,0
https://www.facebook.com/liveinkirklees,Bin round reminder,01/27/2026 03:40 PM GMT,pagewatcher@govdelivery.com,0,0
https://twitter.com/KirkleesCouncil,Bin round reminder,01/27/2026 03:40 PM GMT,pagewatcher@govdelivery.com,0,0
https://www.youtube.com/user/KirkleesVideos,Bin round reminder,01/27/2026 03:40 PM GMT,pagewatcher@govdelivery.com,0,0
http://www.kirklees.gov.uk/reminder,Bin round reminder,01/27/2026 03:40 PM GMT,pagewatcher@govdelivery.com,0,0
https://subscriberhelp.govdelivery.com/hc/en-us,Bin round reminder,01/27/2026 03:40 PM GMT,pagewatcher@govdelivery.com,0,0
http://www.kirklees.gov.uk/beta/information-and-data/pdf/privacy-notice-comms-and-marketing.pdf,Bin round reminder,01/27/2026 03:40 PM GMT,pagewatcher@govdelivery.com,0,0
http://www.govdelivery.com/portals/powered-by,Bin round reminder,01/27/2026 03:40 PM GMT,pagewatcher@govdelivery.com,0,0
https://www.kirklees.gov.uk/binManagement/Grey/20260129/D31THU,Bin round reminder,01/28/2026 02:50 PM GMT,pagewatcher@govdelivery.com,0,0
https://www.kirklees.gov.uk/beta/your-property-bins-recycling/recycling-items.aspx,Bin round reminder,01/28/2026 02:50 PM GMT,pagewatcher@govdelivery.com,0,0
https://www.instagram.com/kirklees.council,Bin round reminder,01/28/2026 02:50 PM GMT,pagewatcher@govdelivery.com,0,0
https://www.facebook.com/liveinkirklees,Bin round reminder,01/28/2026 02:50 PM GMT,pagewatcher@govdelivery.com,0,0
https://twitter.com/KirkleesCouncil,Bin round reminder,01/28/2026 02:50 PM GMT,pagewatcher@govdelivery.com,0,0
https://www.youtube.com/user/KirkleesVideos,Bin round reminder,01/28/2026 02:50 PM GMT,pagewatcher@govdelivery.com,0,0
https://public.govdelivery.com/accounts/UKKIRKLEES/subscriber/edit?preferences=true#tab1,Bin round reminder,01/28/2026 02:50 PM GMT,pagewatcher@govdelivery.com,0,0
http://www.kirklees.gov.uk/reminder,Bin round reminder,01/28/2026 02:50 PM GMT,pagewatcher@govdelivery.com,0,0
https://subscriberhelp.govdelivery.com/hc/en-us,Bin round reminder,01/28/2026 02:50 PM GMT,pagewatcher@govdelivery.com,0,0
http://www.kirklees.gov.uk/beta/information-and-data/pdf/privacy-notice-comms-and-marketing.pdf,Bin round reminder,01/28/2026 02:50 PM GMT,pagewatcher@govdelivery.com,0,0
http://www.govdelivery.com/portals/powered-by,Bin round reminder,01/28/2026 02:50 PM GMT,pagewatcher@govdelivery.com,0,0
https://www.kirklees.gov.uk/beta/your-property-bins-recycling/recycling-items.aspx,Bin round reminder,01/28/2026 02:20 PM GMT,pagewatcher@govdelivery.com,0,0
https://www.instagram.com/kirklees.council,Bin round reminder,01/28/2026 02:20 PM GMT,pagewatcher@govdelivery.com,0,0
https://www.facebook.com/liveinkirklees,Bin round reminder,01/28/2026 02:20 PM GMT,pagewatcher@govdelivery.com,0,0
https://twitter.com/KirkleesCouncil,Bin round reminder,01/28/2026 02:20 PM GMT,pagewatcher@govdelivery.com,0,0
https://www.youtube.com/user/KirkleesVideos,Bin round reminder,01/28/2026 02:20 PM GMT,pagewatcher@govdelivery.com,0,0
https://public.govdelivery.com/accounts/UKKIRKLEES/subscriber/edit?preferences=true#tab1,Bin round reminder,01/28/2026 02:20 PM GMT,pagewatcher@govdelivery.com,0,0
http://www.kirklees.gov.uk/reminder,Bin round reminder,01/28/2026 02:20 PM GMT,pagewatcher@govdelivery.com,0,0
https://subscriberhelp.govdelivery.com/hc/en-us,Bin round reminder,01/28/2026 02:20 PM GMT,pagewatcher@govdelivery.com,0,0
http://www.kirklees.gov.uk/beta/information-and-data/pdf/privacy-notice-comms-and-marketing.pdf,Bin round reminder,01/28/2026 02:20 PM GMT,pagewatcher@govdelivery.com,0,0
http://www.govdelivery.com/portals/powered-by,Bin round reminder,01/28/2026 02:20 PM GMT,pagewatcher@govdelivery.com,0,0
https://www.kirklees.gov.uk/binManagement/Green/20260129/R33THU,Bin round reminder,01/28/2026 02:20 PM GMT,pagewatcher@govdelivery.com,0,0
https://www.kirklees.gov.uk/beta/your-property-bins-recycling/recycling-items.aspx,Bin round reminder,01/28/2026 02:20 PM GMT,pagewatcher@govdelivery.com,0,0
https://public.govdelivery.com/accounts/UKKIRKLEES/subscriber/topics?qsp=UKKIRKLEES_7,Bin round reminder,01/28/2026 02:20 PM GMT,pagewatcher@govdelivery.com,0,0
https://www.instagram.com/kirklees.council,Bin round reminder,01/28/2026 02:20 PM GMT,pagewatcher@govdelivery.com,0,0
https://www.facebook.com/liveinkirklees,Bin round reminder,01/28/2026 02:20 PM GMT,pagewatcher@govdelivery.com,0,0
https://twitter.com/KirkleesCouncil,Bin round reminder,01/28/2026 02:20 PM GMT,pagewatcher@govdelivery.com,0,0
https://www.youtube.com/user/KirkleesVideos,Bin round reminder,01/28/2026 02:20 PM GMT,pagewatcher@govdelivery.com,0,0
https://public.govdelivery.com/accounts/UKKIRKLEES/subscriber/edit?preferences=true#tab1,Bin round reminder,01/28/2026 02:20 PM GMT,pagewatcher@govdelivery.com,0,0
http://www.kirklees.gov.uk/reminder,Bin round reminder,01/28/2026 02:20 PM GMT,pagewatcher@govdelivery.com,0,0
https://subscriberhelp.govdelivery.com/hc/en-us,Bin round reminder,01/28/2026 02:20 PM GMT,pagewatcher@govdelivery.com,0,0
http://www.kirklees.gov.uk/beta/information-and-data/pdf/privacy-notice-comms-and-marketing.pdf,Bin round reminder,01/28/2026 02:20 PM GMT,pagewatcher@govdelivery.com,0,0
http://www.govdelivery.com/portals/powered-by,Bin round reminder,01/28/2026 02:20 PM GMT,pagewatcher@govdelivery.com,0,0
https://www.kirklees.gov.uk/binManagement/Green/20260129/RG18THU,Bin round reminder,01/28/2026 03:10 PM GMT,pagewatcher@govdelivery.com,0,0
https://www.kirklees.gov.uk/beta/your-property-bins-recycling/recycling-items.aspx,Bin round reminder,01/28/2026 03:10 PM GMT,pagewatcher@govdelivery.com,0,0
https://public.govdelivery.com/accounts/UKKIRKLEES/subscriber/topics?qsp=UKKIRKLEES_7,Bin round reminder,01/28/2026 03:10 PM GMT,pagewatcher@govdelivery.com,0,0
https://www.instagram.com/kirklees.council,Bin round reminder,01/28/2026 03:10 PM GMT,pagewatcher@govdelivery.com,0,0
https://www.facebook.com/liveinkirklees,Bin round reminder,01/28/2026 03:10 PM GMT,pagewatcher@govdelivery.com,0,0
https://twitter.com/KirkleesCouncil,Bin round reminder,01/28/2026 03:10 PM GMT,pagewatcher@govdelivery.com,0,0
https://www.youtube.com/user/KirkleesVideos,Bin round reminder,01/28/2026 03:10 PM GMT,pagewatcher@govdelivery.com,0,0
https://public.govdelivery.com/accounts/UKKIRKLEES/subscriber/edit?preferences=true#tab1,Bin round reminder,01/28/2026 03:10 PM GMT,pagewatcher@govdelivery.com,0,0
http://www.kirklees.gov.uk/reminder,Bin round reminder,01/28/2026 03:10 PM GMT,pagewatcher@govdelivery.com,0,0
https://subscriberhelp.govdelivery.com/hc/en-us,Bin round reminder,01/28/2026 03:10 PM GMT,pagewatcher@govdelivery.com,0,0
http://www.kirklees.gov.uk/beta/information-and-data/pdf/privacy-notice-comms-and-marketing.pdf,Bin round reminder,01/28/2026 03:10 PM GMT,pagewatcher@govdelivery.com,0,0
http://www.govdelivery.com/portals/powered-by,Bin round reminder,01/28/2026 03:10 PM GMT,pagewatcher@govdelivery.com,0,0
https://www.facebook.com/liveinkirklees,Bin round reminder,01/28/2026 04:10 PM GMT,pagewatcher@govdelivery.com,0,0
https://www.kirklees.gov.uk/binManagement/Grey/20260129/DG02THU,Bin round reminder,01/28/2026 04:10 PM GMT,pagewatcher@govdelivery.com,0,0
https://www.instagram.com/kirklees.council,Bin round reminder,01/28/2026 04:10 PM GMT,pagewatcher@govdelivery.com,0,0
https://twitter.com/KirkleesCouncil,Bin round reminder,01/28/2026 04:10 PM GMT,pagewatcher@govdelivery.com,0,0
https://www.youtube.com/user/KirkleesVideos,Bin round reminder,01/28/2026 04:10 PM GMT,pagewatcher@govdelivery.com,0,0
https://public.govdelivery.com/accounts/UKKIRKLEES/subscriber/edit?preferences=true#tab1,Bin round reminder,01/28/2026 04:10 PM GMT,pagewatcher@govdelivery.com,0,0
http://www.kirklees.gov.uk/reminder,Bin round reminder,01/28/2026 04:10 PM GMT,pagewatcher@govdelivery.com,0,0
https://subscriberhelp.govdelivery.com/hc/en-us,Bin round reminder,01/28/2026 04:10 PM GMT,pagewatcher@govdelivery.com,0,0
http://www.kirklees.gov.uk/beta/information-and-data/pdf/privacy-notice-comms-and-marketing.pdf,Bin round reminder,01/28/2026 04:10 PM GMT,pagewatcher@govdelivery.com,0,0
http://www.govdelivery.com/portals/powered-by,Bin round reminder,01/28/2026 04:10 PM GMT,pagewatcher@govdelivery.com,0,0
https://www.facebook.com/liveinkirklees,Bin round reminder,01/27/2026 04:00 PM GMT,pagewatcher@govdelivery.com,0,0
https://www.kirklees.gov.uk/binManagement/Grey/20260128/DG05WED,Bin round reminder,01/27/2026 04:00 PM GMT,pagewatcher@govdelivery.com,0,0
https://www.kirklees.gov.uk/beta/your-property-bins-recycling/recycling-items.aspx,Bin round reminder,01/27/2026 04:00 PM GMT,pagewatcher@govdelivery.com,0,0
https://www.instagram.com/kirklees.council,Bin round reminder,01/27/2026 04:00 PM GMT,pagewatcher@govdelivery.com,0,0
https://twitter.com/KirkleesCouncil,Bin round reminder,01/27/2026 04:00 PM GMT,pagewatcher@govdelivery.com,0,0
https://www.youtube.com/user/KirkleesVideos,Bin round reminder,01/27/2026 04:00 PM GMT,pagewatcher@govdelivery.com,0,0
https://public.govdelivery.com/accounts/UKKIRKLEES/subscriber/edit?preferences=true#tab1,Bin round reminder,01/27/2026 04:00 PM GMT,pagewatcher@govdelivery.com,0,0
http://www.kirklees.gov.uk/reminder,Bin round reminder,01/27/2026 04:00 PM GMT,pagewatcher@govdelivery.com,0,0
https://subscriberhelp.govdelivery.com/hc/en-us,Bin round reminder,01/27/2026 04:00 PM GMT,pagewatcher@govdelivery.com,0,0
http://www.kirklees.gov.uk/beta/information-and-data/pdf/privacy-notice-comms-and-marketing.pdf,Bin round reminder,01/27/2026 04:00 PM GMT,pagewatcher@govdelivery.com,0,0
http://www.govdelivery.com/portals/powered-by,Bin round reminder,01/27/2026 04:00 PM GMT,pagewatcher@govdelivery.com,0,0
https://www.kirklees.gov.uk/binManagement/Green/20260129/RG13THU,Bin round reminder,01/28/2026 03:30 PM GMT,pagewatcher@govdelivery.com,0,0
https://www.kirklees.gov.uk/beta/your-property-bins-recycling/recycling-items.aspx,Bin round reminder,01/28/2026 03:30 PM GMT,pagewatcher@govdelivery.com,0,0
https://public.govdelivery.com/accounts/UKKIRKLEES/subscriber/topics?qsp=UKKIRKLEES_7,Bin round reminder,01/28/2026 03:30 PM GMT,pagewatcher@govdelivery.com,0,0
https://www.instagram.com/kirklees.council,Bin round reminder,01/28/2026 03:30 PM GMT,pagewatcher@govdelivery.com,0,0
https://www.facebook.com/liveinkirklees,Bin round reminder,01/28/2026 03:30 PM GMT,pagewatcher@govdelivery.com,0,0
https://twitter.com/KirkleesCouncil,Bin round reminder,01/28/2026 03:30 PM GMT,pagewatcher@govdelivery.com,0,0
https://www.youtube.com/user/KirkleesVideos,Bin round reminder,01/28/2026 03:30 PM GMT,pagewatcher@govdelivery.com,0,0
https://public.govdelivery.com/accounts/UKKIRKLEES/subscriber/edit?preferences=true#tab1,Bin round reminder,01/28/2026 03:30 PM GMT,pagewatcher@govdelivery.com,0,0
http://www.kirklees.gov.uk/reminder,Bin round reminder,01/28/2026 03:30 PM GMT,pagewatcher@govdelivery.com,0,0
https://subscriberhelp.govdelivery.com/hc/en-us,Bin round reminder,01/28/2026 03:30 PM GMT,pagewatcher@govdelivery.com,0,0
http://www.kirklees.gov.uk/beta/information-and-data/pdf/privacy-notice-comms-and-marketing.pdf,Bin round reminder,01/28/2026 03:30 PM GMT,pagewatcher@govdelivery.com,0,0
https://www.instagram.com/kirklees.council,Bin round reminder,01/21/2026 04:00 PM GMT,pagewatcher@govdelivery.com,0,0
https://www.kirklees.gov.uk/beta/your-property-bins-recycling/recycling-items.aspx,Bin round reminder,01/21/2026 04:00 PM GMT,pagewatcher@govdelivery.com,0,0
https://www.facebook.com/liveinkirklees,Bin round reminder,01/21/2026 04:00 PM GMT,pagewatcher@govdelivery.com,0,0
https://twitter.com/KirkleesCouncil,Bin round reminder,01/21/2026 04:00 PM GMT,pagewatcher@govdelivery.com,0,0
https://www.youtube.com/user/KirkleesVideos,Bin round reminder,01/21/2026 04:00 PM GMT,pagewatcher@govdelivery.com,0,0
http://www.kirklees.gov.uk/beta/information-and-data/pdf/privacy-notice-comms-and-marketing.pdf,Bin round reminder,01/21/2026 04:00 PM GMT,pagewatcher@govdelivery.com,0,0
https://public.govdelivery.com/accounts/UKKIRKLEES/subscriber/edit?preferences=true#tab1,Bin round reminder,01/21/2026 04:00 PM GMT,pagewatcher@govdelivery.com,0,0
http://www.kirklees.gov.uk/reminder,Bin round reminder,01/21/2026 04:00 PM GMT,pagewatcher@govdelivery.com,0,0
https://subscriberhelp.govdelivery.com/hc/en-us,Bin round reminder,01/21/2026 04:00 PM GMT,pagewatcher@govdelivery.com,0,0
http://www.govdelivery.com/portals/powered-by,Bin round reminder,01/21/2026 04:00 PM GMT,pagewatcher@govdelivery.com,0,0
https://www.facebook.com/liveinkirklees,Bin round reminder,01/25/2026 04:10 PM GMT,pagewatcher@govdelivery.com,0,0
https://www.kirklees.gov.uk/binManagement/Grey/20260126/DG06MON,Bin round reminder,01/25/2026 04:10 PM GMT,pagewatcher@govdelivery.com,0,0
https://www.kirklees.gov.uk/beta/your-property-bins-recycling/recycling-items.aspx,Bin round reminder,01/25/2026 04:10 PM GMT,pagewatcher@govdelivery.com,0,0
https://www.instagram.com/kirklees.council,Bin round reminder,01/25/2026 04:10 PM GMT,pagewatcher@govdelivery.com,0,0
https://twitter.com/KirkleesCouncil,Bin round reminder,01/25/2026 04:10 PM GMT,pagewatcher@govdelivery.com,0,0
https://www.youtube.com/user/KirkleesVideos,Bin round reminder,01/25/2026 04:10 PM GMT,pagewatcher@govdelivery.com,0,0
https://public.govdelivery.com/accounts/UKKIRKLEES/subscriber/edit?preferences=true#tab1,Bin round reminder,01/25/2026 04:10 PM GMT,pagewatcher@govdelivery.com,0,0
http://www.kirklees.gov.uk/reminder,Bin round reminder,01/25/2026 04:10 PM GMT,pagewatcher@govdelivery.com,0,0
http://www.kirklees.gov.uk/beta/information-and-data/pdf/privacy-notice-comms-and-marketing.pdf,Bin round reminder,01/25/2026 04:10 PM GMT,pagewatcher@govdelivery.com,0,0
http://www.govdelivery.com/portals/powered-by,Bin round reminder,01/25/2026 04:10 PM GMT,pagewatcher@govdelivery.com,0,0
https://www.facebook.com/liveinkirklees,Bin round reminder,01/25/2026 03:30 PM GMT,pagewatcher@govdelivery.com,0,0
https://www.kirklees.gov.uk/binManagement/Grey/20260126/DG01MON,Bin round reminder,01/25/2026 03:30 PM GMT,pagewatcher@govdelivery.com,0,0
https://www.kirklees.gov.uk/beta/your-property-bins-recycling/recycling-items.aspx,Bin round reminder,01/25/2026 03:30 PM GMT,pagewatcher@govdelivery.com,0,0
https://www.instagram.com/kirklees.council,Bin round reminder,01/25/2026 03:30 PM GMT,pagewatcher@govdelivery.com,0,0
https://twitter.com/KirkleesCouncil,Bin round reminder,01/25/2026 03:30 PM GMT,pagewatcher@govdelivery.com,0,0
https://www.youtube.com/user/KirkleesVideos,Bin round reminder,01/25/2026 03:30 PM GMT,pagewatcher@govdelivery.com,0,0
https://public.govdelivery.com/accounts/UKKIRKLEES/subscriber/edit?preferences=true#tab1,Bin round reminder,01/25/2026 03:30 PM GMT,pagewatcher@govdelivery.com,0,0
http://www.kirklees.gov.uk/reminder,Bin round reminder,01/25/2026 03:30 PM GMT,pagewatcher@govdelivery.com,0,0
https://subscriberhelp.govdelivery.com/hc/en-us,Bin round reminder,01/25/2026 03:30 PM GMT,pagewatcher@govdelivery.com,0,0
http://www.kirklees.gov.uk/beta/information-and-data/pdf/privacy-notice-comms-and-marketing.pdf,Bin round reminder,01/25/2026 03:30 PM GMT,pagewatcher@govdelivery.com,0,0
http://www.govdelivery.com/portals/powered-by,Bin round reminder,01/25/2026 03:30 PM GMT,pagewatcher@govdelivery.com,0,0
https://www.facebook.com/liveinkirklees,Bin round reminder,01/26/2026 02:10 PM GMT,pagewatcher@govdelivery.com,0,0
https://www.kirklees.gov.uk/binManagement/Grey/20260127/D31TUE,Bin round reminder,01/26/2026 02:10 PM GMT,pagewatcher@govdelivery.com,0,0
https://www.kirklees.gov.uk/beta/your-property-bins-recycling/recycling-items.aspx,Bin round reminder,01/26/2026 02:10 PM GMT,pagewatcher@govdelivery.com,0,0
https://www.instagram.com/kirklees.council,Bin round reminder,01/26/2026 02:10 PM GMT,pagewatcher@govdelivery.com,0,0
https://twitter.com/KirkleesCouncil,Bin round reminder,01/26/2026 02:10 PM GMT,pagewatcher@govdelivery.com,0,0
https://www.youtube.com/user/KirkleesVideos,Bin round reminder,01/26/2026 02:10 PM GMT,pagewatcher@govdelivery.com,0,0
https://public.govdelivery.com/accounts/UKKIRKLEES/subscriber/edit?preferences=true#tab1,Bin round reminder,01/26/2026 02:10 PM GMT,pagewatcher@govdelivery.com,0,0
http://www.kirklees.gov.uk/reminder,Bin round reminder,01/26/2026 02:10 PM GMT,pagewatcher@govdelivery.com,0,0
https://subscriberhelp.govdelivery.com/hc/en-us,Bin round reminder,01/26/2026 02:10 PM GMT,pagewatcher@govdelivery.com,0,0
http://www.kirklees.gov.uk/beta/information-and-data/pdf/privacy-notice-comms-and-marketing.pdf,Bin round reminder,01/26/2026 02:10 PM GMT,pagewatcher@govdelivery.com,0,0
http://www.govdelivery.com/portals/powered-by,Bin round reminder,01/26/2026 02:10 PM GMT,pagewatcher@govdelivery.com,0,0
https://www.kirklees.gov.uk/binManagement/Green/20260127/RG11TUE,Bin round reminder,01/26/2026 02:10 PM GMT,pagewatcher@govdelivery.com,0,0
https://www.kirklees.gov.uk/beta/your-property-bins-recycling/recycling-items.aspx,Bin round reminder,01/26/2026 02:10 PM GMT,pagewatcher@govdelivery.com,0,0
https://public.govdelivery.com/accounts/UKKIRKLEES/subscriber/topics?qsp=UKKIRKLEES_7,Bin round reminder,01/26/2026 02:10 PM GMT,pagewatcher@govdelivery.com,0,0
https://www.instagram.com/kirklees.council,Bin round reminder,01/26/2026 02:10 PM GMT,pagewatcher@govdelivery.com,0,0
https://www.facebook.com/liveinkirklees,Bin round reminder,01/26/2026 02:10 PM GMT,pagewatcher@govdelivery.com,0,0
https://twitter.com/KirkleesCouncil,Bin round reminder,01/26/2026 02:10 PM GMT,pagewatcher@govdelivery.com,0,0
https://www.youtube.com/user/KirkleesVideos,Bin round reminder,01/26/2026 02:10 PM GMT,pagewatcher@govdelivery.com,0,0
https://public.govdelivery.com/accounts/UKKIRKLEES/subscriber/edit?preferences=true#tab1,Bin round reminder,01/26/2026 02:10 PM GMT,pagewatcher@govdelivery.com,0,0
http://www.kirklees.gov.uk/reminder,Bin round reminder,01/26/2026 02:10 PM GMT,pagewatcher@govdelivery.com,0,0
https://subscriberhelp.govdelivery.com/hc/en-us,Bin round reminder,01/26/2026 02:10 PM GMT,pagewatcher@govdelivery.com,0,0
http://www.kirklees.gov.uk/beta/information-and-data/pdf/privacy-notice-comms-and-marketing.pdf,Bin round reminder,01/26/2026 02:10 PM GMT,pagewatcher@govdelivery.com,0,0
http://www.govdelivery.com/portals/powered-by,Bin round reminder,01/26/2026 02:10 PM GMT,pagewatcher@govdelivery.com,0,0
https://www.facebook.com/liveinkirklees,Bin round reminder,01/26/2026 04:00 PM GMT,pagewatcher@govdelivery.com,0,0
https://www.kirklees.gov.uk/binManagement/Grey/20260127/DG09TUE,Bin round reminder,01/26/2026 04:00 PM GMT,pagewatcher@govdelivery.com,0,0
https://www.kirklees.gov.uk/beta/your-property-bins-recycling/recycling-items.aspx,Bin round reminder,01/26/2026 04:00 PM GMT,pagewatcher@govdelivery.com,0,0
https://www.instagram.com/kirklees.council,Bin round reminder,01/26/2026 04:00 PM GMT,pagewatcher@govdelivery.com,0,0
https://twitter.com/KirkleesCouncil,Bin round reminder,01/26/2026 04:00 PM GMT,pagewatcher@govdelivery.com,0,0
https://www.youtube.com/user/KirkleesVideos,Bin round reminder,01/26/2026 04:00 PM GMT,pagewatcher@govdelivery.com,0,0
https://public.govdelivery.com/accounts/UKKIRKLEES/subscriber/edit?preferences=true#tab1,Bin round reminder,01/26/2026 04:00 PM GMT,pagewatcher@govdelivery.com,0,0
http://www.kirklees.gov.uk/reminder,Bin round reminder,01/26/2026 04:00 PM GMT,pagewatcher@govdelivery.com,0,0
https://subscriberhelp.govdelivery.com/hc/en-us,Bin round reminder,01/26/2026 04:00 PM GMT,pagewatcher@govdelivery.com,0,0
http://www.kirklees.gov.uk/beta/information-and-data/pdf/privacy-notice-comms-and-marketing.pdf,Bin round reminder,01/26/2026 04:00 PM GMT,pagewatcher@govdelivery.com,0,0
http://www.govdelivery.com/portals/powered-by,Bin round reminder,01/26/2026 04:00 PM GMT,pagewatcher@govdelivery.com,0,0
https://www.facebook.com/liveinkirklees,Bin round reminder,01/26/2026 02:50 PM GMT,pagewatcher@govdelivery.com,0,0
https://www.kirklees.gov.uk/binManagement/Grey/20260127/DG06TUE,Bin round reminder,01/26/2026 02:50 PM GMT,pagewatcher@govdelivery.com,0,0
https://www.kirklees.gov.uk/beta/your-property-bins-recycling/recycling-items.aspx,Bin round reminder,01/26/2026 02:50 PM GMT,pagewatcher@govdelivery.com,0,0
https://www.instagram.com/kirklees.council,Bin round reminder,01/26/2026 02:50 PM GMT,pagewatcher@govdelivery.com,0,0
https://twitter.com/KirkleesCouncil,Bin round reminder,01/26/2026 02:50 PM GMT,pagewatcher@govdelivery.com,0,0
https://www.youtube.com/user/KirkleesVideos,Bin round reminder,01/26/2026 02:50 PM GMT,pagewatcher@govdelivery.com,0,0
https://public.govdelivery.com/accounts/UKKIRKLEES/subscriber/edit?preferences=true#tab1,Bin round reminder,01/26/2026 02:50 PM GMT,pagewatcher@govdelivery.com,0,0
http://www.kirklees.gov.uk/reminder,Bin round reminder,01/26/2026 02:50 PM GMT,pagewatcher@govdelivery.com,0,0
https://subscriberhelp.govdelivery.com/hc/en-us,Bin round reminder,01/26/2026 02:50 PM GMT,pagewatcher@govdelivery.com,0,0
http://www.kirklees.gov.uk/beta/information-and-data/pdf/privacy-notice-comms-and-marketing.pdf,Bin round reminder,01/26/2026 02:50 PM GMT,pagewatcher@govdelivery.com,0,0
http://www.govdelivery.com/portals/powered-by,Bin round reminder,01/26/2026 02:50 PM GMT,pagewatcher@govdelivery.com,0,0
https://www.facebook.com/liveinkirklees,Bin round reminder,01/26/2026 01:00 PM GMT,pagewatcher@govdelivery.com,0,0
https://www.kirklees.gov.uk/binManagement/Grey/20260127/DG05TUE,Bin round reminder,01/26/2026 01:00 PM GMT,pagewatcher@govdelivery.com,0,0
https://www.kirklees.gov.uk/beta/your-property-bins-recycling/recycling-items.aspx,Bin round reminder,01/26/2026 01:00 PM GMT,pagewatcher@govdelivery.com,0,0
https://www.instagram.com/kirklees.council,Bin round reminder,01/26/2026 01:00 PM GMT,pagewatcher@govdelivery.com,0,0
https://twitter.com/KirkleesCouncil,Bin round reminder,01/26/2026 01:00 PM GMT,pagewatcher@govdelivery.com,0,0
https://www.youtube.com/user/KirkleesVideos,Bin round reminder,01/26/2026 01:00 PM GMT,pagewatcher@govdelivery.com,0,0
https://public.govdelivery.com/accounts/UKKIRKLEES/subscriber/edit?preferences=true#tab1,Bin round reminder,01/26/2026 01:00 PM GMT,pagewatcher@govdelivery.com,0,0
http://www.kirklees.gov.uk/reminder,Bin round reminder,01/26/2026 01:00 PM GMT,pagewatcher@govdelivery.com,0,0
https://subscriberhelp.govdelivery.com/hc/en-us,Bin round reminder,01/26/2026 01:00 PM GMT,pagewatcher@govdelivery.com,0,0
http://www.kirklees.gov.uk/beta/information-and-data/pdf/privacy-notice-comms-and-marketing.pdf,Bin round reminder,01/26/2026 01:00 PM GMT,pagewatcher@govdelivery.com,0,0
http://www.govdelivery.com/portals/powered-by,Bin round reminder,01/26/2026 01:00 PM GMT,pagewatcher@govdelivery.com,0,0
https://www.instagram.com/kirklees.council,Bin round reminder,01/26/2026 03:20 PM GMT,pagewatcher@govdelivery.com,0,0
https://www.kirklees.gov.uk/binManagement/Green/20260127/RG18TUE,Bin round reminder,01/26/2026 03:20 PM GMT,pagewatcher@govdelivery.com,0,0
https://www.kirklees.gov.uk/beta/your-property-bins-recycling/recycling-items.aspx,Bin round reminder,01/26/2026 03:20 PM GMT,pagewatcher@govdelivery.com,0,0
https://public.govdelivery.com/accounts/UKKIRKLEES/subscriber/topics?qsp=UKKIRKLEES_7,Bin round reminder,01/26/2026 03:20 PM GMT,pagewatcher@govdelivery.com,0,0
https://www.facebook.com/liveinkirklees,Bin round reminder,01/26/2026 03:20 PM GMT,pagewatcher@govdelivery.com,0,0
https://twitter.com/KirkleesCouncil,Bin round reminder,01/26/2026 03:20 PM GMT,pagewatcher@govdelivery.com,0,0
https://www.youtube.com/user/KirkleesVideos,Bin round reminder,01/26/2026 03:20 PM GMT,pagewatcher@govdelivery.com,0,0
https://public.govdelivery.com/accounts/UKKIRKLEES/subscriber/edit?preferences=true#tab1,Bin round reminder,01/26/2026 03:20 PM GMT,pagewatcher@govdelivery.com,0,0
http://www.kirklees.gov.uk/reminder,Bin round reminder,01/26/2026 03:20 PM GMT,pagewatcher@govdelivery.com,0,0
https://subscriberhelp.govdelivery.com/hc/en-us,Bin round reminder,01/26/2026 03:20 PM GMT,pagewatcher@govdelivery.com,0,0
http://www.kirklees.gov.uk/beta/information-and-data/pdf/privacy-notice-comms-and-marketing.pdf,Bin round reminder,01/26/2026 03:20 PM GMT,pagewatcher@govdelivery.com,0,0
http://www.govdelivery.com/portals/powered-by,Bin round reminder,01/26/2026 03:20 PM GMT,pagewatcher@govdelivery.com,0,0
https://www.instagram.com/kirklees.council,Bin round reminder,01/26/2026 03:20 PM GMT,pagewatcher@govdelivery.com,0,0
https://www.kirklees.gov.uk/beta/your-property-bins-recycling/recycling-items.aspx,Bin round reminder,01/26/2026 03:20 PM GMT,pagewatcher@govdelivery.com,0,0
https://public.govdelivery.com/accounts/UKKIRKLEES/subscriber/topics?qsp=UKKIRKLEES_7,Bin round reminder,01/26/2026 03:20 PM GMT,pagewatcher@govdelivery.com,0,0
https://www.facebook.com/liveinkirklees,Bin round reminder,01/26/2026 03:20 PM GMT,pagewatcher@govdelivery.com,0,0
https://twitter.com/KirkleesCouncil,Bin round reminder,01/26/2026 03:20 PM GMT,pagewatcher@govdelivery.com,0,0
https://www.youtube.com/user/KirkleesVideos,Bin round reminder,01/26/2026 03:20 PM GMT,pagewatcher@govdelivery.com,0,0
https://public.govdelivery.com/accounts/UKKIRKLEES/subscriber/edit?preferences=true#tab1,Bin round reminder,01/26/2026 03:20 PM GMT,pagewatcher@govdelivery.com,0,0
http://www.kirklees.gov.uk/reminder,Bin round reminder,01/26/2026 03:20 PM GMT,pagewatcher@govdelivery.com,0,0
https://subscriberhelp.govdelivery.com/hc/en-us,Bin round reminder,01/26/2026 03:20 PM GMT,pagewatcher@govdelivery.com,0,0
http://www.kirklees.gov.uk/beta/information-and-data/pdf/privacy-notice-comms-and-marketing.pdf,Bin round reminder,01/26/2026 03:20 PM GMT,pagewatcher@govdelivery.com,0,0
http://www.govdelivery.com/portals/powered-by,Bin round reminder,01/26/2026 03:20 PM GMT,pagewatcher@govdelivery.com,0,0
https://www.instagram.com/kirklees.council,Bin round reminder,01/25/2026 03:00 PM GMT,pagewatcher@govdelivery.com,0,0
https://www.kirklees.gov.uk/binManagement/Green/20260126/RG13MON,Bin round reminder,01/25/2026 03:00 PM GMT,pagewatcher@govdelivery.com,0,0
https://www.kirklees.gov.uk/beta/your-property-bins-recycling/recycling-items.aspx,Bin round reminder,01/25/2026 03:00 PM GMT,pagewatcher@govdelivery.com,0,0
https://public.govdelivery.com/accounts/UKKIRKLEES/subscriber/topics?qsp=UKKIRKLEES_7,Bin round reminder,01/25/2026 03:00 PM GMT,pagewatcher@govdelivery.com,0,0
https://www.facebook.com/liveinkirklees,Bin round reminder,01/25/2026 03:00 PM GMT,pagewatcher@govdelivery.com,0,0
https://twitter.com/KirkleesCouncil,Bin round reminder,01/25/2026 03:00 PM GMT,pagewatcher@govdelivery.com,0,0
https://www.youtube.com/user/KirkleesVideos,Bin round reminder,01/25/2026 03:00 PM GMT,pagewatcher@govdelivery.com,0,0
https://public.govdelivery.com/accounts/UKKIRKLEES/subscriber/edit?preferences=true#tab1,Bin round reminder,01/25/2026 03:00 PM GMT,pagewatcher@govdelivery.com,0,0
http://www.kirklees.gov.uk/reminder,Bin round reminder,01/25/2026 03:00 PM GMT,pagewatcher@govdelivery.com,0,0
https://subscriberhelp.govdelivery.com/hc/en-us,Bin round reminder,01/25/2026 03:00 PM GMT,pagewatcher@govdelivery.com,0,0
http://www.kirklees.gov.uk/beta/information-and-data/pdf/privacy-notice-comms-and-marketing.pdf,Bin round reminder,01/25/2026 03:00 PM GMT,pagewatcher@govdelivery.com,0,0
http://www.govdelivery.com/portals/powered-by,Bin round reminder,01/25/2026 03:00 PM GMT,pagewatcher@govdelivery.com,0,0
https://www.facebook.com/liveinkirklees,Bin round reminder,01/26/2026 03:30 PM GMT,pagewatcher@govdelivery.com,0,0
https://www.kirklees.gov.uk/binManagement/Grey/20260127/DG08TUE,Bin round reminder,01/26/2026 03:30 PM GMT,pagewatcher@govdelivery.com,0,0
https://www.kirklees.gov.uk/beta/your-property-bins-recycling/recycling-items.aspx,Bin round reminder,01/26/2026 03:30 PM GMT,pagewatcher@govdelivery.com,0,0
https://www.instagram.com/kirklees.council,Bin round reminder,01/26/2026 03:30 PM GMT,pagewatcher@govdelivery.com,0,0
https://twitter.com/KirkleesCouncil,Bin round reminder,01/26/2026 03:30 PM GMT,pagewatcher@govdelivery.com,0,0
https://www.youtube.com/user/KirkleesVideos,Bin round reminder,01/26/2026 03:30 PM GMT,pagewatcher@govdelivery.com,0,0
https://public.govdelivery.com/accounts/UKKIRKLEES/subscriber/edit?preferences=true#tab1,Bin round reminder,01/26/2026 03:30 PM GMT,pagewatcher@govdelivery.com,0,0
http://www.kirklees.gov.uk/reminder,Bin round reminder,01/26/2026 03:30 PM GMT,pagewatcher@govdelivery.com,0,0
https://subscriberhelp.govdelivery.com/hc/en-us,Bin round reminder,01/26/2026 03:30 PM GMT,pagewatcher@govdelivery.com,0,0
http://www.kirklees.gov.uk/beta/information-and-data/pdf/privacy-notice-comms-and-marketing.pdf,Bin round reminder,01/26/2026 03:30 PM GMT,pagewatcher@govdelivery.com,0,0
http://www.govdelivery.com/portals/powered-by,Bin round reminder,01/26/2026 03:30 PM GMT,pagewatcher@govdelivery.com,0,0
https://www.kirklees.gov.uk/binManagement/Green/20260127/R30TUE,Bin round reminder,01/26/2026 03:30 PM GMT,pagewatcher@govdelivery.com,0,0
https://www.kirklees.gov.uk/beta/your-property-bins-recycling/recycling-items.aspx,Bin round reminder,01/26/2026 03:30 PM GMT,pagewatcher@govdelivery.com,0,0
https://public.govdelivery.com/accounts/UKKIRKLEES/subscriber/topics?qsp=UKKIRKLEES_7,Bin round reminder,01/26/2026 03:30 PM GMT,pagewatcher@govdelivery.com,0,0
https://www.instagram.com/kirklees.council,Bin round reminder,01/26/2026 03:30 PM GMT,pagewatcher@govdelivery.com,0,0
https://www.facebook.com/liveinkirklees,Bin round reminder,01/26/2026 03:30 PM GMT,pagewatcher@govdelivery.com,0,0
https://twitter.com/KirkleesCouncil,Bin round reminder,01/26/2026 03:30 PM GMT,pagewatcher@govdelivery.com,0,0
https://www.youtube.com/user/KirkleesVideos,Bin round reminder,01/26/2026 03:30 PM GMT,pagewatcher@govdelivery.com,0,0
https://public.govdelivery.com/accounts/UKKIRKLEES/subscriber/edit?preferences=true#tab1,Bin round reminder,01/26/2026 03:30 PM GMT,pagewatcher@govdelivery.com,0,0
http://www.kirklees.gov.uk/reminder,Bin round reminder,01/26/2026 03:30 PM GMT,pagewatcher@govdelivery.com,0,0
https://subscriberhelp.govdelivery.com/hc/en-us,Bin round reminder,01/26/2026 03:30 PM GMT,pagewatcher@govdelivery.com,0,0
http://www.kirklees.gov.uk/beta/information-and-data/pdf/privacy-notice-comms-and-marketing.pdf,Bin round reminder,01/26/2026 03:30 PM GMT,pagewatcher@govdelivery.com,0,0
http://www.govdelivery.com/portals/powered-by,Bin round reminder,01/26/2026 03:30 PM GMT,pagewatcher@govdelivery.com,0,0
https://twitter.com/KirkleesCouncil,Bin round reminder,01/26/2026 02:40 PM GMT,pagewatcher@govdelivery.com,0,0
https://www.kirklees.gov.uk/binManagement/Grey/20260127/DG01TUE,Bin round reminder,01/26/2026 02:40 PM GMT,pagewatcher@govdelivery.com,0,0
https://www.kirklees.gov.uk/beta/your-property-bins-recycling/recycling-items.aspx,Bin round reminder,01/26/2026 02:40 PM GMT,pagewatcher@govdelivery.com,0,0
https://www.instagram.com/kirklees.council,Bin round reminder,01/26/2026 02:40 PM GMT,pagewatcher@govdelivery.com,0,0
https://www.facebook.com/liveinkirklees,Bin round reminder,01/26/2026 02:40 PM GMT,pagewatcher@govdelivery.com,0,0
https://www.youtube.com/user/KirkleesVideos,Bin round reminder,01/26/2026 02:40 PM GMT,pagewatcher@govdelivery.com,0,0
https://public.govdelivery.com/accounts/UKKIRKLEES/subscriber/edit?preferences=true#tab1,Bin round reminder,01/26/2026 02:40 PM GMT,pagewatcher@govdelivery.com,0,0
http://www.kirklees.gov.uk/reminder,Bin round reminder,01/26/2026 02:40 PM GMT,pagewatcher@govdelivery.com,0,0
https://subscriberhelp.govdelivery.com/hc/en-us,Bin round reminder,01/26/2026 02:40 PM GMT,pagewatcher@govdelivery.com,0,0
https://www.instagram.com/kirklees.council,Bin round reminder,01/26/2026 03:50 PM GMT,pagewatcher@govdelivery.com,0,0
https://www.kirklees.gov.uk/binManagement/Green/20260127/R33TUE,Bin round reminder,01/26/2026 03:50 PM GMT,pagewatcher@govdelivery.com,0,0
https://www.kirklees.gov.uk/beta/your-property-bins-recycling/recycling-items.aspx,Bin round reminder,01/26/2026 03:50 PM GMT,pagewatcher@govdelivery.com,0,0
https://public.govdelivery.com/accounts/UKKIRKLEES/subscriber/topics?qsp=UKKIRKLEES_7,Bin round reminder,01/26/2026 03:50 PM GMT,pagewatcher@govdelivery.com,0,0
https://www.facebook.com/liveinkirklees,Bin round reminder,01/26/2026 03:50 PM GMT,pagewatcher@govdelivery.com,0,0
https://twitter.com/KirkleesCouncil,Bin round reminder,01/26/2026 03:50 PM GMT,pagewatcher@govdelivery.com,0,0
https://www.youtube.com/user/KirkleesVideos,Bin round reminder,01/26/2026 03:50 PM GMT,pagewatcher@govdelivery.com,0,0
https://public.govdelivery.com/accounts/UKKIRKLEES/subscriber/edit?preferences=true#tab1,Bin round reminder,01/26/2026 03:50 PM GMT,pagewatcher@govdelivery.com,0,0
http://www.kirklees.gov.uk/reminder,Bin round reminder,01/26/2026 03:50 PM GMT,pagewatcher@govdelivery.com,0,0
https://subscriberhelp.govdelivery.com/hc/en-us,Bin round reminder,01/26/2026 03:50 PM GMT,pagewatcher@govdelivery.com,0,0
http://www.govdelivery.com/portals/powered-by,Bin round reminder,01/26/2026 03:50 PM GMT,pagewatcher@govdelivery.com,0,0
https://www.facebook.com/liveinkirklees,Bin round reminder,01/26/2026 03:10 PM GMT,pagewatcher@govdelivery.com,0,0
https://www.kirklees.gov.uk/binManagement/Grey/20260127/D36TUE,Bin round reminder,01/26/2026 03:10 PM GMT,pagewatcher@govdelivery.com,0,0
https://www.kirklees.gov.uk/beta/your-property-bins-recycling/recycling-items.aspx,Bin round reminder,01/26/2026 03:10 PM GMT,pagewatcher@govdelivery.com,0,0
https://www.instagram.com/kirklees.council,Bin round reminder,01/26/2026 03:10 PM GMT,pagewatcher@govdelivery.com,0,0
https://twitter.com/KirkleesCouncil,Bin round reminder,01/26/2026 03:10 PM GMT,pagewatcher@govdelivery.com,0,0
https://www.youtube.com/user/KirkleesVideos,Bin round reminder,01/26/2026 03:10 PM GMT,pagewatcher@govdelivery.com,0,0
https://public.govdelivery.com/accounts/UKKIRKLEES/subscriber/edit?preferences=true#tab1,Bin round reminder,01/26/2026 03:10 PM GMT,pagewatcher@govdelivery.com,0,0
http://www.kirklees.gov.uk/reminder,Bin round reminder,01/26/2026 03:10 PM GMT,pagewatcher@govdelivery.com,0,0
https://subscriberhelp.govdelivery.com/hc/en-us,Bin round reminder,01/26/2026 03:10 PM GMT,pagewatcher@govdelivery.com,0,0
https://www.instagram.com/kirklees.council,Bin round reminder,01/26/2026 04:10 PM GMT,pagewatcher@govdelivery.com,0,0
http://www.kirklees.gov.uk/beta/information-and-data/pdf/privacy-notice-comms-and-marketing.pdf,Bin round reminder,01/26/2026 03:10 PM GMT,pagewatcher@govdelivery.com,0,0
http://www.govdelivery.com/portals/powered-by,Bin round reminder,01/26/2026 03:10 PM GMT,pagewatcher@govdelivery.com,0,0
https://www.kirklees.gov.uk/binManagement/Green/20260127/RG17TUE,Bin round reminder,01/26/2026 04:10 PM GMT,pagewatcher@govdelivery.com,0,0
https://www.kirklees.gov.uk/beta/your-property-bins-recycling/recycling-items.aspx,Bin round reminder,01/26/2026 04:10 PM GMT,pagewatcher@govdelivery.com,0,0
https://public.govdelivery.com/accounts/UKKIRKLEES/subscriber/topics?qsp=UKKIRKLEES_7,Bin round reminder,01/26/2026 04:10 PM GMT,pagewatcher@govdelivery.com,0,0
https://www.facebook.com/liveinkirklees,Bin round reminder,01/26/2026 04:10 PM GMT,pagewatcher@govdelivery.com,0,0
https://twitter.com/KirkleesCouncil,Bin round reminder,01/26/2026 04:10 PM GMT,pagewatcher@govdelivery.com,0,0
https://www.youtube.com/user/KirkleesVideos,Bin round reminder,01/26/2026 04:10 PM GMT,pagewatcher@govdelivery.com,0,0
https://public.govdelivery.com/accounts/UKKIRKLEES/subscriber/edit?preferences=true#tab1,Bin round reminder,01/26/2026 04:10 PM GMT,pagewatcher@govdelivery.com,0,0
http://www.kirklees.gov.uk/reminder,Bin round reminder,01/26/2026 04:10 PM GMT,pagewatcher@govdelivery.com,0,0
https://subscriberhelp.govdelivery.com/hc/en-us,Bin round reminder,01/26/2026 04:10 PM GMT,pagewatcher@govdelivery.com,0,0
http://www.kirklees.gov.uk/beta/information-and-data/pdf/privacy-notice-comms-and-marketing.pdf,Bin round reminder,01/26/2026 04:10 PM GMT,pagewatcher@govdelivery.com,0,0
http://www.govdelivery.com/portals/powered-by,Bin round reminder,01/26/2026 04:10 PM GMT,pagewatcher@govdelivery.com,0,0
https://www.instagram.com/kirklees.council,Bin round reminder,01/26/2026 04:10 PM GMT,pagewatcher@govdelivery.com,0,0
https://www.kirklees.gov.uk/binManagement/Green/20260127/RG14TUE,Bin round reminder,01/26/2026 04:10 PM GMT,pagewatcher@govdelivery.com,0,0
https://www.kirklees.gov.uk/beta/your-property-bins-recycling/recycling-items.aspx,Bin round reminder,01/26/2026 04:10 PM GMT,pagewatcher@govdelivery.com,0,0
https://public.govdelivery.com/accounts/UKKIRKLEES/subscriber/topics?qsp=UKKIRKLEES_7,Bin round reminder,01/26/2026 04:10 PM GMT,pagewatcher@govdelivery.com,0,0
https://www.facebook.com/liveinkirklees,Bin round reminder,01/26/2026 04:10 PM GMT,pagewatcher@govdelivery.com,0,0
https://twitter.com/KirkleesCouncil,Bin round reminder,01/26/2026 04:10 PM GMT,pagewatcher@govdelivery.com,0,0
https://www.youtube.com/user/KirkleesVideos,Bin round reminder,01/26/2026 04:10 PM GMT,pagewatcher@govdelivery.com,0,0
https://public.govdelivery.com/accounts/UKKIRKLEES/subscriber/edit?preferences=true#tab1,Bin round reminder,01/26/2026 04:10 PM GMT,pagewatcher@govdelivery.com,0,0
http://www.kirklees.gov.uk/reminder,Bin round reminder,01/26/2026 04:10 PM GMT,pagewatcher@govdelivery.com,0,0
https://subscriberhelp.govdelivery.com/hc/en-us,Bin round reminder,01/26/2026 04:10 PM GMT,pagewatcher@govdelivery.com,0,0
http://www.kirklees.gov.uk/beta/information-and-data/pdf/privacy-notice-comms-and-marketing.pdf,Bin round reminder,01/26/2026 04:10 PM GMT,pagewatcher@govdelivery.com,0,0
http://www.govdelivery.com/portals/powered-by,Bin round reminder,01/26/2026 04:10 PM GMT,pagewatcher@govdelivery.com,0,0
https://www.facebook.com/liveinkirklees,Bin round reminder,01/26/2026 03:00 PM GMT,pagewatcher@govdelivery.com,0,0
https://www.kirklees.gov.uk/binManagement/Grey/20260127/DG04TUE,Bin round reminder,01/26/2026 03:00 PM GMT,pagewatcher@govdelivery.com,0,0
https://www.kirklees.gov.uk/beta/your-property-bins-recycling/recycling-items.aspx,Bin round reminder,01/26/2026 03:00 PM GMT,pagewatcher@govdelivery.com,0,0
https://www.instagram.com/kirklees.council,Bin round reminder,01/26/2026 03:00 PM GMT,pagewatcher@govdelivery.com,0,0
https://twitter.com/KirkleesCouncil,Bin round reminder,01/26/2026 03:00 PM GMT,pagewatcher@govdelivery.com,0,0
https://www.youtube.com/user/KirkleesVideos,Bin round reminder,01/26/2026 03:00 PM GMT,pagewatcher@govdelivery.com,0,0
http://www.kirklees.gov.uk/reminder,Bin round reminder,01/26/2026 03:00 PM GMT,pagewatcher@govdelivery.com,0,0
https://subscriberhelp.govdelivery.com/hc/en-us,Bin round reminder,01/26/2026 03:00 PM GMT,pagewatcher@govdelivery.com,0,0
http://www.kirklees.gov.uk/beta/information-and-data/pdf/privacy-notice-comms-and-marketing.pdf,Bin round reminder,01/26/2026 03:00 PM GMT,pagewatcher@govdelivery.com,0,0
https://www.facebook.com/liveinkirklees,Bin round reminder,01/26/2026 04:00 PM GMT,pagewatcher@govdelivery.com,0,0
http://www.govdelivery.com/portals/powered-by,Bin round reminder,01/26/2026 03:00 PM GMT,pagewatcher@govdelivery.com,0,0
https://www.kirklees.gov.uk/binManagement/Green/20260127/RG10TUE,Bin round reminder,01/26/2026 04:00 PM GMT,pagewatcher@govdelivery.com,0,0
https://public.govdelivery.com/accounts/UKKIRKLEES/subscriber/topics?qsp=UKKIRKLEES_7,Bin round reminder,01/26/2026 04:00 PM GMT,pagewatcher@govdelivery.com,0,0
https://www.instagram.com/kirklees.council,Bin round reminder,01/26/2026 04:00 PM GMT,pagewatcher@govdelivery.com,0,0
https://twitter.com/KirkleesCouncil,Bin round reminder,01/26/2026 04:00 PM GMT,pagewatcher@govdelivery.com,0,0
https://www.youtube.com/user/KirkleesVideos,Bin round reminder,01/26/2026 04:00 PM GMT,pagewatcher@govdelivery.com,0,0
http://www.kirklees.gov.uk/reminder,Bin round reminder,01/26/2026 04:00 PM GMT,pagewatcher@govdelivery.com,0,0
https://subscriberhelp.govdelivery.com/hc/en-us,Bin round reminder,01/26/2026 04:00 PM GMT,pagewatcher@govdelivery.com,0,0
http://www.kirklees.gov.uk/beta/information-and-data/pdf/privacy-notice-comms-and-marketing.pdf,Bin round reminder,01/26/2026 04:00 PM GMT,pagewatcher@govdelivery.com,0,0
http://www.govdelivery.com/portals/powered-by,Bin round reminder,01/26/2026 04:00 PM GMT,pagewatcher@govdelivery.com,0,0
https://www.youtube.com/user/KirkleesVideos,Bin round reminder,01/26/2026 02:20 PM GMT,pagewatcher@govdelivery.com,0,0
https://www.kirklees.gov.uk/beta/your-property-bins-recycling/recycling-items.aspx,Bin round reminder,01/26/2026 02:20 PM GMT,pagewatcher@govdelivery.com,0,0
https://www.instagram.com/kirklees.council,Bin round reminder,01/26/2026 02:20 PM GMT,pagewatcher@govdelivery.com,0,0
https://www.facebook.com/liveinkirklees,Bin round reminder,01/26/2026 02:20 PM GMT,pagewatcher@govdelivery.com,0,0
https://twitter.com/KirkleesCouncil,Bin round reminder,01/26/2026 02:20 PM GMT,pagewatcher@govdelivery.com,0,0
https://public.govdelivery.com/accounts/UKKIRKLEES/subscriber/edit?preferences=true#tab1,Bin round reminder,01/26/2026 02:20 PM GMT,pagewatcher@govdelivery.com,0,0
http://www.kirklees.gov.uk/reminder,Bin round reminder,01/26/2026 02:20 PM GMT,pagewatcher@govdelivery.com,0,0
https://subscriberhelp.govdelivery.com/hc/en-us,Bin round reminder,01/26/2026 02:20 PM GMT,pagewatcher@govdelivery.com,0,0
http://www.kirklees.gov.uk/beta/information-and-data/pdf/privacy-notice-comms-and-marketing.pdf,Bin round reminder,01/26/2026 02:20 PM GMT,pagewatcher@govdelivery.com,0,0
http://www.govdelivery.com/portals/powered-by,Bin round reminder,01/26/2026 02:20 PM GMT,pagewatcher@govdelivery.com,0,0
https://www.kirklees.gov.uk/binManagement/Grey/20260127/D38TUE,Bin round reminder,01/26/2026 02:20 PM GMT,pagewatcher@govdelivery.com,0,0
https://www.kirklees.gov.uk/beta/your-property-bins-recycling/recycling-items.aspx,Bin round reminder,01/26/2026 02:20 PM GMT,pagewatcher@govdelivery.com,0,0
https://www.instagram.com/kirklees.council,Bin round reminder,01/26/2026 02:20 PM GMT,pagewatcher@govdelivery.com,0,0
https://www.facebook.com/liveinkirklees,Bin round reminder,01/26/2026 02:20 PM GMT,pagewatcher@govdelivery.com,0,0
https://twitter.com/KirkleesCouncil,Bin round reminder,01/26/2026 02:20 PM GMT,pagewatcher@govdelivery.com,0,0
https://www.youtube.com/user/KirkleesVideos,Bin round reminder,01/26/2026 02:20 PM GMT,pagewatcher@govdelivery.com,0,0
https://public.govdelivery.com/accounts/UKKIRKLEES/subscriber/edit?preferences=true#tab1,Bin round reminder,01/26/2026 02:20 PM GMT,pagewatcher@govdelivery.com,0,0
http://www.kirklees.gov.uk/reminder,Bin round reminder,01/26/2026 02:20 PM GMT,pagewatcher@govdelivery.com,0,0
https://subscriberhelp.govdelivery.com/hc/en-us,Bin round reminder,01/26/2026 02:20 PM GMT,pagewatcher@govdelivery.com,0,0
http://www.kirklees.gov.uk/beta/information-and-data/pdf/privacy-notice-comms-and-marketing.pdf,Bin round reminder,01/26/2026 02:20 PM GMT,pagewatcher@govdelivery.com,0,0
http://www.govdelivery.com/portals/powered-by,Bin round reminder,01/26/2026 02:20 PM GMT,pagewatcher@govdelivery.com,0,0
https://www.instagram.com/kirklees.council,Bin round reminder,01/26/2026 03:40 PM GMT,pagewatcher@govdelivery.com,0,0
https://www.kirklees.gov.uk/binManagement/Green/20260127/RG13TUE,Bin round reminder,01/26/2026 03:40 PM GMT,pagewatcher@govdelivery.com,0,0
https://www.kirklees.gov.uk/beta/your-property-bins-recycling/recycling-items.aspx,Bin round reminder,01/26/2026 03:40 PM GMT,pagewatcher@govdelivery.com,0,0
https://public.govdelivery.com/accounts/UKKIRKLEES/subscriber/topics?qsp=UKKIRKLEES_7,Bin round reminder,01/26/2026 03:40 PM GMT,pagewatcher@govdelivery.com,0,0
https://www.facebook.com/liveinkirklees,Bin round reminder,01/26/2026 03:40 PM GMT,pagewatcher@govdelivery.com,0,0
https://twitter.com/KirkleesCouncil,Bin round reminder,01/26/2026 03:40 PM GMT,pagewatcher@govdelivery.com,0,0
https://www.youtube.com/user/KirkleesVideos,Bin round reminder,01/26/2026 03:40 PM GMT,pagewatcher@govdelivery.com,0,0
https://public.govdelivery.com/accounts/UKKIRKLEES/subscriber/edit?preferences=true#tab1,Bin round reminder,01/26/2026 03:40 PM GMT,pagewatcher@govdelivery.com,0,0
http://www.kirklees.gov.uk/reminder,Bin round reminder,01/26/2026 03:40 PM GMT,pagewatcher@govdelivery.com,0,0
https://subscriberhelp.govdelivery.com/hc/en-us,Bin round reminder,01/26/2026 03:40 PM GMT,pagewatcher@govdelivery.com,0,0
http://www.kirklees.gov.uk/beta/information-and-data/pdf/privacy-notice-comms-and-marketing.pdf,Bin round reminder,01/26/2026 03:40 PM GMT,pagewatcher@govdelivery.com,0,0
http://www.govdelivery.com/portals/powered-by,Bin round reminder,01/26/2026 03:40 PM GMT,pagewatcher@govdelivery.com,0,0
https://www.instagram.com/kirklees.council,Bin round reminder,01/25/2026 03:00 PM GMT,pagewatcher@govdelivery.com,0,0
https://www.kirklees.gov.uk/binManagement/Green/20260126/R34MON,Bin round reminder,01/25/2026 03:00 PM GMT,pagewatcher@govdelivery.com,0,0
https://www.kirklees.gov.uk/beta/your-property-bins-recycling/recycling-items.aspx,Bin round reminder,01/25/2026 03:00 PM GMT,pagewatcher@govdelivery.com,0,0
https://public.govdelivery.com/accounts/UKKIRKLEES/subscriber/topics?qsp=UKKIRKLEES_7,Bin round reminder,01/25/2026 03:00 PM GMT,pagewatcher@govdelivery.com,0,0
https://www.facebook.com/liveinkirklees,Bin round reminder,01/25/2026 03:00 PM GMT,pagewatcher@govdelivery.com,0,0
https://twitter.com/KirkleesCouncil,Bin round reminder,01/25/2026 03:00 PM GMT,pagewatcher@govdelivery.com,0,0
https://www.youtube.com/user/KirkleesVideos,Bin round reminder,01/25/2026 03:00 PM GMT,pagewatcher@govdelivery.com,0,0
https://public.govdelivery.com/accounts/UKKIRKLEES/subscriber/edit?preferences=true#tab1,Bin round reminder,01/25/2026 03:00 PM GMT,pagewatcher@govdelivery.com,0,0
http://www.kirklees.gov.uk/reminder,Bin round reminder,01/25/2026 03:00 PM GMT,pagewatcher@govdelivery.com,0,0
https://subscriberhelp.govdelivery.com/hc/en-us,Bin round reminder,01/25/2026 03:00 PM GMT,pagewatcher@govdelivery.com,0,0
http://www.kirklees.gov.uk/beta/information-and-data/pdf/privacy-notice-comms-and-marketing.pdf,Bin round reminder,01/25/2026 03:00 PM GMT,pagewatcher@govdelivery.com,0,0
http://www.govdelivery.com/portals/powered-by,Bin round reminder,01/25/2026 03:00 PM GMT,pagewatcher@govdelivery.com,0,0
https://www.facebook.com/liveinkirklees,Bin round reminder,01/25/2026 02:10 PM GMT,pagewatcher@govdelivery.com,0,0
https://www.kirklees.gov.uk/binManagement/Grey/20260126/DG03MON,Bin round reminder,01/25/2026 02:10 PM GMT,pagewatcher@govdelivery.com,0,0
https://www.kirklees.gov.uk/beta/your-property-bins-recycling/recycling-items.aspx,Bin round reminder,01/25/2026 02:10 PM GMT,pagewatcher@govdelivery.com,0,0
https://www.instagram.com/kirklees.council,Bin round reminder,01/25/2026 02:10 PM GMT,pagewatcher@govdelivery.com,0,0
https://twitter.com/KirkleesCouncil,Bin round reminder,01/25/2026 02:10 PM GMT,pagewatcher@govdelivery.com,0,0
https://www.youtube.com/user/KirkleesVideos,Bin round reminder,01/25/2026 02:10 PM GMT,pagewatcher@govdelivery.com,0,0
https://public.govdelivery.com/accounts/UKKIRKLEES/subscriber/edit?preferences=true#tab1,Bin round reminder,01/25/2026 02:10 PM GMT,pagewatcher@govdelivery.com,0,0
http://www.kirklees.gov.uk/reminder,Bin round reminder,01/25/2026 02:10 PM GMT,pagewatcher@govdelivery.com,0,0
https://subscriberhelp.govdelivery.com/hc/en-us,Bin round reminder,01/25/2026 02:10 PM GMT,pagewatcher@govdelivery.com,0,0
http://www.kirklees.gov.uk/beta/information-and-data/pdf/privacy-notice-comms-and-marketing.pdf,Bin round reminder,01/25/2026 02:10 PM GMT,pagewatcher@govdelivery.com,0,0
http://www.govdelivery.com/portals/powered-by,Bin round reminder,01/25/2026 02:10 PM GMT,pagewatcher@govdelivery.com,0,0
https://www.facebook.com/liveinkirklees,Bin round reminder,01/25/2026 02:20 PM GMT,pagewatcher@govdelivery.com,0,0
https://www.kirklees.gov.uk/binManagement/Grey/20260126/D36MON,Bin round reminder,01/25/2026 02:20 PM GMT,pagewatcher@govdelivery.com,0,0
https://www.kirklees.gov.uk/beta/your-property-bins-recycling/recycling-items.aspx,Bin round reminder,01/25/2026 02:20 PM GMT,pagewatcher@govdelivery.com,0,0
https://www.instagram.com/kirklees.council,Bin round reminder,01/25/2026 02:20 PM GMT,pagewatcher@govdelivery.com,0,0
https://twitter.com/KirkleesCouncil,Bin round reminder,01/25/2026 02:20 PM GMT,pagewatcher@govdelivery.com,0,0
https://www.youtube.com/user/KirkleesVideos,Bin round reminder,01/25/2026 02:20 PM GMT,pagewatcher@govdelivery.com,0,0
https://public.govdelivery.com/accounts/UKKIRKLEES/subscriber/edit?preferences=true#tab1,Bin round reminder,01/25/2026 02:20 PM GMT,pagewatcher@govdelivery.com,0,0
http://www.kirklees.gov.uk/reminder,Bin round reminder,01/25/2026 02:20 PM GMT,pagewatcher@govdelivery.com,0,0
https://subscriberhelp.govdelivery.com/hc/en-us,Bin round reminder,01/25/2026 02:20 PM GMT,pagewatcher@govdelivery.com,0,0
http://www.kirklees.gov.uk/beta/information-and-data/pdf/privacy-notice-comms-and-marketing.pdf,Bin round reminder,01/25/2026 02:20 PM GMT,pagewatcher@govdelivery.com,0,0
http://www.govdelivery.com/portals/powered-by,Bin round reminder,01/25/2026 02:20 PM GMT,pagewatcher@govdelivery.com,0,0
https://www.kirklees.gov.uk/binManagement/Green/20260126/RG11MON,Bin round reminder,01/25/2026 02:30 PM GMT,pagewatcher@govdelivery.com,0,0
https://www.kirklees.gov.uk/beta/your-property-bins-recycling/recycling-items.aspx,Bin round reminder,01/25/2026 02:30 PM GMT,pagewatcher@govdelivery.com,0,0
https://public.govdelivery.com/accounts/UKKIRKLEES/subscriber/topics?qsp=UKKIRKLEES_7,Bin round reminder,01/25/2026 02:30 PM GMT,pagewatcher@govdelivery.com,0,0
https://www.instagram.com/kirklees.council,Bin round reminder,01/25/2026 02:30 PM GMT,pagewatcher@govdelivery.com,0,0
https://www.facebook.com/liveinkirklees,Bin round reminder,01/25/2026 02:30 PM GMT,pagewatcher@govdelivery.com,0,0
https://twitter.com/KirkleesCouncil,Bin round reminder,01/25/2026 02:30 PM GMT,pagewatcher@govdelivery.com,0,0
https://www.youtube.com/user/KirkleesVideos,Bin round reminder,01/25/2026 02:30 PM GMT,pagewatcher@govdelivery.com,0,0
https://public.govdelivery.com/accounts/UKKIRKLEES/subscriber/edit?preferences=true#tab1,Bin round reminder,01/25/2026 02:30 PM GMT,pagewatcher@govdelivery.com,0,0
http://www.kirklees.gov.uk/reminder,Bin round reminder,01/25/2026 02:30 PM GMT,pagewatcher@govdelivery.com,0,0
https://subscriberhelp.govdelivery.com/hc/en-us,Bin round reminder,01/25/2026 02:30 PM GMT,pagewatcher@govdelivery.com,0,0
http://www.kirklees.gov.uk/beta/information-and-data/pdf/privacy-notice-comms-and-marketing.pdf,Bin round reminder,01/25/2026 02:30 PM GMT,pagewatcher@govdelivery.com,0,0
http://www.govdelivery.com/portals/powered-by,Bin round reminder,01/25/2026 02:30 PM GMT,pagewatcher@govdelivery.com,0,0
https://www.kirklees.gov.uk/binManagement/Grey/20260126/D31MON,Bin round reminder,01/25/2026 02:30 PM GMT,pagewatcher@govdelivery.com,0,0
https://www.kirklees.gov.uk/beta/your-property-bins-recycling/recycling-items.aspx,Bin round reminder,01/25/2026 02:30 PM GMT,pagewatcher@govdelivery.com,0,0
https://www.instagram.com/kirklees.council,Bin round reminder,01/25/2026 02:30 PM GMT,pagewatcher@govdelivery.com,0,0
https://www.facebook.com/liveinkirklees,Bin round reminder,01/25/2026 02:30 PM GMT,pagewatcher@govdelivery.com,0,0
https://twitter.com/KirkleesCouncil,Bin round reminder,01/25/2026 02:30 PM GMT,pagewatcher@govdelivery.com,0,0
https://www.youtube.com/user/KirkleesVideos,Bin round reminder,01/25/2026 02:30 PM GMT,pagewatcher@govdelivery.com,0,0
https://public.govdelivery.com/accounts/UKKIRKLEES/subscriber/edit?preferences=true#tab1,Bin round reminder,01/25/2026 02:30 PM GMT,pagewatcher@govdelivery.com,0,0
http://www.kirklees.gov.uk/reminder,Bin round reminder,01/25/2026 02:30 PM GMT,pagewatcher@govdelivery.com,0,0
https://subscriberhelp.govdelivery.com/hc/en-us,Bin round reminder,01/25/2026 02:30 PM GMT,pagewatcher@govdelivery.com,0,0
http://www.kirklees.gov.uk/beta/information-and-data/pdf/privacy-notice-comms-and-marketing.pdf,Bin round reminder,01/25/2026 02:30 PM GMT,pagewatcher@govdelivery.com,0,0
http://www.govdelivery.com/portals/powered-by,Bin round reminder,01/25/2026 02:30 PM GMT,pagewatcher@govdelivery.com,0,0
https://www.instagram.com/kirklees.council,Bin round reminder,01/25/2026 02:40 PM GMT,pagewatcher@govdelivery.com,0,0
https://www.kirklees.gov.uk/binManagement/Green/20260126/RG10MON,Bin round reminder,01/25/2026 02:40 PM GMT,pagewatcher@govdelivery.com,0,0
https://www.kirklees.gov.uk/beta/your-property-bins-recycling/recycling-items.aspx,Bin round reminder,01/25/2026 02:40 PM GMT,pagewatcher@govdelivery.com,0,0
https://public.govdelivery.com/accounts/UKKIRKLEES/subscriber/topics?qsp=UKKIRKLEES_7,Bin round reminder,01/25/2026 02:40 PM GMT,pagewatcher@govdelivery.com,0,0
https://www.facebook.com/liveinkirklees,Bin round reminder,01/25/2026 02:40 PM GMT,pagewatcher@govdelivery.com,0,0
https://twitter.com/KirkleesCouncil,Bin round reminder,01/25/2026 02:40 PM GMT,pagewatcher@govdelivery.com,0,0
https://www.youtube.com/user/KirkleesVideos,Bin round reminder,01/25/2026 02:40 PM GMT,pagewatcher@govdelivery.com,0,0
https://public.govdelivery.com/accounts/UKKIRKLEES/subscriber/edit?preferences=true#tab1,Bin round reminder,01/25/2026 02:40 PM GMT,pagewatcher@govdelivery.com,0,0
http://www.kirklees.gov.uk/reminder,Bin round reminder,01/25/2026 02:40 PM GMT,pagewatcher@govdelivery.com,0,0
https://subscriberhelp.govdelivery.com/hc/en-us,Bin round reminder,01/25/2026 02:40 PM GMT,pagewatcher@govdelivery.com,0,0
http://www.kirklees.gov.uk/beta/information-and-data/pdf/privacy-notice-comms-and-marketing.pdf,Bin round reminder,01/25/2026 02:40 PM GMT,pagewatcher@govdelivery.com,0,0
http://www.govdelivery.com/portals/powered-by,Bin round reminder,01/25/2026 02:40 PM GMT,pagewatcher@govdelivery.com,0,0
https://www.kirklees.gov.uk/binManagement/Grey/20260126/D37MON,Bin round reminder,01/25/2026 02:40 PM GMT,pagewatcher@govdelivery.com,0,0
https://www.kirklees.gov.uk/beta/your-property-bins-recycling/recycling-items.aspx,Bin round reminder,01/25/2026 02:40 PM GMT,pagewatcher@govdelivery.com,0,0
https://www.instagram.com/kirklees.council,Bin round reminder,01/25/2026 02:40 PM GMT,pagewatcher@govdelivery.com,0,0
https://www.facebook.com/liveinkirklees,Bin round reminder,01/25/2026 02:40 PM GMT,pagewatcher@govdelivery.com,0,0
https://twitter.com/KirkleesCouncil,Bin round reminder,01/25/2026 02:40 PM GMT,pagewatcher@govdelivery.com,0,0
https://www.youtube.com/user/KirkleesVideos,Bin round reminder,01/25/2026 02:40 PM GMT,pagewatcher@govdelivery.com,0,0
https://public.govdelivery.com/accounts/UKKIRKLEES/subscriber/edit?preferences=true#tab1,Bin round reminder,01/25/2026 02:40 PM GMT,pagewatcher@govdelivery.com,0,0
http://www.kirklees.gov.uk/reminder,Bin round reminder,01/25/2026 02:40 PM GMT,pagewatcher@govdelivery.com,0,0
https://subscriberhelp.govdelivery.com/hc/en-us,Bin round reminder,01/25/2026 02:40 PM GMT,pagewatcher@govdelivery.com,0,0
http://www.kirklees.gov.uk/beta/information-and-data/pdf/privacy-notice-comms-and-marketing.pdf,Bin round reminder,01/25/2026 02:40 PM GMT,pagewatcher@govdelivery.com,0,0
http://www.govdelivery.com/portals/powered-by,Bin round reminder,01/25/2026 02:40 PM GMT,pagewatcher@govdelivery.com,0,0
https://www.kirklees.gov.uk/binManagement/Grey/20260126/DG09MON,Bin round reminder,01/25/2026 02:40 PM GMT,pagewatcher@govdelivery.com,0,0
https://www.kirklees.gov.uk/beta/your-property-bins-recycling/recycling-items.aspx,Bin round reminder,01/25/2026 02:40 PM GMT,pagewatcher@govdelivery.com,0,0
https://www.instagram.com/kirklees.council,Bin round reminder,01/25/2026 02:40 PM GMT,pagewatcher@govdelivery.com,0,0
https://www.facebook.com/liveinkirklees,Bin round reminder,01/25/2026 02:40 PM GMT,pagewatcher@govdelivery.com,0,0
https://twitter.com/KirkleesCouncil,Bin round reminder,01/25/2026 02:40 PM GMT,pagewatcher@govdelivery.com,0,0
https://www.youtube.com/user/KirkleesVideos,Bin round reminder,01/25/2026 02:40 PM GMT,pagewatcher@govdelivery.com,0,0
https://public.govdelivery.com/accounts/UKKIRKLEES/subscriber/edit?preferences=true#tab1,Bin round reminder,01/25/2026 02:40 PM GMT,pagewatcher@govdelivery.com,0,0
http://www.kirklees.gov.uk/reminder,Bin round reminder,01/25/2026 02:40 PM GMT,pagewatcher@govdelivery.com,0,0
https://subscriberhelp.govdelivery.com/hc/en-us,Bin round reminder,01/25/2026 02:40 PM GMT,pagewatcher@govdelivery.com,0,0
http://www.kirklees.gov.uk/beta/information-and-data/pdf/privacy-notice-comms-and-marketing.pdf,Bin round reminder,01/25/2026 02:40 PM GMT,pagewatcher@govdelivery.com,0,0
http://www.govdelivery.com/portals/powered-by,Bin round reminder,01/25/2026 02:40 PM GMT,pagewatcher@govdelivery.com,0,0
https://www.instagram.com/kirklees.council,Bin round reminder,01/25/2026 02:20 PM GMT,pagewatcher@govdelivery.com,0,0
https://www.kirklees.gov.uk/binManagement/Green/20260126/RG16MON,Bin round reminder,01/25/2026 02:20 PM GMT,pagewatcher@govdelivery.com,0,0
https://www.kirklees.gov.uk/beta/your-property-bins-recycling/recycling-items.aspx,Bin round reminder,01/25/2026 02:20 PM GMT,pagewatcher@govdelivery.com,0,0
https://public.govdelivery.com/accounts/UKKIRKLEES/subscriber/topics?qsp=UKKIRKLEES_7,Bin round reminder,01/25/2026 02:20 PM GMT,pagewatcher@govdelivery.com,0,0
https://www.facebook.com/liveinkirklees,Bin round reminder,01/25/2026 02:20 PM GMT,pagewatcher@govdelivery.com,0,0
https://twitter.com/KirkleesCouncil,Bin round reminder,01/25/2026 02:20 PM GMT,pagewatcher@govdelivery.com,0,0
https://www.youtube.com/user/KirkleesVideos,Bin round reminder,01/25/2026 02:20 PM GMT,pagewatcher@govdelivery.com,0,0
https://public.govdelivery.com/accounts/UKKIRKLEES/subscriber/edit?preferences=true#tab1,Bin round reminder,01/25/2026 02:20 PM GMT,pagewatcher@govdelivery.com,0,0
http://www.kirklees.gov.uk/reminder,Bin round reminder,01/25/2026 02:20 PM GMT,pagewatcher@govdelivery.com,0,0
https://subscriberhelp.govdelivery.com/hc/en-us,Bin round reminder,01/25/2026 02:20 PM GMT,pagewatcher@govdelivery.com,0,0
http://www.kirklees.gov.uk/beta/information-and-data/pdf/privacy-notice-comms-and-marketing.pdf,Bin round reminder,01/25/2026 02:20 PM GMT,pagewatcher@govdelivery.com,0,0
http://www.govdelivery.com/portals/powered-by,Bin round reminder,01/25/2026 02:20 PM GMT,pagewatcher@govdelivery.com,0,0
https://www.kirklees.gov.uk/binManagement/Green/20260126/RG17MON,Bin round reminder,01/25/2026 02:40 PM GMT,pagewatcher@govdelivery.com,0,0
https://www.kirklees.gov.uk/beta/your-property-bins-recycling/recycling-items.aspx,Bin round reminder,01/25/2026 02:40 PM GMT,pagewatcher@govdelivery.com,0,0
https://public.govdelivery.com/accounts/UKKIRKLEES/subscriber/topics?qsp=UKKIRKLEES_7,Bin round reminder,01/25/2026 02:40 PM GMT,pagewatcher@govdelivery.com,0,0
https://www.instagram.com/kirklees.council,Bin round reminder,01/25/2026 02:40 PM GMT,pagewatcher@govdelivery.com,0,0
https://www.facebook.com/liveinkirklees,Bin round reminder,01/25/2026 02:40 PM GMT,pagewatcher@govdelivery.com,0,0
https://twitter.com/KirkleesCouncil,Bin round reminder,01/25/2026 02:40 PM GMT,pagewatcher@govdelivery.com,0,0
https://www.youtube.com/user/KirkleesVideos,Bin round reminder,01/25/2026 02:40 PM GMT,pagewatcher@govdelivery.com,0,0
https://public.govdelivery.com/accounts/UKKIRKLEES/subscriber/edit?preferences=true#tab1,Bin round reminder,01/25/2026 02:40 PM GMT,pagewatcher@govdelivery.com,0,0
http://www.kirklees.gov.uk/reminder,Bin round reminder,01/25/2026 02:40 PM GMT,pagewatcher@govdelivery.com,0,0
https://subscriberhelp.govdelivery.com/hc/en-us,Bin round reminder,01/25/2026 02:40 PM GMT,pagewatcher@govdelivery.com,0,0
http://www.kirklees.gov.uk/beta/information-and-data/pdf/privacy-notice-comms-and-marketing.pdf,Bin round reminder,01/25/2026 02:40 PM GMT,pagewatcher@govdelivery.com,0,0
http://www.govdelivery.com/portals/powered-by,Bin round reminder,01/25/2026 02:40 PM GMT,pagewatcher@govdelivery.com,0,0
https://www.kirklees.gov.uk/binManagement/Grey/20260126/D30MON,Bin round reminder,01/25/2026 02:40 PM GMT,pagewatcher@govdelivery.com,0,0
https://www.kirklees.gov.uk/beta/your-property-bins-recycling/recycling-items.aspx,Bin round reminder,01/25/2026 02:40 PM GMT,pagewatcher@govdelivery.com,0,0
https://www.instagram.com/kirklees.council,Bin round reminder,01/25/2026 02:40 PM GMT,pagewatcher@govdelivery.com,0,0
https://www.facebook.com/liveinkirklees,Bin round reminder,01/25/2026 02:40 PM GMT,pagewatcher@govdelivery.com,0,0
https://twitter.com/KirkleesCouncil,Bin round reminder,01/25/2026 02:40 PM GMT,pagewatcher@govdelivery.com,0,0
https://www.youtube.com/user/KirkleesVideos,Bin round reminder,01/25/2026 02:40 PM GMT,pagewatcher@govdelivery.com,0,0
https://public.govdelivery.com/accounts/UKKIRKLEES/subscriber/edit?preferences=true#tab1,Bin round reminder,01/25/2026 02:40 PM GMT,pagewatcher@govdelivery.com,0,0
http://www.kirklees.gov.uk/reminder,Bin round reminder,01/25/2026 02:40 PM GMT,pagewatcher@govdelivery.com,0,0
https://subscriberhelp.govdelivery.com/hc/en-us,Bin round reminder,01/25/2026 02:40 PM GMT,pagewatcher@govdelivery.com,0,0
http://www.kirklees.gov.uk/beta/information-and-data/pdf/privacy-notice-comms-and-marketing.pdf,Bin round reminder,01/25/2026 02:40 PM GMT,pagewatcher@govdelivery.com,0,0
http://www.govdelivery.com/portals/powered-by,Bin round reminder,01/25/2026 02:40 PM GMT,pagewatcher@govdelivery.com,0,0
https://www.facebook.com/liveinkirklees,Bin round reminder,01/25/2026 02:50 PM GMT,pagewatcher@govdelivery.com,0,0
https://www.kirklees.gov.uk/beta/your-property-bins-recycling/recycling-items.aspx,Bin round reminder,01/25/2026 02:50 PM GMT,pagewatcher@govdelivery.com,0,0
https://www.instagram.com/kirklees.council,Bin round reminder,01/25/2026 02:50 PM GMT,pagewatcher@govdelivery.com,0,0
https://twitter.com/KirkleesCouncil,Bin round reminder,01/25/2026 02:50 PM GMT,pagewatcher@govdelivery.com,0,0
https://www.youtube.com/user/KirkleesVideos,Bin round reminder,01/25/2026 02:50 PM GMT,pagewatcher@govdelivery.com,0,0
https://public.govdelivery.com/accounts/UKKIRKLEES/subscriber/edit?preferences=true#tab1,Bin round reminder,01/25/2026 02:50 PM GMT,pagewatcher@govdelivery.com,0,0
http://www.kirklees.gov.uk/reminder,Bin round reminder,01/25/2026 02:50 PM GMT,pagewatcher@govdelivery.com,0,0
https://subscriberhelp.govdelivery.com/hc/en-us,Bin round reminder,01/25/2026 02:50 PM GMT,pagewatcher@govdelivery.com,0,0
http://www.kirklees.gov.uk/beta/information-and-data/pdf/privacy-notice-comms-and-marketing.pdf,Bin round reminder,01/25/2026 02:50 PM GMT,pagewatcher@govdelivery.com,0,0
http://www.govdelivery.com/portals/powered-by,Bin round reminder,01/25/2026 02:50 PM GMT,pagewatcher@govdelivery.com,0,0
https://www.kirklees.gov.uk/binManagement/Green/20260126/RG18MON,Bin round reminder,01/25/2026 02:50 PM GMT,pagewatcher@govdelivery.com,0,0
https://www.kirklees.gov.uk/beta/your-property-bins-recycling/recycling-items.aspx,Bin round reminder,01/25/2026 02:50 PM GMT,pagewatcher@govdelivery.com,0,0
https://public.govdelivery.com/accounts/UKKIRKLEES/subscriber/topics?qsp=UKKIRKLEES_7,Bin round reminder,01/25/2026 02:50 PM GMT,pagewatcher@govdelivery.com,0,0
https://www.instagram.com/kirklees.council,Bin round reminder,01/25/2026 02:50 PM GMT,pagewatcher@govdelivery.com,0,0
https://www.facebook.com/liveinkirklees,Bin round reminder,01/25/2026 02:50 PM GMT,pagewatcher@govdelivery.com,0,0
https://twitter.com/KirkleesCouncil,Bin round reminder,01/25/2026 02:50 PM GMT,pagewatcher@govdelivery.com,0,0
https://www.youtube.com/user/KirkleesVideos,Bin round reminder,01/25/2026 02:50 PM GMT,pagewatcher@govdelivery.com,0,0
https://public.govdelivery.com/accounts/UKKIRKLEES/subscriber/edit?preferences=true#tab1,Bin round reminder,01/25/2026 02:50 PM GMT,pagewatcher@govdelivery.com,0,0
http://www.kirklees.gov.uk/reminder,Bin round reminder,01/25/2026 02:50 PM GMT,pagewatcher@govdelivery.com,0,0
https://subscriberhelp.govdelivery.com/hc/en-us,Bin round reminder,01/25/2026 02:50 PM GMT,pagewatcher@govdelivery.com,0,0
http://www.kirklees.gov.uk/beta/information-and-data/pdf/privacy-notice-comms-and-marketing.pdf,Bin round reminder,01/25/2026 02:50 PM GMT,pagewatcher@govdelivery.com,0,0
http://www.govdelivery.com/portals/powered-by,Bin round reminder,01/25/2026 02:50 PM GMT,pagewatcher@govdelivery.com,0,0
https://www.kirklees.gov.uk/beta/your-property-bins-recycling/recycling-items.aspx,Bin round reminder,01/26/2026 03:10 PM GMT,pagewatcher@govdelivery.com,0,0
https://public.govdelivery.com/accounts/UKKIRKLEES/subscriber/topics?qsp=UKKIRKLEES_7,Bin round reminder,01/26/2026 03:10 PM GMT,pagewatcher@govdelivery.com,0,0
https://www.instagram.com/kirklees.council,Bin round reminder,01/26/2026 03:10 PM GMT,pagewatcher@govdelivery.com,0,0
https://www.facebook.com/liveinkirklees,Bin round reminder,01/26/2026 03:10 PM GMT,pagewatcher@govdelivery.com,0,0
https://twitter.com/KirkleesCouncil,Bin round reminder,01/26/2026 03:10 PM GMT,pagewatcher@govdelivery.com,0,0
https://www.youtube.com/user/KirkleesVideos,Bin round reminder,01/26/2026 03:10 PM GMT,pagewatcher@govdelivery.com,0,0
http://www.kirklees.gov.uk/reminder,Bin round reminder,01/26/2026 03:10 PM GMT,pagewatcher@govdelivery.com,0,0
https://subscriberhelp.govdelivery.com/hc/en-us,Bin round reminder,01/26/2026 03:10 PM GMT,pagewatcher@govdelivery.com,0,0
https://www.facebook.com/liveinkirklees,Bin round reminder,01/25/2026 04:00 PM GMT,pagewatcher@govdelivery.com,0,0
http://www.kirklees.gov.uk/beta/information-and-data/pdf/privacy-notice-comms-and-marketing.pdf,Bin round reminder,01/26/2026 03:10 PM GMT,pagewatcher@govdelivery.com,0,0
http://www.govdelivery.com/portals/powered-by,Bin round reminder,01/26/2026 03:10 PM GMT,pagewatcher@govdelivery.com,0,0
https://www.kirklees.gov.uk/binManagement/Grey/20260126/DG02MON,Bin round reminder,01/25/2026 04:00 PM GMT,pagewatcher@govdelivery.com,0,0
https://www.kirklees.gov.uk/beta/your-property-bins-recycling/recycling-items.aspx,Bin round reminder,01/25/2026 04:00 PM GMT,pagewatcher@govdelivery.com,0,0
https://www.instagram.com/kirklees.council,Bin round reminder,01/25/2026 04:00 PM GMT,pagewatcher@govdelivery.com,0,0
https://twitter.com/KirkleesCouncil,Bin round reminder,01/25/2026 04:00 PM GMT,pagewatcher@govdelivery.com,0,0
https://www.youtube.com/user/KirkleesVideos,Bin round reminder,01/25/2026 04:00 PM GMT,pagewatcher@govdelivery.com,0,0
https://public.govdelivery.com/accounts/UKKIRKLEES/subscriber/edit?preferences=true#tab1,Bin round reminder,01/25/2026 04:00 PM GMT,pagewatcher@govdelivery.com,0,0
http://www.kirklees.gov.uk/reminder,Bin round reminder,01/25/2026 04:00 PM GMT,pagewatcher@govdelivery.com,0,0
https://subscriberhelp.govdelivery.com/hc/en-us,Bin round reminder,01/25/2026 04:00 PM GMT,pagewatcher@govdelivery.com,0,0
http://www.kirklees.gov.uk/beta/information-and-data/pdf/privacy-notice-comms-and-marketing.pdf,Bin round reminder,01/25/2026 04:00 PM GMT,pagewatcher@govdelivery.com,0,0
http://www.govdelivery.com/portals/powered-by,Bin round reminder,01/25/2026 04:00 PM GMT,pagewatcher@govdelivery.com,0,0
https://www.kirklees.gov.uk/binManagement/Grey/20260127/D32TUE,Bin round reminder,01/26/2026 03:50 PM GMT,pagewatcher@govdelivery.com,0,0
https://www.kirklees.gov.uk/beta/your-property-bins-recycling/recycling-items.aspx,Bin round reminder,01/26/2026 03:50 PM GMT,pagewatcher@govdelivery.com,0,0
https://www.instagram.com/kirklees.council,Bin round reminder,01/26/2026 03:50 PM GMT,pagewatcher@govdelivery.com,0,0
https://www.facebook.com/liveinkirklees,Bin round reminder,01/26/2026 03:50 PM GMT,pagewatcher@govdelivery.com,0,0
https://twitter.com/KirkleesCouncil,Bin round reminder,01/26/2026 03:50 PM GMT,pagewatcher@govdelivery.com,0,0
https://www.youtube.com/user/KirkleesVideos,Bin round reminder,01/26/2026 03:50 PM GMT,pagewatcher@govdelivery.com,0,0
https://public.govdelivery.com/accounts/UKKIRKLEES/subscriber/edit?preferences=true#tab1,Bin round reminder,01/26/2026 03:50 PM GMT,pagewatcher@govdelivery.com,0,0
http://www.kirklees.gov.uk/reminder,Bin round reminder,01/26/2026 03:50 PM GMT,pagewatcher@govdelivery.com,0,0
https://subscriberhelp.govdelivery.com/hc/en-us,Bin round reminder,01/26/2026 03:50 PM GMT,pagewatcher@govdelivery.com,0,0
http://www.kirklees.gov.uk/beta/information-and-data/pdf/privacy-notice-comms-and-marketing.pdf,Bin round reminder,01/26/2026 03:50 PM GMT,pagewatcher@govdelivery.com,0,0
http://www.govdelivery.com/portals/powered-by,Bin round reminder,01/26/2026 03:50 PM GMT,pagewatcher@govdelivery.com,0,0
https://www.kirklees.gov.uk/binManagement/Green/20260127/RG12TUE,Bin round reminder,01/26/2026 03:50 PM GMT,pagewatcher@govdelivery.com,0,0
https://www.kirklees.gov.uk/beta/your-property-bins-recycling/recycling-items.aspx,Bin round reminder,01/26/2026 03:50 PM GMT,pagewatcher@govdelivery.com,0,0
https://public.govdelivery.com/accounts/UKKIRKLEES/subscriber/topics?qsp=UKKIRKLEES_7,Bin round reminder,01/26/2026 03:50 PM GMT,pagewatcher@govdelivery.com,0,0
https://www.instagram.com/kirklees.council,Bin round reminder,01/26/2026 03:50 PM GMT,pagewatcher@govdelivery.com,0,0
https://www.facebook.com/liveinkirklees,Bin round reminder,01/26/2026 03:50 PM GMT,pagewatcher@govdelivery.com,0,0
https://twitter.com/KirkleesCouncil,Bin round reminder,01/26/2026 03:50 PM GMT,pagewatcher@govdelivery.com,0,0
https://www.youtube.com/user/KirkleesVideos,Bin round reminder,01/26/2026 03:50 PM GMT,pagewatcher@govdelivery.com,0,0
https://public.govdelivery.com/accounts/UKKIRKLEES/subscriber/edit?preferences=true#tab1,Bin round reminder,01/26/2026 03:50 PM GMT,pagewatcher@govdelivery.com,0,0
http://www.kirklees.gov.uk/reminder,Bin round reminder,01/26/2026 03:50 PM GMT,pagewatcher@govdelivery.com,0,0
https://subscriberhelp.govdelivery.com/hc/en-us,Bin round reminder,01/26/2026 03:50 PM GMT,pagewatcher@govdelivery.com,0,0
http://www.kirklees.gov.uk/beta/information-and-data/pdf/privacy-notice-comms-and-marketing.pdf,Bin round reminder,01/26/2026 03:50 PM GMT,pagewatcher@govdelivery.com,0,0
http://www.govdelivery.com/portals/powered-by,Bin round reminder,01/26/2026 03:50 PM GMT,pagewatcher@govdelivery.com,0,0
https://www.instagram.com/kirklees.council,Bin round reminder,01/25/2026 01:00 PM GMT,pagewatcher@govdelivery.com,0,0
https://www.kirklees.gov.uk/binManagement/Green/20260126/RG14MON,Bin round reminder,01/25/2026 01:00 PM GMT,pagewatcher@govdelivery.com,0,0
https://www.kirklees.gov.uk/beta/your-property-bins-recycling/recycling-items.aspx,Bin round reminder,01/25/2026 01:00 PM GMT,pagewatcher@govdelivery.com,0,0
https://public.govdelivery.com/accounts/UKKIRKLEES/subscriber/topics?qsp=UKKIRKLEES_7,Bin round reminder,01/25/2026 01:00 PM GMT,pagewatcher@govdelivery.com,0,0
https://www.facebook.com/liveinkirklees,Bin round reminder,01/25/2026 01:00 PM GMT,pagewatcher@govdelivery.com,0,0
https://twitter.com/KirkleesCouncil,Bin round reminder,01/25/2026 01:00 PM GMT,pagewatcher@govdelivery.com,0,0
https://www.youtube.com/user/KirkleesVideos,Bin round reminder,01/25/2026 01:00 PM GMT,pagewatcher@govdelivery.com,0,0
https://public.govdelivery.com/accounts/UKKIRKLEES/subscriber/edit?preferences=true#tab1,Bin round reminder,01/25/2026 01:00 PM GMT,pagewatcher@govdelivery.com,0,0
http://www.kirklees.gov.uk/reminder,Bin round reminder,01/25/2026 01:00 PM GMT,pagewatcher@govdelivery.com,0,0
https://subscriberhelp.govdelivery.com/hc/en-us,Bin round reminder,01/25/2026 01:00 PM GMT,pagewatcher@govdelivery.com,0,0
http://www.kirklees.gov.uk/beta/information-and-data/pdf/privacy-notice-comms-and-marketing.pdf,Bin round reminder,01/25/2026 01:00 PM GMT,pagewatcher@govdelivery.com,0,0
http://www.govdelivery.com/portals/powered-by,Bin round reminder,01/25/2026 01:00 PM GMT,pagewatcher@govdelivery.com,0,0
https://www.facebook.com/liveinkirklees,Bin round reminder,01/26/2026 03:20 PM GMT,pagewatcher@govdelivery.com,0,0
https://www.kirklees.gov.uk/binManagement/Grey/20260127/D35TUE,Bin round reminder,01/26/2026 03:20 PM GMT,pagewatcher@govdelivery.com,0,0
https://www.kirklees.gov.uk/beta/your-property-bins-recycling/recycling-items.aspx,Bin round reminder,01/26/2026 03:20 PM GMT,pagewatcher@govdelivery.com,0,0
https://www.instagram.com/kirklees.council,Bin round reminder,01/26/2026 03:20 PM GMT,pagewatcher@govdelivery.com,0,0
https://twitter.com/KirkleesCouncil,Bin round reminder,01/26/2026 03:20 PM GMT,pagewatcher@govdelivery.com,0,0
https://www.youtube.com/user/KirkleesVideos,Bin round reminder,01/26/2026 03:20 PM GMT,pagewatcher@govdelivery.com,0,0
https://public.govdelivery.com/accounts/UKKIRKLEES/subscriber/edit?preferences=true#tab1,Bin round reminder,01/26/2026 03:20 PM GMT,pagewatcher@govdelivery.com,0,0
http://www.kirklees.gov.uk/reminder,Bin round reminder,01/26/2026 03:20 PM GMT,pagewatcher@govdelivery.com,0,0
https://subscriberhelp.govdelivery.com/hc/en-us,Bin round reminder,01/26/2026 03:20 PM GMT,pagewatcher@govdelivery.com,0,0
http://www.kirklees.gov.uk/beta/information-and-data/pdf/privacy-notice-comms-and-marketing.pdf,Bin round reminder,01/26/2026 03:20 PM GMT,pagewatcher@govdelivery.com,0,0
http://www.govdelivery.com/portals/powered-by,Bin round reminder,01/26/2026 03:20 PM GMT,pagewatcher@govdelivery.com,0,0
https://www.facebook.com/liveinkirklees,Bin round reminder,01/25/2026 03:40 PM GMT,pagewatcher@govdelivery.com,0,0
https://www.kirklees.gov.uk/binManagement/Grey/20260126/DG05MON,Bin round reminder,01/25/2026 03:40 PM GMT,pagewatcher@govdelivery.com,0,0
https://www.kirklees.gov.uk/beta/your-property-bins-recycling/recycling-items.aspx,Bin round reminder,01/25/2026 03:40 PM GMT,pagewatcher@govdelivery.com,0,0
https://www.instagram.com/kirklees.council,Bin round reminder,01/25/2026 03:40 PM GMT,pagewatcher@govdelivery.com,0,0
https://twitter.com/KirkleesCouncil,Bin round reminder,01/25/2026 03:40 PM GMT,pagewatcher@govdelivery.com,0,0
https://www.youtube.com/user/KirkleesVideos,Bin round reminder,01/25/2026 03:40 PM GMT,pagewatcher@govdelivery.com,0,0
https://public.govdelivery.com/accounts/UKKIRKLEES/subscriber/edit?preferences=true#tab1,Bin round reminder,01/25/2026 03:40 PM GMT,pagewatcher@govdelivery.com,0,0
http://www.kirklees.gov.uk/reminder,Bin round reminder,01/25/2026 03:40 PM GMT,pagewatcher@govdelivery.com,0,0
https://subscriberhelp.govdelivery.com/hc/en-us,Bin round reminder,01/25/2026 03:40 PM GMT,pagewatcher@govdelivery.com,0,0
http://www.kirklees.gov.uk/beta/information-and-data/pdf/privacy-notice-comms-and-marketing.pdf,Bin round reminder,01/25/2026 03:40 PM GMT,pagewatcher@govdelivery.com,0,0
http://www.govdelivery.com/portals/powered-by,Bin round reminder,01/25/2026 03:40 PM GMT,pagewatcher@govdelivery.com,0,0
https://www.kirklees.gov.uk/binManagement/Green/20260127/R34TUE,Bin round reminder,01/26/2026 03:40 PM GMT,pagewatcher@govdelivery.com,0,0
https://www.kirklees.gov.uk/beta/your-property-bins-recycling/recycling-items.aspx,Bin round reminder,01/26/2026 03:40 PM GMT,pagewatcher@govdelivery.com,0,0
https://public.govdelivery.com/accounts/UKKIRKLEES/subscriber/topics?qsp=UKKIRKLEES_7,Bin round reminder,01/26/2026 03:40 PM GMT,pagewatcher@govdelivery.com,0,0
https://www.instagram.com/kirklees.council,Bin round reminder,01/26/2026 03:40 PM GMT,pagewatcher@govdelivery.com,0,0
https://www.facebook.com/liveinkirklees,Bin round reminder,01/26/2026 03:40 PM GMT,pagewatcher@govdelivery.com,0,0
http://www.kirklees.gov.uk/beta/information-and-data/pdf/privacy-notice-comms-and-marketing.pdf,Bin round reminder,01/26/2026 03:40 PM GMT,pagewatcher@govdelivery.com,0,0
https://twitter.com/KirkleesCouncil,Bin round reminder,01/26/2026 03:40 PM GMT,pagewatcher@govdelivery.com,0,0
https://www.youtube.com/user/KirkleesVideos,Bin round reminder,01/26/2026 03:40 PM GMT,pagewatcher@govdelivery.com,0,0
https://public.govdelivery.com/accounts/UKKIRKLEES/subscriber/edit?preferences=true#tab1,Bin round reminder,01/26/2026 03:40 PM GMT,pagewatcher@govdelivery.com,0,0
http://www.kirklees.gov.uk/reminder,Bin round reminder,01/26/2026 03:40 PM GMT,pagewatcher@govdelivery.com,0,0
https://subscriberhelp.govdelivery.com/hc/en-us,Bin round reminder,01/26/2026 03:40 PM GMT,pagewatcher@govdelivery.com,0,0
http://www.govdelivery.com/portals/powered-by,Bin round reminder,01/26/2026 03:40 PM GMT,pagewatcher@govdelivery.com,0,0
https://www.kirklees.gov.uk/binManagement/Grey/20260126/D32MON,Bin round reminder,01/25/2026 04:20 PM GMT,pagewatcher@govdelivery.com,0,0
https://www.kirklees.gov.uk/beta/your-property-bins-recycling/recycling-items.aspx,Bin round reminder,01/25/2026 04:20 PM GMT,pagewatcher@govdelivery.com,0,0
https://www.instagram.com/kirklees.council,Bin round reminder,01/25/2026 04:20 PM GMT,pagewatcher@govdelivery.com,0,0
https://www.facebook.com/liveinkirklees,Bin round reminder,01/25/2026 04:20 PM GMT,pagewatcher@govdelivery.com,0,0
https://twitter.com/KirkleesCouncil,Bin round reminder,01/25/2026 04:20 PM GMT,pagewatcher@govdelivery.com,0,0
https://www.youtube.com/user/KirkleesVideos,Bin round reminder,01/25/2026 04:20 PM GMT,pagewatcher@govdelivery.com,0,0
https://public.govdelivery.com/accounts/UKKIRKLEES/subscriber/edit?preferences=true#tab1,Bin round reminder,01/25/2026 04:20 PM GMT,pagewatcher@govdelivery.com,0,0
http://www.kirklees.gov.uk/reminder,Bin round reminder,01/25/2026 04:20 PM GMT,pagewatcher@govdelivery.com,0,0
https://subscriberhelp.govdelivery.com/hc/en-us,Bin round reminder,01/25/2026 04:20 PM GMT,pagewatcher@govdelivery.com,0,0
http://www.kirklees.gov.uk/beta/information-and-data/pdf/privacy-notice-comms-and-marketing.pdf,Bin round reminder,01/25/2026 04:20 PM GMT,pagewatcher@govdelivery.com,0,0
http://www.govdelivery.com/portals/powered-by,Bin round reminder,01/25/2026 04:20 PM GMT,pagewatcher@govdelivery.com,0,0
https://www.kirklees.gov.uk/binManagement/Green/20260126/RG12MON,Bin round reminder,01/25/2026 04:20 PM GMT,pagewatcher@govdelivery.com,0,0
https://www.kirklees.gov.uk/beta/your-property-bins-recycling/recycling-items.aspx,Bin round reminder,01/25/2026 04:20 PM GMT,pagewatcher@govdelivery.com,0,0
https://public.govdelivery.com/accounts/UKKIRKLEES/subscriber/topics?qsp=UKKIRKLEES_7,Bin round reminder,01/25/2026 04:20 PM GMT,pagewatcher@govdelivery.com,0,0
https://www.instagram.com/kirklees.council,Bin round reminder,01/25/2026 04:20 PM GMT,pagewatcher@govdelivery.com,0,0
https://www.facebook.com/liveinkirklees,Bin round reminder,01/25/2026 04:20 PM GMT,pagewatcher@govdelivery.com,0,0
https://twitter.com/KirkleesCouncil,Bin round reminder,01/25/2026 04:20 PM GMT,pagewatcher@govdelivery.com,0,0
https://www.youtube.com/user/KirkleesVideos,Bin round reminder,01/25/2026 04:20 PM GMT,pagewatcher@govdelivery.com,0,0
https://public.govdelivery.com/accounts/UKKIRKLEES/subscriber/edit?preferences=true#tab1,Bin round reminder,01/25/2026 04:20 PM GMT,pagewatcher@govdelivery.com,0,0
http://www.kirklees.gov.uk/reminder,Bin round reminder,01/25/2026 04:20 PM GMT,pagewatcher@govdelivery.com,0,0
https://subscriberhelp.govdelivery.com/hc/en-us,Bin round reminder,01/25/2026 04:20 PM GMT,pagewatcher@govdelivery.com,0,0
http://www.kirklees.gov.uk/beta/information-and-data/pdf/privacy-notice-comms-and-marketing.pdf,Bin round reminder,01/25/2026 04:20 PM GMT,pagewatcher@govdelivery.com,0,0
http://www.govdelivery.com/portals/powered-by,Bin round reminder,01/25/2026 04:20 PM GMT,pagewatcher@govdelivery.com,0,0
https://www.kirklees.gov.uk/binManagement/Grey/20260126/D38MON,Bin round reminder,01/25/2026 04:20 PM GMT,pagewatcher@govdelivery.com,0,0
https://www.kirklees.gov.uk/beta/your-property-bins-recycling/recycling-items.aspx,Bin round reminder,01/25/2026 04:20 PM GMT,pagewatcher@govdelivery.com,0,0
https://www.instagram.com/kirklees.council,Bin round reminder,01/25/2026 04:20 PM GMT,pagewatcher@govdelivery.com,0,0
https://www.facebook.com/liveinkirklees,Bin round reminder,01/25/2026 04:20 PM GMT,pagewatcher@govdelivery.com,0,0
https://twitter.com/KirkleesCouncil,Bin round reminder,01/25/2026 04:20 PM GMT,pagewatcher@govdelivery.com,0,0
https://subscriberhelp.govdelivery.com/hc/en-us,Bin round reminder,01/25/2026 04:20 PM GMT,pagewatcher@govdelivery.com,0,0
https://www.youtube.com/user/KirkleesVideos,Bin round reminder,01/25/2026 04:20 PM GMT,pagewatcher@govdelivery.com,0,0
https://public.govdelivery.com/accounts/UKKIRKLEES/subscriber/edit?preferences=true#tab1,Bin round reminder,01/25/2026 04:20 PM GMT,pagewatcher@govdelivery.com,0,0
http://www.kirklees.gov.uk/reminder,Bin round reminder,01/25/2026 04:20 PM GMT,pagewatcher@govdelivery.com,0,0
http://www.kirklees.gov.uk/beta/information-and-data/pdf/privacy-notice-comms-and-marketing.pdf,Bin round reminder,01/25/2026 04:20 PM GMT,pagewatcher@govdelivery.com,0,0
http://www.govdelivery.com/portals/powered-by,Bin round reminder,01/25/2026 04:20 PM GMT,pagewatcher@govdelivery.com,0,0
https://www.facebook.com/liveinkirklees,Bin round reminder,01/25/2026 03:10 PM GMT,pagewatcher@govdelivery.com,0,0
https://www.kirklees.gov.uk/binManagement/Grey/20260126/DG08MON,Bin round reminder,01/25/2026 03:10 PM GMT,pagewatcher@govdelivery.com,0,0
https://www.kirklees.gov.uk/beta/your-property-bins-recycling/recycling-items.aspx,Bin round reminder,01/25/2026 03:10 PM GMT,pagewatcher@govdelivery.com,0,0
https://www.instagram.com/kirklees.council,Bin round reminder,01/25/2026 03:10 PM GMT,pagewatcher@govdelivery.com,0,0
https://twitter.com/KirkleesCouncil,Bin round reminder,01/25/2026 03:10 PM GMT,pagewatcher@govdelivery.com,0,0
https://www.youtube.com/user/KirkleesVideos,Bin round reminder,01/25/2026 03:10 PM GMT,pagewatcher@govdelivery.com,0,0
https://public.govdelivery.com/accounts/UKKIRKLEES/subscriber/edit?preferences=true#tab1,Bin round reminder,01/25/2026 03:10 PM GMT,pagewatcher@govdelivery.com,0,0
http://www.kirklees.gov.uk/reminder,Bin round reminder,01/25/2026 03:10 PM GMT,pagewatcher@govdelivery.com,0,0
https://subscriberhelp.govdelivery.com/hc/en-us,Bin round reminder,01/25/2026 03:10 PM GMT,pagewatcher@govdelivery.com,0,0
http://www.kirklees.gov.uk/beta/information-and-data/pdf/privacy-notice-comms-and-marketing.pdf,Bin round reminder,01/25/2026 03:10 PM GMT,pagewatcher@govdelivery.com,0,0
http://www.govdelivery.com/portals/powered-by,Bin round reminder,01/25/2026 03:10 PM GMT,pagewatcher@govdelivery.com,0,0
https://www.kirklees.gov.uk/binManagement/Grey/20260126/DG04MON,Bin round reminder,01/25/2026 03:30 PM GMT,pagewatcher@govdelivery.com,0,0
https://www.kirklees.gov.uk/beta/your-property-bins-recycling/recycling-items.aspx,Bin round reminder,01/25/2026 03:30 PM GMT,pagewatcher@govdelivery.com,0,0
https://www.instagram.com/kirklees.council,Bin round reminder,01/25/2026 03:30 PM GMT,pagewatcher@govdelivery.com,0,0
https://www.facebook.com/liveinkirklees,Bin round reminder,01/25/2026 03:30 PM GMT,pagewatcher@govdelivery.com,0,0
https://twitter.com/KirkleesCouncil,Bin round reminder,01/25/2026 03:30 PM GMT,pagewatcher@govdelivery.com,0,0
https://www.youtube.com/user/KirkleesVideos,Bin round reminder,01/25/2026 03:30 PM GMT,pagewatcher@govdelivery.com,0,0
https://public.govdelivery.com/accounts/UKKIRKLEES/subscriber/edit?preferences=true#tab1,Bin round reminder,01/25/2026 03:30 PM GMT,pagewatcher@govdelivery.com,0,0
http://www.kirklees.gov.uk/reminder,Bin round reminder,01/25/2026 03:30 PM GMT,pagewatcher@govdelivery.com,0,0
https://subscriberhelp.govdelivery.com/hc/en-us,Bin round reminder,01/25/2026 03:30 PM GMT,pagewatcher@govdelivery.com,0,0
http://www.govdelivery.com/portals/powered-by,Bin round reminder,01/25/2026 03:30 PM GMT,pagewatcher@govdelivery.com,0,0
http://www.kirklees.gov.uk/beta/information-and-data/pdf/privacy-notice-comms-and-marketing.pdf,Read Kirklees January/February 2026,01/24/2026 01:57 PM GMT,leah.clark@kirklees.gov.uk,0,0
https://www.facebook.com/liveinkirklees,Read Kirklees January/February 2026,01/24/2026 01:57 PM GMT,leah.clark@kirklees.gov.uk,0,0
https://www.youtube.com/user/KirkleesVideos,Read Kirklees January/February 2026,01/24/2026 01:57 PM GMT,leah.clark@kirklees.gov.uk,0,0
https://www.facebook.com/liveinkirklees,Bin round reminder,01/25/2026 03:20 PM GMT,pagewatcher@govdelivery.com,0,0
https://www.kirklees.gov.uk/binManagement/Grey/20260126/DG07MON,Bin round reminder,01/25/2026 03:20 PM GMT,pagewatcher@govdelivery.com,0,0
https://www.kirklees.gov.uk/beta/your-property-bins-recycling/recycling-items.aspx,Bin round reminder,01/25/2026 03:20 PM GMT,pagewatcher@govdelivery.com,0,0
https://www.instagram.com/kirklees.council,Bin round reminder,01/25/2026 03:20 PM GMT,pagewatcher@govdelivery.com,0,0
https://twitter.com/KirkleesCouncil,Bin round reminder,01/25/2026 03:20 PM GMT,pagewatcher@govdelivery.com,0,0
https://www.youtube.com/user/KirkleesVideos,Bin round reminder,01/25/2026 03:20 PM GMT,pagewatcher@govdelivery.com,0,0
https://public.govdelivery.com/accounts/UKKIRKLEES/subscriber/edit?preferences=true#tab1,Bin round reminder,01/25/2026 03:20 PM GMT,pagewatcher@govdelivery.com,0,0
http://www.kirklees.gov.uk/reminder,Bin round reminder,01/25/2026 03:20 PM GMT,pagewatcher@govdelivery.com,0,0
https://subscriberhelp.govdelivery.com/hc/en-us,Bin round reminder,01/25/2026 03:20 PM GMT,pagewatcher@govdelivery.com,0,0
http://www.kirklees.gov.uk/beta/information-and-data/pdf/privacy-notice-comms-and-marketing.pdf,Bin round reminder,01/25/2026 03:20 PM GMT,pagewatcher@govdelivery.com,0,0
http://www.govdelivery.com/portals/powered-by,Bin round reminder,01/25/2026 03:20 PM GMT,pagewatcher@govdelivery.com,0,0
https://www.kirklees.gov.uk/binManagement/Green/20260126/RG15MON,Bin round reminder,01/25/2026 02:50 PM GMT,pagewatcher@govdelivery.com,0,0
https://www.kirklees.gov.uk/beta/your-property-bins-recycling/recycling-items.aspx,Bin round reminder,01/25/2026 02:50 PM GMT,pagewatcher@govdelivery.com,0,0
https://public.govdelivery.com/accounts/UKKIRKLEES/subscriber/topics?qsp=UKKIRKLEES_7,Bin round reminder,01/25/2026 02:50 PM GMT,pagewatcher@govdelivery.com,0,0
https://www.instagram.com/kirklees.council,Bin round reminder,01/25/2026 02:50 PM GMT,pagewatcher@govdelivery.com,0,0
https://www.facebook.com/liveinkirklees,Bin round reminder,01/25/2026 02:50 PM GMT,pagewatcher@govdelivery.com,0,0
https://twitter.com/KirkleesCouncil,Bin round reminder,01/25/2026 02:50 PM GMT,pagewatcher@govdelivery.com,0,0
https://www.youtube.com/user/KirkleesVideos,Bin round reminder,01/25/2026 02:50 PM GMT,pagewatcher@govdelivery.com,0,0
https://public.govdelivery.com/accounts/UKKIRKLEES/subscriber/edit?preferences=true#tab1,Bin round reminder,01/25/2026 02:50 PM GMT,pagewatcher@govdelivery.com,0,0
http://www.kirklees.gov.uk/reminder,Bin round reminder,01/25/2026 02:50 PM GMT,pagewatcher@govdelivery.com,0,0
https://subscriberhelp.govdelivery.com/hc/en-us,Bin round reminder,01/25/2026 02:50 PM GMT,pagewatcher@govdelivery.com,0,0
http://www.kirklees.gov.uk/beta/information-and-data/pdf/privacy-notice-comms-and-marketing.pdf,Bin round reminder,01/25/2026 02:50 PM GMT,pagewatcher@govdelivery.com,0,0
http://www.govdelivery.com/portals/powered-by,Bin round reminder,01/25/2026 02:50 PM GMT,pagewatcher@govdelivery.com,0,0
https://www.facebook.com/liveinkirklees,Bin round reminder,01/26/2026 04:00 PM GMT,pagewatcher@govdelivery.com,0,0
https://www.kirklees.gov.uk/binManagement/Grey/20260127/D37TUE,Bin round reminder,01/26/2026 04:00 PM GMT,pagewatcher@govdelivery.com,0,0
https://www.kirklees.gov.uk/beta/your-property-bins-recycling/recycling-items.aspx,Bin round reminder,01/26/2026 04:00 PM GMT,pagewatcher@govdelivery.com,0,0
https://www.instagram.com/kirklees.council,Bin round reminder,01/26/2026 04:00 PM GMT,pagewatcher@govdelivery.com,0,0
https://twitter.com/KirkleesCouncil,Bin round reminder,01/26/2026 04:00 PM GMT,pagewatcher@govdelivery.com,0,0
https://www.youtube.com/user/KirkleesVideos,Bin round reminder,01/26/2026 04:00 PM GMT,pagewatcher@govdelivery.com,0,0
https://public.govdelivery.com/accounts/UKKIRKLEES/subscriber/edit?preferences=true#tab1,Bin round reminder,01/26/2026 04:00 PM GMT,pagewatcher@govdelivery.com,0,0
http://www.kirklees.gov.uk/reminder,Bin round reminder,01/26/2026 04:00 PM GMT,pagewatcher@govdelivery.com,0,0
https://subscriberhelp.govdelivery.com/hc/en-us,Bin round reminder,01/26/2026 04:00 PM GMT,pagewatcher@govdelivery.com,0,0
http://www.kirklees.gov.uk/beta/information-and-data/pdf/privacy-notice-comms-and-marketing.pdf,Bin round reminder,01/26/2026 04:00 PM GMT,pagewatcher@govdelivery.com,0,0
http://www.govdelivery.com/portals/powered-by,Bin round reminder,01/26/2026 04:00 PM GMT,pagewatcher@govdelivery.com,0,0
https://www.kirklees.gov.uk/binManagement/Grey/20260127/DG07TUE,Bin round reminder,01/26/2026 02:20 PM GMT,pagewatcher@govdelivery.com,0,0
https://www.kirklees.gov.uk/beta/your-property-bins-recycling/recycling-items.aspx,Bin round reminder,01/26/2026 02:20 PM GMT,pagewatcher@govdelivery.com,0,0
https://www.instagram.com/kirklees.council,Bin round reminder,01/26/2026 02:20 PM GMT,pagewatcher@govdelivery.com,0,0
https://www.facebook.com/liveinkirklees,Bin round reminder,01/26/2026 02:20 PM GMT,pagewatcher@govdelivery.com,0,0
https://twitter.com/KirkleesCouncil,Bin round reminder,01/26/2026 02:20 PM GMT,pagewatcher@govdelivery.com,0,0
https://www.youtube.com/user/KirkleesVideos,Bin round reminder,01/26/2026 02:20 PM GMT,pagewatcher@govdelivery.com,0,0
https://public.govdelivery.com/accounts/UKKIRKLEES/subscriber/edit?preferences=true#tab1,Bin round reminder,01/26/2026 02:20 PM GMT,pagewatcher@govdelivery.com,0,0
http://www.kirklees.gov.uk/reminder,Bin round reminder,01/26/2026 02:20 PM GMT,pagewatcher@govdelivery.com,0,0
https://subscriberhelp.govdelivery.com/hc/en-us,Bin round reminder,01/26/2026 02:20 PM GMT,pagewatcher@govdelivery.com,0,0
http://www.kirklees.gov.uk/beta/information-and-data/pdf/privacy-notice-comms-and-marketing.pdf,Bin round reminder,01/26/2026 02:20 PM GMT,pagewatcher@govdelivery.com,0,0
http://www.govdelivery.com/portals/powered-by,Bin round reminder,01/26/2026 02:20 PM GMT,pagewatcher@govdelivery.com,0,0
https://www.instagram.com/kirklees.council,Bin round reminder,01/20/2026 04:10 PM GMT,pagewatcher@govdelivery.com,0,0
https://www.kirklees.gov.uk/binManagement/Green/20260121/R31WED,Bin round reminder,01/20/2026 04:10 PM GMT,pagewatcher@govdelivery.com,0,0
https://www.kirklees.gov.uk/beta/your-property-bins-recycling/recycling-items.aspx,Bin round reminder,01/20/2026 04:10 PM GMT,pagewatcher@govdelivery.com,0,0
https://public.govdelivery.com/accounts/UKKIRKLEES/subscriber/topics?qsp=UKKIRKLEES_7,Bin round reminder,01/20/2026 04:10 PM GMT,pagewatcher@govdelivery.com,0,0
https://www.facebook.com/liveinkirklees,Bin round reminder,01/20/2026 04:10 PM GMT,pagewatcher@govdelivery.com,0,0
https://twitter.com/KirkleesCouncil,Bin round reminder,01/20/2026 04:10 PM GMT,pagewatcher@govdelivery.com,0,0
https://www.youtube.com/user/KirkleesVideos,Bin round reminder,01/20/2026 04:10 PM GMT,pagewatcher@govdelivery.com,0,0
https://public.govdelivery.com/accounts/UKKIRKLEES/subscriber/edit?preferences=true#tab1,Bin round reminder,01/20/2026 04:10 PM GMT,pagewatcher@govdelivery.com,0,0
http://www.kirklees.gov.uk/reminder,Bin round reminder,01/20/2026 04:10 PM GMT,pagewatcher@govdelivery.com,0,0
https://subscriberhelp.govdelivery.com/hc/en-us,Bin round reminder,01/20/2026 04:10 PM GMT,pagewatcher@govdelivery.com,0,0
http://www.kirklees.gov.uk/beta/information-and-data/pdf/privacy-notice-comms-and-marketing.pdf,Bin round reminder,01/20/2026 04:10 PM GMT,pagewatcher@govdelivery.com,0,0
http://www.govdelivery.com/portals/powered-by,Bin round reminder,01/20/2026 04:10 PM GMT,pagewatcher@govdelivery.com,0,0
https://www.instagram.com/kirklees.council,Bin round reminder,01/21/2026 04:20 PM GMT,pagewatcher@govdelivery.com,0,0
https://www.kirklees.gov.uk/binManagement/Green/20260122/RG08THU,Bin round reminder,01/21/2026 04:20 PM GMT,pagewatcher@govdelivery.com,0,0
https://www.kirklees.gov.uk/beta/your-property-bins-recycling/recycling-items.aspx,Bin round reminder,01/21/2026 04:20 PM GMT,pagewatcher@govdelivery.com,0,0
https://public.govdelivery.com/accounts/UKKIRKLEES/subscriber/topics?qsp=UKKIRKLEES_7,Bin round reminder,01/21/2026 04:20 PM GMT,pagewatcher@govdelivery.com,0,0
https://www.facebook.com/liveinkirklees,Bin round reminder,01/21/2026 04:20 PM GMT,pagewatcher@govdelivery.com,0,0
https://twitter.com/KirkleesCouncil,Bin round reminder,01/21/2026 04:20 PM GMT,pagewatcher@govdelivery.com,0,0
https://www.youtube.com/user/KirkleesVideos,Bin round reminder,01/21/2026 04:20 PM GMT,pagewatcher@govdelivery.com,0,0
https://public.govdelivery.com/accounts/UKKIRKLEES/subscriber/edit?preferences=true#tab1,Bin round reminder,01/21/2026 04:20 PM GMT,pagewatcher@govdelivery.com,0,0
http://www.kirklees.gov.uk/reminder,Bin round reminder,01/21/2026 04:20 PM GMT,pagewatcher@govdelivery.com,0,0
https://subscriberhelp.govdelivery.com/hc/en-us,Bin round reminder,01/21/2026 04:20 PM GMT,pagewatcher@govdelivery.com,0,0
http://www.kirklees.gov.uk/beta/information-and-data/pdf/privacy-notice-comms-and-marketing.pdf,Bin round reminder,01/21/2026 04:20 PM GMT,pagewatcher@govdelivery.com,0,0
http://www.govdelivery.com/portals/powered-by,Bin round reminder,01/21/2026 04:20 PM GMT,pagewatcher@govdelivery.com,0,0
https://www.kirklees.gov.uk/binManagement/Grey/20260122/D34THU,Bin round reminder,01/21/2026 04:00 PM GMT,pagewatcher@govdelivery.com,0,0
https://www.kirklees.gov.uk/beta/your-property-bins-recycling/recycling-items.aspx,Bin round reminder,01/21/2026 04:00 PM GMT,pagewatcher@govdelivery.com,0,0
https://www.instagram.com/kirklees.council,Bin round reminder,01/21/2026 04:00 PM GMT,pagewatcher@govdelivery.com,0,0
https://www.facebook.com/liveinkirklees,Bin round reminder,01/21/2026 04:00 PM GMT,pagewatcher@govdelivery.com,0,0
https://twitter.com/KirkleesCouncil,Bin round reminder,01/21/2026 04:00 PM GMT,pagewatcher@govdelivery.com,0,0
https://www.youtube.com/user/KirkleesVideos,Bin round reminder,01/21/2026 04:00 PM GMT,pagewatcher@govdelivery.com,0,0
https://public.govdelivery.com/accounts/UKKIRKLEES/subscriber/edit?preferences=true#tab1,Bin round reminder,01/21/2026 04:00 PM GMT,pagewatcher@govdelivery.com,0,0
http://www.kirklees.gov.uk/reminder,Bin round reminder,01/21/2026 04:00 PM GMT,pagewatcher@govdelivery.com,0,0
https://subscriberhelp.govdelivery.com/hc/en-us,Bin round reminder,01/21/2026 04:00 PM GMT,pagewatcher@govdelivery.com,0,0
http://www.kirklees.gov.uk/beta/information-and-data/pdf/privacy-notice-comms-and-marketing.pdf,Bin round reminder,01/21/2026 04:00 PM GMT,pagewatcher@govdelivery.com,0,0
http://www.govdelivery.com/portals/powered-by,Bin round reminder,01/21/2026 04:00 PM GMT,pagewatcher@govdelivery.com,0,0
https://www.instagram.com/kirklees.council,Bin round reminder,01/21/2026 04:10 PM GMT,pagewatcher@govdelivery.com,0,0
https://www.kirklees.gov.uk/binManagement/Green/20260122/RG03THU,Bin round reminder,01/21/2026 04:10 PM GMT,pagewatcher@govdelivery.com,0,0
https://www.kirklees.gov.uk/beta/your-property-bins-recycling/recycling-items.aspx,Bin round reminder,01/21/2026 04:10 PM GMT,pagewatcher@govdelivery.com,0,0
https://public.govdelivery.com/accounts/UKKIRKLEES/subscriber/topics?qsp=UKKIRKLEES_7,Bin round reminder,01/21/2026 04:10 PM GMT,pagewatcher@govdelivery.com,0,0
https://www.facebook.com/liveinkirklees,Bin round reminder,01/21/2026 04:10 PM GMT,pagewatcher@govdelivery.com,0,0
https://twitter.com/KirkleesCouncil,Bin round reminder,01/21/2026 04:10 PM GMT,pagewatcher@govdelivery.com,0,0
https://www.youtube.com/user/KirkleesVideos,Bin round reminder,01/21/2026 04:10 PM GMT,pagewatcher@govdelivery.com,0,0
https://public.govdelivery.com/accounts/UKKIRKLEES/subscriber/edit?preferences=true#tab1,Bin round reminder,01/21/2026 04:10 PM GMT,pagewatcher@govdelivery.com,0,0
http://www.govdelivery.com/portals/powered-by,Bin round reminder,01/21/2026 04:10 PM GMT,pagewatcher@govdelivery.com,0,0
http://www.kirklees.gov.uk/reminder,Bin round reminder,01/21/2026 04:10 PM GMT,pagewatcher@govdelivery.com,0,0
https://subscriberhelp.govdelivery.com/hc/en-us,Bin round reminder,01/21/2026 04:10 PM GMT,pagewatcher@govdelivery.com,0,0
http://www.kirklees.gov.uk/beta/information-and-data/pdf/privacy-notice-comms-and-marketing.pdf,Bin round reminder,01/21/2026 04:10 PM GMT,pagewatcher@govdelivery.com,0,0
https://twitter.com/KirkleesCouncil,Bin round reminder,01/21/2026 02:40 PM GMT,pagewatcher@govdelivery.com,0,0
https://www.kirklees.gov.uk/binManagement/Green/20260122/R38THU,Bin round reminder,01/21/2026 02:40 PM GMT,pagewatcher@govdelivery.com,0,0
https://www.kirklees.gov.uk/beta/your-property-bins-recycling/recycling-items.aspx,Bin round reminder,01/21/2026 02:40 PM GMT,pagewatcher@govdelivery.com,0,0
https://public.govdelivery.com/accounts/UKKIRKLEES/subscriber/topics?qsp=UKKIRKLEES_7,Bin round reminder,01/21/2026 02:40 PM GMT,pagewatcher@govdelivery.com,0,0
https://www.instagram.com/kirklees.council,Bin round reminder,01/21/2026 02:40 PM GMT,pagewatcher@govdelivery.com,0,0
https://www.facebook.com/liveinkirklees,Bin round reminder,01/21/2026 02:40 PM GMT,pagewatcher@govdelivery.com,0,0
https://www.youtube.com/user/KirkleesVideos,Bin round reminder,01/21/2026 02:40 PM GMT,pagewatcher@govdelivery.com,0,0
https://public.govdelivery.com/accounts/UKKIRKLEES/subscriber/edit?preferences=true#tab1,Bin round reminder,01/21/2026 02:40 PM GMT,pagewatcher@govdelivery.com,0,0
http://www.kirklees.gov.uk/reminder,Bin round reminder,01/21/2026 02:40 PM GMT,pagewatcher@govdelivery.com,0,0
https://subscriberhelp.govdelivery.com/hc/en-us,Bin round reminder,01/21/2026 02:40 PM GMT,pagewatcher@govdelivery.com,0,0
http://www.kirklees.gov.uk/beta/information-and-data/pdf/privacy-notice-comms-and-marketing.pdf,Bin round reminder,01/21/2026 02:40 PM GMT,pagewatcher@govdelivery.com,0,0
http://www.govdelivery.com/portals/powered-by,Bin round reminder,01/21/2026 02:40 PM GMT,pagewatcher@govdelivery.com,0,0
https://www.facebook.com/liveinkirklees,Bin round reminder,01/20/2026 04:20 PM GMT,pagewatcher@govdelivery.com,0,0
https://www.kirklees.gov.uk/binManagement/Grey/20260121/DG14WED,Bin round reminder,01/20/2026 04:20 PM GMT,pagewatcher@govdelivery.com,0,0
https://www.kirklees.gov.uk/beta/your-property-bins-recycling/recycling-items.aspx,Bin round reminder,01/20/2026 04:20 PM GMT,pagewatcher@govdelivery.com,0,0
https://www.instagram.com/kirklees.council,Bin round reminder,01/20/2026 04:20 PM GMT,pagewatcher@govdelivery.com,0,0
https://twitter.com/KirkleesCouncil,Bin round reminder,01/20/2026 04:20 PM GMT,pagewatcher@govdelivery.com,0,0
https://www.youtube.com/user/KirkleesVideos,Bin round reminder,01/20/2026 04:20 PM GMT,pagewatcher@govdelivery.com,0,0
https://public.govdelivery.com/accounts/UKKIRKLEES/subscriber/edit?preferences=true#tab1,Bin round reminder,01/20/2026 04:20 PM GMT,pagewatcher@govdelivery.com,0,0
http://www.kirklees.gov.uk/reminder,Bin round reminder,01/20/2026 04:20 PM GMT,pagewatcher@govdelivery.com,0,0
https://subscriberhelp.govdelivery.com/hc/en-us,Bin round reminder,01/20/2026 04:20 PM GMT,pagewatcher@govdelivery.com,0,0
http://www.kirklees.gov.uk/beta/information-and-data/pdf/privacy-notice-comms-and-marketing.pdf,Bin round reminder,01/20/2026 04:20 PM GMT,pagewatcher@govdelivery.com,0,0
http://www.govdelivery.com/portals/powered-by,Bin round reminder,01/20/2026 04:20 PM GMT,pagewatcher@govdelivery.com,0,0
https://www.kirklees.gov.uk/binManagement/Green/20260121/R36WED,Bin round reminder,01/20/2026 04:20 PM GMT,pagewatcher@govdelivery.com,0,0
https://www.kirklees.gov.uk/beta/your-property-bins-recycling/recycling-items.aspx,Bin round reminder,01/20/2026 04:20 PM GMT,pagewatcher@govdelivery.com,0,0
https://public.govdelivery.com/accounts/UKKIRKLEES/subscriber/topics?qsp=UKKIRKLEES_7,Bin round reminder,01/20/2026 04:20 PM GMT,pagewatcher@govdelivery.com,0,0
https://www.instagram.com/kirklees.council,Bin round reminder,01/20/2026 04:20 PM GMT,pagewatcher@govdelivery.com,0,0
https://www.facebook.com/liveinkirklees,Bin round reminder,01/20/2026 04:20 PM GMT,pagewatcher@govdelivery.com,0,0
https://twitter.com/KirkleesCouncil,Bin round reminder,01/20/2026 04:20 PM GMT,pagewatcher@govdelivery.com,0,0
https://www.youtube.com/user/KirkleesVideos,Bin round reminder,01/20/2026 04:20 PM GMT,pagewatcher@govdelivery.com,0,0
https://public.govdelivery.com/accounts/UKKIRKLEES/subscriber/edit?preferences=true#tab1,Bin round reminder,01/20/2026 04:20 PM GMT,pagewatcher@govdelivery.com,0,0
http://www.kirklees.gov.uk/reminder,Bin round reminder,01/20/2026 04:20 PM GMT,pagewatcher@govdelivery.com,0,0
https://subscriberhelp.govdelivery.com/hc/en-us,Bin round reminder,01/20/2026 04:20 PM GMT,pagewatcher@govdelivery.com,0,0
http://www.kirklees.gov.uk/beta/information-and-data/pdf/privacy-notice-comms-and-marketing.pdf,Bin round reminder,01/20/2026 04:20 PM GMT,pagewatcher@govdelivery.com,0,0
http://www.govdelivery.com/portals/powered-by,Bin round reminder,01/20/2026 04:20 PM GMT,pagewatcher@govdelivery.com,0,0
https://www.facebook.com/liveinkirklees,Bin round reminder,01/21/2026 03:30 PM GMT,pagewatcher@govdelivery.com,0,0
https://www.kirklees.gov.uk/beta/your-property-bins-recycling/recycling-items.aspx,Bin round reminder,01/21/2026 03:30 PM GMT,pagewatcher@govdelivery.com,0,0
https://www.instagram.com/kirklees.council,Bin round reminder,01/21/2026 03:30 PM GMT,pagewatcher@govdelivery.com,0,0
https://twitter.com/KirkleesCouncil,Bin round reminder,01/21/2026 03:30 PM GMT,pagewatcher@govdelivery.com,0,0
https://www.youtube.com/user/KirkleesVideos,Bin round reminder,01/21/2026 03:30 PM GMT,pagewatcher@govdelivery.com,0,0
https://public.govdelivery.com/accounts/UKKIRKLEES/subscriber/edit?preferences=true#tab1,Bin round reminder,01/21/2026 03:30 PM GMT,pagewatcher@govdelivery.com,0,0
http://www.kirklees.gov.uk/reminder,Bin round reminder,01/21/2026 03:30 PM GMT,pagewatcher@govdelivery.com,0,0
https://subscriberhelp.govdelivery.com/hc/en-us,Bin round reminder,01/21/2026 03:30 PM GMT,pagewatcher@govdelivery.com,0,0
http://www.kirklees.gov.uk/beta/information-and-data/pdf/privacy-notice-comms-and-marketing.pdf,Bin round reminder,01/21/2026 03:30 PM GMT,pagewatcher@govdelivery.com,0,0
http://www.govdelivery.com/portals/powered-by,Bin round reminder,01/21/2026 03:30 PM GMT,pagewatcher@govdelivery.com,0,0
https://www.instagram.com/kirklees.council,Bin round reminder,01/21/2026 02:30 PM GMT,pagewatcher@govdelivery.com,0,0
https://www.kirklees.gov.uk/beta/your-property-bins-recycling/recycling-items.aspx,Bin round reminder,01/21/2026 02:30 PM GMT,pagewatcher@govdelivery.com,0,0
https://public.govdelivery.com/accounts/UKKIRKLEES/subscriber/topics?qsp=UKKIRKLEES_7,Bin round reminder,01/21/2026 02:30 PM GMT,pagewatcher@govdelivery.com,0,0
https://www.facebook.com/liveinkirklees,Bin round reminder,01/21/2026 02:30 PM GMT,pagewatcher@govdelivery.com,0,0
https://twitter.com/KirkleesCouncil,Bin round reminder,01/21/2026 02:30 PM GMT,pagewatcher@govdelivery.com,0,0
https://www.youtube.com/user/KirkleesVideos,Bin round reminder,01/21/2026 02:30 PM GMT,pagewatcher@govdelivery.com,0,0
http://www.kirklees.gov.uk/reminder,Bin round reminder,01/21/2026 02:30 PM GMT,pagewatcher@govdelivery.com,0,0
https://twitter.com/KirkleesCouncil,Bin round reminder,01/21/2026 04:00 PM GMT,pagewatcher@govdelivery.com,0,0
https://subscriberhelp.govdelivery.com/hc/en-us,Bin round reminder,01/21/2026 02:30 PM GMT,pagewatcher@govdelivery.com,0,0
http://www.kirklees.gov.uk/beta/information-and-data/pdf/privacy-notice-comms-and-marketing.pdf,Bin round reminder,01/21/2026 02:30 PM GMT,pagewatcher@govdelivery.com,0,0
http://www.govdelivery.com/portals/powered-by,Bin round reminder,01/21/2026 02:30 PM GMT,pagewatcher@govdelivery.com,0,0
http://www.govdelivery.com/portals/powered-by,Bin round reminder,01/21/2026 04:00 PM GMT,pagewatcher@govdelivery.com,0,0
https://www.kirklees.gov.uk/binManagement/Grey/20260122/DG13THU,Bin round reminder,01/21/2026 04:00 PM GMT,pagewatcher@govdelivery.com,0,0
https://www.kirklees.gov.uk/beta/your-property-bins-recycling/recycling-items.aspx,Bin round reminder,01/21/2026 04:00 PM GMT,pagewatcher@govdelivery.com,0,0
https://www.instagram.com/kirklees.council,Bin round reminder,01/21/2026 04:00 PM GMT,pagewatcher@govdelivery.com,0,0
https://www.facebook.com/liveinkirklees,Bin round reminder,01/21/2026 04:00 PM GMT,pagewatcher@govdelivery.com,0,0
https://www.youtube.com/user/KirkleesVideos,Bin round reminder,01/21/2026 04:00 PM GMT,pagewatcher@govdelivery.com,0,0
https://public.govdelivery.com/accounts/UKKIRKLEES/subscriber/edit?preferences=true#tab1,Bin round reminder,01/21/2026 04:00 PM GMT,pagewatcher@govdelivery.com,0,0
http://www.kirklees.gov.uk/reminder,Bin round reminder,01/21/2026 04:00 PM GMT,pagewatcher@govdelivery.com,0,0
https://subscriberhelp.govdelivery.com/hc/en-us,Bin round reminder,01/21/2026 04:00 PM GMT,pagewatcher@govdelivery.com,0,0
http://www.kirklees.gov.uk/beta/information-and-data/pdf/privacy-notice-comms-and-marketing.pdf,Bin round reminder,01/21/2026 04:00 PM GMT,pagewatcher@govdelivery.com,0,0
https://www.instagram.com/kirklees.council,Bin round reminder,01/21/2026 03:10 PM GMT,pagewatcher@govdelivery.com,0,0
https://www.kirklees.gov.uk/binManagement/Green/20260122/RG05THU,Bin round reminder,01/21/2026 03:10 PM GMT,pagewatcher@govdelivery.com,0,0
https://www.kirklees.gov.uk/beta/your-property-bins-recycling/recycling-items.aspx,Bin round reminder,01/21/2026 03:10 PM GMT,pagewatcher@govdelivery.com,0,0
https://public.govdelivery.com/accounts/UKKIRKLEES/subscriber/topics?qsp=UKKIRKLEES_7,Bin round reminder,01/21/2026 03:10 PM GMT,pagewatcher@govdelivery.com,0,0
https://www.facebook.com/liveinkirklees,Bin round reminder,01/21/2026 03:10 PM GMT,pagewatcher@govdelivery.com,0,0
https://twitter.com/KirkleesCouncil,Bin round reminder,01/21/2026 03:10 PM GMT,pagewatcher@govdelivery.com,0,0
https://www.youtube.com/user/KirkleesVideos,Bin round reminder,01/21/2026 03:10 PM GMT,pagewatcher@govdelivery.com,0,0
https://public.govdelivery.com/accounts/UKKIRKLEES/subscriber/edit?preferences=true#tab1,Bin round reminder,01/21/2026 03:10 PM GMT,pagewatcher@govdelivery.com,0,0
http://www.kirklees.gov.uk/reminder,Bin round reminder,01/21/2026 03:10 PM GMT,pagewatcher@govdelivery.com,0,0
https://subscriberhelp.govdelivery.com/hc/en-us,Bin round reminder,01/21/2026 03:10 PM GMT,pagewatcher@govdelivery.com,0,0
http://www.kirklees.gov.uk/beta/information-and-data/pdf/privacy-notice-comms-and-marketing.pdf,Bin round reminder,01/21/2026 03:10 PM GMT,pagewatcher@govdelivery.com,0,0
http://www.govdelivery.com/portals/powered-by,Bin round reminder,01/21/2026 03:10 PM GMT,pagewatcher@govdelivery.com,0,0
https://www.kirklees.gov.uk/binManagement/Grey/20260121/D30WED,Bin round reminder,01/20/2026 04:10 PM GMT,pagewatcher@govdelivery.com,0,0
https://www.kirklees.gov.uk/beta/your-property-bins-recycling/recycling-items.aspx,Bin round reminder,01/20/2026 04:10 PM GMT,pagewatcher@govdelivery.com,0,0
https://www.instagram.com/kirklees.council,Bin round reminder,01/20/2026 04:10 PM GMT,pagewatcher@govdelivery.com,0,0
https://www.facebook.com/liveinkirklees,Bin round reminder,01/20/2026 04:10 PM GMT,pagewatcher@govdelivery.com,0,0
https://twitter.com/KirkleesCouncil,Bin round reminder,01/20/2026 04:10 PM GMT,pagewatcher@govdelivery.com,0,0
https://www.youtube.com/user/KirkleesVideos,Bin round reminder,01/20/2026 04:10 PM GMT,pagewatcher@govdelivery.com,0,0
https://public.govdelivery.com/accounts/UKKIRKLEES/subscriber/edit?preferences=true#tab1,Bin round reminder,01/20/2026 04:10 PM GMT,pagewatcher@govdelivery.com,0,0
http://www.kirklees.gov.uk/reminder,Bin round reminder,01/20/2026 04:10 PM GMT,pagewatcher@govdelivery.com,0,0
https://subscriberhelp.govdelivery.com/hc/en-us,Bin round reminder,01/20/2026 04:10 PM GMT,pagewatcher@govdelivery.com,0,0
http://www.kirklees.gov.uk/beta/information-and-data/pdf/privacy-notice-comms-and-marketing.pdf,Bin round reminder,01/20/2026 04:10 PM GMT,pagewatcher@govdelivery.com,0,0
http://www.govdelivery.com/portals/powered-by,Bin round reminder,01/20/2026 04:10 PM GMT,pagewatcher@govdelivery.com,0,0
https://www.kirklees.gov.uk/beta/your-property-bins-recycling/recycling-items.aspx,Bin round reminder,01/21/2026 03:30 PM GMT,pagewatcher@govdelivery.com,0,0
https://public.govdelivery.com/accounts/UKKIRKLEES/subscriber/topics?qsp=UKKIRKLEES_7,Bin round reminder,01/21/2026 03:30 PM GMT,pagewatcher@govdelivery.com,0,0
https://www.instagram.com/kirklees.council,Bin round reminder,01/21/2026 03:30 PM GMT,pagewatcher@govdelivery.com,0,0
https://www.facebook.com/liveinkirklees,Bin round reminder,01/21/2026 03:30 PM GMT,pagewatcher@govdelivery.com,0,0
https://twitter.com/KirkleesCouncil,Bin round reminder,01/21/2026 03:30 PM GMT,pagewatcher@govdelivery.com,0,0
https://www.youtube.com/user/KirkleesVideos,Bin round reminder,01/21/2026 03:30 PM GMT,pagewatcher@govdelivery.com,0,0
https://public.govdelivery.com/accounts/UKKIRKLEES/subscriber/edit?preferences=true#tab1,Bin round reminder,01/21/2026 03:30 PM GMT,pagewatcher@govdelivery.com,0,0
http://www.kirklees.gov.uk/reminder,Bin round reminder,01/21/2026 03:30 PM GMT,pagewatcher@govdelivery.com,0,0
https://subscriberhelp.govdelivery.com/hc/en-us,Bin round reminder,01/21/2026 03:30 PM GMT,pagewatcher@govdelivery.com,0,0
http://www.kirklees.gov.uk/beta/information-and-data/pdf/privacy-notice-comms-and-marketing.pdf,Bin round reminder,01/21/2026 03:30 PM GMT,pagewatcher@govdelivery.com,0,0
http://www.govdelivery.com/portals/powered-by,Bin round reminder,01/21/2026 03:30 PM GMT,pagewatcher@govdelivery.com,0,0
https://www.youtube.com/user/KirkleesVideos,Bin round reminder,01/21/2026 02:20 PM GMT,pagewatcher@govdelivery.com,0,0
http://www.govdelivery.com/portals/powered-by,Bin round reminder,01/21/2026 02:20 PM GMT,pagewatcher@govdelivery.com,0,0
https://www.kirklees.gov.uk/binManagement/Grey/20260122/DG11THU,Bin round reminder,01/21/2026 02:20 PM GMT,pagewatcher@govdelivery.com,0,0
https://www.kirklees.gov.uk/beta/your-property-bins-recycling/recycling-items.aspx,Bin round reminder,01/21/2026 02:20 PM GMT,pagewatcher@govdelivery.com,0,0
https://www.instagram.com/kirklees.council,Bin round reminder,01/21/2026 02:20 PM GMT,pagewatcher@govdelivery.com,0,0
https://www.facebook.com/liveinkirklees,Bin round reminder,01/21/2026 02:20 PM GMT,pagewatcher@govdelivery.com,0,0
https://twitter.com/KirkleesCouncil,Bin round reminder,01/21/2026 02:20 PM GMT,pagewatcher@govdelivery.com,0,0
https://public.govdelivery.com/accounts/UKKIRKLEES/subscriber/edit?preferences=true#tab1,Bin round reminder,01/21/2026 02:20 PM GMT,pagewatcher@govdelivery.com,0,0
http://www.kirklees.gov.uk/reminder,Bin round reminder,01/21/2026 02:20 PM GMT,pagewatcher@govdelivery.com,0,0
https://subscriberhelp.govdelivery.com/hc/en-us,Bin round reminder,01/21/2026 02:20 PM GMT,pagewatcher@govdelivery.com,0,0
http://www.kirklees.gov.uk/beta/information-and-data/pdf/privacy-notice-comms-and-marketing.pdf,Bin round reminder,01/21/2026 02:20 PM GMT,pagewatcher@govdelivery.com,0,0
https://www.facebook.com/liveinkirklees,Bin round reminder,01/21/2026 12:00 AM GMT,pagewatcher@govdelivery.com,0,0
https://www.kirklees.gov.uk/binManagement/Grey/20260122/DG18THU,Bin round reminder,01/21/2026 12:00 AM GMT,pagewatcher@govdelivery.com,0,0
https://www.kirklees.gov.uk/beta/your-property-bins-recycling/recycling-items.aspx,Bin round reminder,01/21/2026 12:00 AM GMT,pagewatcher@govdelivery.com,0,0
https://www.instagram.com/kirklees.council,Bin round reminder,01/21/2026 12:00 AM GMT,pagewatcher@govdelivery.com,0,0
https://twitter.com/KirkleesCouncil,Bin round reminder,01/21/2026 12:00 AM GMT,pagewatcher@govdelivery.com,0,0
https://www.youtube.com/user/KirkleesVideos,Bin round reminder,01/21/2026 12:00 AM GMT,pagewatcher@govdelivery.com,0,0
https://public.govdelivery.com/accounts/UKKIRKLEES/subscriber/edit?preferences=true#tab1,Bin round reminder,01/21/2026 12:00 AM GMT,pagewatcher@govdelivery.com,0,0
http://www.kirklees.gov.uk/reminder,Bin round reminder,01/21/2026 12:00 AM GMT,pagewatcher@govdelivery.com,0,0
https://subscriberhelp.govdelivery.com/hc/en-us,Bin round reminder,01/21/2026 12:00 AM GMT,pagewatcher@govdelivery.com,0,0
http://www.kirklees.gov.uk/beta/information-and-data/pdf/privacy-notice-comms-and-marketing.pdf,Bin round reminder,01/21/2026 12:00 AM GMT,pagewatcher@govdelivery.com,0,0
http://www.govdelivery.com/portals/powered-by,Bin round reminder,01/21/2026 12:00 AM GMT,pagewatcher@govdelivery.com,0,0
https://www.facebook.com/liveinkirklees,Bin round reminder,01/21/2026 12:00 AM GMT,pagewatcher@govdelivery.com,0,0
https://www.kirklees.gov.uk/binManagement/Grey/20260122/DG17THU,Bin round reminder,01/21/2026 12:00 AM GMT,pagewatcher@govdelivery.com,0,0
https://www.kirklees.gov.uk/beta/your-property-bins-recycling/recycling-items.aspx,Bin round reminder,01/21/2026 12:00 AM GMT,pagewatcher@govdelivery.com,0,0
https://www.instagram.com/kirklees.council,Bin round reminder,01/21/2026 12:00 AM GMT,pagewatcher@govdelivery.com,0,0
https://twitter.com/KirkleesCouncil,Bin round reminder,01/21/2026 12:00 AM GMT,pagewatcher@govdelivery.com,0,0
https://www.youtube.com/user/KirkleesVideos,Bin round reminder,01/21/2026 12:00 AM GMT,pagewatcher@govdelivery.com,0,0
https://public.govdelivery.com/accounts/UKKIRKLEES/subscriber/edit?preferences=true#tab1,Bin round reminder,01/21/2026 12:00 AM GMT,pagewatcher@govdelivery.com,0,0
http://www.kirklees.gov.uk/reminder,Bin round reminder,01/21/2026 12:00 AM GMT,pagewatcher@govdelivery.com,0,0
https://subscriberhelp.govdelivery.com/hc/en-us,Bin round reminder,01/21/2026 12:00 AM GMT,pagewatcher@govdelivery.com,0,0
http://www.kirklees.gov.uk/beta/information-and-data/pdf/privacy-notice-comms-and-marketing.pdf,Bin round reminder,01/21/2026 12:00 AM GMT,pagewatcher@govdelivery.com,0,0
http://www.govdelivery.com/portals/powered-by,Bin round reminder,01/21/2026 12:00 AM GMT,pagewatcher@govdelivery.com,0,0
https://www.facebook.com/liveinkirklees,Bin round reminder,01/21/2026 03:50 PM GMT,pagewatcher@govdelivery.com,0,0
https://www.kirklees.gov.uk/binManagement/Green/20260122/RG01THU,Bin round reminder,01/21/2026 03:50 PM GMT,pagewatcher@govdelivery.com,0,0
https://www.kirklees.gov.uk/beta/your-property-bins-recycling/recycling-items.aspx,Bin round reminder,01/21/2026 03:50 PM GMT,pagewatcher@govdelivery.com,0,0
https://public.govdelivery.com/accounts/UKKIRKLEES/subscriber/topics?qsp=UKKIRKLEES_7,Bin round reminder,01/21/2026 03:50 PM GMT,pagewatcher@govdelivery.com,0,0
https://www.instagram.com/kirklees.council,Bin round reminder,01/21/2026 03:50 PM GMT,pagewatcher@govdelivery.com,0,0
https://twitter.com/KirkleesCouncil,Bin round reminder,01/21/2026 03:50 PM GMT,pagewatcher@govdelivery.com,0,0
https://www.youtube.com/user/KirkleesVideos,Bin round reminder,01/21/2026 03:50 PM GMT,pagewatcher@govdelivery.com,0,0
https://public.govdelivery.com/accounts/UKKIRKLEES/subscriber/edit?preferences=true#tab1,Bin round reminder,01/21/2026 03:50 PM GMT,pagewatcher@govdelivery.com,0,0
http://www.kirklees.gov.uk/reminder,Bin round reminder,01/21/2026 03:50 PM GMT,pagewatcher@govdelivery.com,0,0
https://subscriberhelp.govdelivery.com/hc/en-us,Bin round reminder,01/21/2026 03:50 PM GMT,pagewatcher@govdelivery.com,0,0
http://www.kirklees.gov.uk/beta/information-and-data/pdf/privacy-notice-comms-and-marketing.pdf,Bin round reminder,01/21/2026 03:50 PM GMT,pagewatcher@govdelivery.com,0,0
http://www.govdelivery.com/portals/powered-by,Bin round reminder,01/21/2026 03:50 PM GMT,pagewatcher@govdelivery.com,0,0
https://www.facebook.com/liveinkirklees,Bin round reminder,01/21/2026 02:50 PM GMT,pagewatcher@govdelivery.com,0,0
https://www.kirklees.gov.uk/binManagement/Grey/20260122/DG10THU,Bin round reminder,01/21/2026 02:50 PM GMT,pagewatcher@govdelivery.com,0,0
https://www.instagram.com/kirklees.council,Bin round reminder,01/21/2026 02:50 PM GMT,pagewatcher@govdelivery.com,0,0
https://twitter.com/KirkleesCouncil,Bin round reminder,01/21/2026 02:50 PM GMT,pagewatcher@govdelivery.com,0,0
https://www.youtube.com/user/KirkleesVideos,Bin round reminder,01/21/2026 02:50 PM GMT,pagewatcher@govdelivery.com,0,0
https://public.govdelivery.com/accounts/UKKIRKLEES/subscriber/edit?preferences=true#tab1,Bin round reminder,01/21/2026 02:50 PM GMT,pagewatcher@govdelivery.com,0,0
http://www.kirklees.gov.uk/reminder,Bin round reminder,01/21/2026 02:50 PM GMT,pagewatcher@govdelivery.com,0,0
https://subscriberhelp.govdelivery.com/hc/en-us,Bin round reminder,01/21/2026 02:50 PM GMT,pagewatcher@govdelivery.com,0,0
http://www.kirklees.gov.uk/beta/information-and-data/pdf/privacy-notice-comms-and-marketing.pdf,Bin round reminder,01/21/2026 02:50 PM GMT,pagewatcher@govdelivery.com,0,0
http://www.govdelivery.com/portals/powered-by,Bin round reminder,01/21/2026 02:50 PM GMT,pagewatcher@govdelivery.com,0,0
https://www.facebook.com/liveinkirklees,Bin round reminder,01/21/2026 02:10 PM GMT,pagewatcher@govdelivery.com,0,0
https://www.instagram.com/kirklees.council,Bin round reminder,01/21/2026 02:10 PM GMT,pagewatcher@govdelivery.com,0,0
https://twitter.com/KirkleesCouncil,Bin round reminder,01/21/2026 02:10 PM GMT,pagewatcher@govdelivery.com,0,0
https://www.youtube.com/user/KirkleesVideos,Bin round reminder,01/21/2026 02:10 PM GMT,pagewatcher@govdelivery.com,0,0
https://public.govdelivery.com/accounts/UKKIRKLEES/subscriber/edit?preferences=true#tab1,Bin round reminder,01/21/2026 02:10 PM GMT,pagewatcher@govdelivery.com,0,0
http://www.kirklees.gov.uk/reminder,Bin round reminder,01/21/2026 02:10 PM GMT,pagewatcher@govdelivery.com,0,0
https://subscriberhelp.govdelivery.com/hc/en-us,Bin round reminder,01/21/2026 02:10 PM GMT,pagewatcher@govdelivery.com,0,0
http://www.kirklees.gov.uk/beta/information-and-data/pdf/privacy-notice-comms-and-marketing.pdf,Bin round reminder,01/21/2026 02:10 PM GMT,pagewatcher@govdelivery.com,0,0
http://www.govdelivery.com/portals/powered-by,Bin round reminder,01/21/2026 02:10 PM GMT,pagewatcher@govdelivery.com,0,0
https://www.kirklees.gov.uk/binManagement/Green/20260122/R36THU,Bin round reminder,01/21/2026 02:10 PM GMT,pagewatcher@govdelivery.com,0,0
https://www.kirklees.gov.uk/beta/your-property-bins-recycling/recycling-items.aspx,Bin round reminder,01/21/2026 02:10 PM GMT,pagewatcher@govdelivery.com,0,0
https://public.govdelivery.com/accounts/UKKIRKLEES/subscriber/topics?qsp=UKKIRKLEES_7,Bin round reminder,01/21/2026 02:10 PM GMT,pagewatcher@govdelivery.com,0,0
https://www.instagram.com/kirklees.council,Bin round reminder,01/21/2026 02:10 PM GMT,pagewatcher@govdelivery.com,0,0
https://www.facebook.com/liveinkirklees,Bin round reminder,01/21/2026 02:10 PM GMT,pagewatcher@govdelivery.com,0,0
https://twitter.com/KirkleesCouncil,Bin round reminder,01/21/2026 02:10 PM GMT,pagewatcher@govdelivery.com,0,0
https://www.youtube.com/user/KirkleesVideos,Bin round reminder,01/21/2026 02:10 PM GMT,pagewatcher@govdelivery.com,0,0
https://public.govdelivery.com/accounts/UKKIRKLEES/subscriber/edit?preferences=true#tab1,Bin round reminder,01/21/2026 02:10 PM GMT,pagewatcher@govdelivery.com,0,0
http://www.kirklees.gov.uk/reminder,Bin round reminder,01/21/2026 02:10 PM GMT,pagewatcher@govdelivery.com,0,0
https://subscriberhelp.govdelivery.com/hc/en-us,Bin round reminder,01/21/2026 02:10 PM GMT,pagewatcher@govdelivery.com,0,0
http://www.kirklees.gov.uk/beta/information-and-data/pdf/privacy-notice-comms-and-marketing.pdf,Bin round reminder,01/21/2026 02:10 PM GMT,pagewatcher@govdelivery.com,0,0
http://www.govdelivery.com/portals/powered-by,Bin round reminder,01/21/2026 02:10 PM GMT,pagewatcher@govdelivery.com,0,0
https://www.instagram.com/kirklees.council,Bin round reminder,01/20/2026 04:00 PM GMT,pagewatcher@govdelivery.com,0,0
https://www.kirklees.gov.uk/binManagement/Green/20260121/RG06WED,Bin round reminder,01/20/2026 04:00 PM GMT,pagewatcher@govdelivery.com,0,0
https://www.kirklees.gov.uk/beta/your-property-bins-recycling/recycling-items.aspx,Bin round reminder,01/20/2026 04:00 PM GMT,pagewatcher@govdelivery.com,0,0
https://public.govdelivery.com/accounts/UKKIRKLEES/subscriber/topics?qsp=UKKIRKLEES_7,Bin round reminder,01/20/2026 04:00 PM GMT,pagewatcher@govdelivery.com,0,0
https://www.facebook.com/liveinkirklees,Bin round reminder,01/20/2026 04:00 PM GMT,pagewatcher@govdelivery.com,0,0
https://twitter.com/KirkleesCouncil,Bin round reminder,01/20/2026 04:00 PM GMT,pagewatcher@govdelivery.com,0,0
https://www.youtube.com/user/KirkleesVideos,Bin round reminder,01/20/2026 04:00 PM GMT,pagewatcher@govdelivery.com,0,0
https://public.govdelivery.com/accounts/UKKIRKLEES/subscriber/edit?preferences=true#tab1,Bin round reminder,01/20/2026 04:00 PM GMT,pagewatcher@govdelivery.com,0,0
http://www.kirklees.gov.uk/reminder,Bin round reminder,01/20/2026 04:00 PM GMT,pagewatcher@govdelivery.com,0,0
https://subscriberhelp.govdelivery.com/hc/en-us,Bin round reminder,01/20/2026 04:00 PM GMT,pagewatcher@govdelivery.com,0,0
http://www.kirklees.gov.uk/beta/information-and-data/pdf/privacy-notice-comms-and-marketing.pdf,Bin round reminder,01/20/2026 04:00 PM GMT,pagewatcher@govdelivery.com,0,0
http://www.govdelivery.com/portals/powered-by,Bin round reminder,01/20/2026 04:00 PM GMT,pagewatcher@govdelivery.com,0,0
https://www.facebook.com/liveinkirklees,Bin round reminder,01/19/2026 02:20 PM GMT,pagewatcher@govdelivery.com,0,0
https://www.kirklees.gov.uk/binManagement/Green/20260120/RG08TUE,Bin round reminder,01/19/2026 02:20 PM GMT,pagewatcher@govdelivery.com,0,0
https://www.kirklees.gov.uk/beta/your-property-bins-recycling/recycling-items.aspx,Bin round reminder,01/19/2026 02:20 PM GMT,pagewatcher@govdelivery.com,0,0
https://public.govdelivery.com/accounts/UKKIRKLEES/subscriber/topics?qsp=UKKIRKLEES_7,Bin round reminder,01/19/2026 02:20 PM GMT,pagewatcher@govdelivery.com,0,0
https://www.instagram.com/kirklees.council,Bin round reminder,01/19/2026 02:20 PM GMT,pagewatcher@govdelivery.com,0,0
https://twitter.com/KirkleesCouncil,Bin round reminder,01/19/2026 02:20 PM GMT,pagewatcher@govdelivery.com,0,0
https://www.youtube.com/user/KirkleesVideos,Bin round reminder,01/19/2026 02:20 PM GMT,pagewatcher@govdelivery.com,0,0
https://public.govdelivery.com/accounts/UKKIRKLEES/subscriber/edit?preferences=true#tab1,Bin round reminder,01/19/2026 02:20 PM GMT,pagewatcher@govdelivery.com,0,0
http://www.kirklees.gov.uk/reminder,Bin round reminder,01/19/2026 02:20 PM GMT,pagewatcher@govdelivery.com,0,0
https://subscriberhelp.govdelivery.com/hc/en-us,Bin round reminder,01/19/2026 02:20 PM GMT,pagewatcher@govdelivery.com,0,0
http://www.kirklees.gov.uk/beta/information-and-data/pdf/privacy-notice-comms-and-marketing.pdf,Bin round reminder,01/19/2026 02:20 PM GMT,pagewatcher@govdelivery.com,0,0
http://www.govdelivery.com/portals/powered-by,Bin round reminder,01/19/2026 02:20 PM GMT,pagewatcher@govdelivery.com,0,0
https://www.facebook.com/liveinkirklees,Bin round reminder,01/14/2026 03:20 PM GMT,pagewatcher@govdelivery.com,0,0
https://www.kirklees.gov.uk/binManagement/Grey/20260115/DG03THU,Bin round reminder,01/14/2026 03:20 PM GMT,pagewatcher@govdelivery.com,0,0
https://www.kirklees.gov.uk/beta/your-property-bins-recycling/recycling-items.aspx,Bin round reminder,01/14/2026 03:20 PM GMT,pagewatcher@govdelivery.com,0,0
https://www.instagram.com/kirklees.council,Bin round reminder,01/14/2026 03:20 PM GMT,pagewatcher@govdelivery.com,0,0
https://twitter.com/KirkleesCouncil,Bin round reminder,01/14/2026 03:20 PM GMT,pagewatcher@govdelivery.com,0,0
https://www.youtube.com/user/KirkleesVideos,Bin round reminder,01/14/2026 03:20 PM GMT,pagewatcher@govdelivery.com,0,0
http://www.kirklees.gov.uk/reminder,Bin round reminder,01/14/2026 03:20 PM GMT,pagewatcher@govdelivery.com,0,0
https://subscriberhelp.govdelivery.com/hc/en-us,Bin round reminder,01/14/2026 03:20 PM GMT,pagewatcher@govdelivery.com,0,0
http://www.kirklees.gov.uk/beta/information-and-data/pdf/privacy-notice-comms-and-marketing.pdf,Bin round reminder,01/14/2026 03:20 PM GMT,pagewatcher@govdelivery.com,0,0
http://www.govdelivery.com/portals/powered-by,Bin round reminder,01/14/2026 03:20 PM GMT,pagewatcher@govdelivery.com,0,0
https://www.instagram.com/kirklees.council,Bin round reminder,01/19/2026 01:00 PM GMT,pagewatcher@govdelivery.com,0,0
https://www.kirklees.gov.uk/binManagement/Green/20260120/RG06TUE,Bin round reminder,01/19/2026 01:00 PM GMT,pagewatcher@govdelivery.com,0,0
https://www.kirklees.gov.uk/beta/your-property-bins-recycling/recycling-items.aspx,Bin round reminder,01/19/2026 01:00 PM GMT,pagewatcher@govdelivery.com,0,0
https://public.govdelivery.com/accounts/UKKIRKLEES/subscriber/topics?qsp=UKKIRKLEES_7,Bin round reminder,01/19/2026 01:00 PM GMT,pagewatcher@govdelivery.com,0,0
https://www.facebook.com/liveinkirklees,Bin round reminder,01/19/2026 01:00 PM GMT,pagewatcher@govdelivery.com,0,0
https://twitter.com/KirkleesCouncil,Bin round reminder,01/19/2026 01:00 PM GMT,pagewatcher@govdelivery.com,0,0
https://www.youtube.com/user/KirkleesVideos,Bin round reminder,01/19/2026 01:00 PM GMT,pagewatcher@govdelivery.com,0,0
https://public.govdelivery.com/accounts/UKKIRKLEES/subscriber/edit?preferences=true#tab1,Bin round reminder,01/19/2026 01:00 PM GMT,pagewatcher@govdelivery.com,0,0
http://www.kirklees.gov.uk/reminder,Bin round reminder,01/19/2026 01:00 PM GMT,pagewatcher@govdelivery.com,0,0
https://subscriberhelp.govdelivery.com/hc/en-us,Bin round reminder,01/19/2026 01:00 PM GMT,pagewatcher@govdelivery.com,0,0
http://www.kirklees.gov.uk/beta/information-and-data/pdf/privacy-notice-comms-and-marketing.pdf,Bin round reminder,01/19/2026 01:00 PM GMT,pagewatcher@govdelivery.com,0,0
http://www.govdelivery.com/portals/powered-by,Bin round reminder,01/19/2026 01:00 PM GMT,pagewatcher@govdelivery.com,0,0
https://www.facebook.com/liveinkirklees,Bin round reminder,01/19/2026 03:20 PM GMT,pagewatcher@govdelivery.com,0,0
https://www.kirklees.gov.uk/binManagement/Grey/20260120/DG14TUE,Bin round reminder,01/19/2026 03:20 PM GMT,pagewatcher@govdelivery.com,0,0
https://www.kirklees.gov.uk/beta/your-property-bins-recycling/recycling-items.aspx,Bin round reminder,01/19/2026 03:20 PM GMT,pagewatcher@govdelivery.com,0,0
https://www.instagram.com/kirklees.council,Bin round reminder,01/19/2026 03:20 PM GMT,pagewatcher@govdelivery.com,0,0
https://twitter.com/KirkleesCouncil,Bin round reminder,01/19/2026 03:20 PM GMT,pagewatcher@govdelivery.com,0,0
https://www.youtube.com/user/KirkleesVideos,Bin round reminder,01/19/2026 03:20 PM GMT,pagewatcher@govdelivery.com,0,0
https://public.govdelivery.com/accounts/UKKIRKLEES/subscriber/edit?preferences=true#tab1,Bin round reminder,01/19/2026 03:20 PM GMT,pagewatcher@govdelivery.com,0,0
http://www.kirklees.gov.uk/reminder,Bin round reminder,01/19/2026 03:20 PM GMT,pagewatcher@govdelivery.com,0,0
https://subscriberhelp.govdelivery.com/hc/en-us,Bin round reminder,01/19/2026 03:20 PM GMT,pagewatcher@govdelivery.com,0,0
http://www.kirklees.gov.uk/beta/information-and-data/pdf/privacy-notice-comms-and-marketing.pdf,Bin round reminder,01/19/2026 03:20 PM GMT,pagewatcher@govdelivery.com,0,0
http://www.govdelivery.com/portals/powered-by,Bin round reminder,01/19/2026 03:20 PM GMT,pagewatcher@govdelivery.com,0,0
https://www.kirklees.gov.uk/binManagement/Green/20260120/R36TUE,Bin round reminder,01/19/2026 03:20 PM GMT,pagewatcher@govdelivery.com,0,0
https://www.kirklees.gov.uk/beta/your-property-bins-recycling/recycling-items.aspx,Bin round reminder,01/19/2026 03:20 PM GMT,pagewatcher@govdelivery.com,0,0
https://public.govdelivery.com/accounts/UKKIRKLEES/subscriber/topics?qsp=UKKIRKLEES_7,Bin round reminder,01/19/2026 03:20 PM GMT,pagewatcher@govdelivery.com,0,0
https://www.instagram.com/kirklees.council,Bin round reminder,01/19/2026 03:20 PM GMT,pagewatcher@govdelivery.com,0,0
https://www.facebook.com/liveinkirklees,Bin round reminder,01/19/2026 03:20 PM GMT,pagewatcher@govdelivery.com,0,0
https://twitter.com/KirkleesCouncil,Bin round reminder,01/19/2026 03:20 PM GMT,pagewatcher@govdelivery.com,0,0
https://www.youtube.com/user/KirkleesVideos,Bin round reminder,01/19/2026 03:20 PM GMT,pagewatcher@govdelivery.com,0,0
https://public.govdelivery.com/accounts/UKKIRKLEES/subscriber/edit?preferences=true#tab1,Bin round reminder,01/19/2026 03:20 PM GMT,pagewatcher@govdelivery.com,0,0
http://www.kirklees.gov.uk/reminder,Bin round reminder,01/19/2026 03:20 PM GMT,pagewatcher@govdelivery.com,0,0
https://subscriberhelp.govdelivery.com/hc/en-us,Bin round reminder,01/19/2026 03:20 PM GMT,pagewatcher@govdelivery.com,0,0
http://www.kirklees.gov.uk/beta/information-and-data/pdf/privacy-notice-comms-and-marketing.pdf,Bin round reminder,01/19/2026 03:20 PM GMT,pagewatcher@govdelivery.com,0,0
http://www.govdelivery.com/portals/powered-by,Bin round reminder,01/19/2026 03:20 PM GMT,pagewatcher@govdelivery.com,0,0
https://www.instagram.com/kirklees.council,Bin round reminder,01/20/2026 02:30 PM GMT,pagewatcher@govdelivery.com,0,0
https://www.kirklees.gov.uk/binManagement/Green/20260121/R35WED,Bin round reminder,01/20/2026 02:30 PM GMT,pagewatcher@govdelivery.com,0,0
https://www.kirklees.gov.uk/beta/your-property-bins-recycling/recycling-items.aspx,Bin round reminder,01/20/2026 02:30 PM GMT,pagewatcher@govdelivery.com,0,0
https://public.govdelivery.com/accounts/UKKIRKLEES/subscriber/topics?qsp=UKKIRKLEES_7,Bin round reminder,01/20/2026 02:30 PM GMT,pagewatcher@govdelivery.com,0,0
https://www.facebook.com/liveinkirklees,Bin round reminder,01/20/2026 02:30 PM GMT,pagewatcher@govdelivery.com,0,0
https://twitter.com/KirkleesCouncil,Bin round reminder,01/20/2026 02:30 PM GMT,pagewatcher@govdelivery.com,0,0
https://www.youtube.com/user/KirkleesVideos,Bin round reminder,01/20/2026 02:30 PM GMT,pagewatcher@govdelivery.com,0,0
https://public.govdelivery.com/accounts/UKKIRKLEES/subscriber/edit?preferences=true#tab1,Bin round reminder,01/20/2026 02:30 PM GMT,pagewatcher@govdelivery.com,0,0
http://www.kirklees.gov.uk/reminder,Bin round reminder,01/20/2026 02:30 PM GMT,pagewatcher@govdelivery.com,0,0
https://subscriberhelp.govdelivery.com/hc/en-us,Bin round reminder,01/20/2026 02:30 PM GMT,pagewatcher@govdelivery.com,0,0
http://www.kirklees.gov.uk/beta/information-and-data/pdf/privacy-notice-comms-and-marketing.pdf,Bin round reminder,01/20/2026 02:30 PM GMT,pagewatcher@govdelivery.com,0,0
http://www.govdelivery.com/portals/powered-by,Bin round reminder,01/20/2026 02:30 PM GMT,pagewatcher@govdelivery.com,0,0
https://www.facebook.com/liveinkirklees,Bin round reminder,01/20/2026 02:30 PM GMT,pagewatcher@govdelivery.com,0,0
https://www.kirklees.gov.uk/beta/your-property-bins-recycling/recycling-items.aspx,Bin round reminder,01/20/2026 02:30 PM GMT,pagewatcher@govdelivery.com,0,0
https://www.instagram.com/kirklees.council,Bin round reminder,01/20/2026 02:30 PM GMT,pagewatcher@govdelivery.com,0,0
https://twitter.com/KirkleesCouncil,Bin round reminder,01/20/2026 02:30 PM GMT,pagewatcher@govdelivery.com,0,0
https://www.youtube.com/user/KirkleesVideos,Bin round reminder,01/20/2026 02:30 PM GMT,pagewatcher@govdelivery.com,0,0
https://public.govdelivery.com/accounts/UKKIRKLEES/subscriber/edit?preferences=true#tab1,Bin round reminder,01/20/2026 02:30 PM GMT,pagewatcher@govdelivery.com,0,0
http://www.kirklees.gov.uk/reminder,Bin round reminder,01/20/2026 02:30 PM GMT,pagewatcher@govdelivery.com,0,0
https://subscriberhelp.govdelivery.com/hc/en-us,Bin round reminder,01/20/2026 02:30 PM GMT,pagewatcher@govdelivery.com,0,0
http://www.kirklees.gov.uk/beta/information-and-data/pdf/privacy-notice-comms-and-marketing.pdf,Bin round reminder,01/20/2026 02:30 PM GMT,pagewatcher@govdelivery.com,0,0
http://www.govdelivery.com/portals/powered-by,Bin round reminder,01/20/2026 02:30 PM GMT,pagewatcher@govdelivery.com,0,0
https://www.facebook.com/liveinkirklees,Bin round reminder,01/20/2026 02:30 PM GMT,pagewatcher@govdelivery.com,0,0
https://www.kirklees.gov.uk/binManagement/Grey/20260121/DG13WED,Bin round reminder,01/20/2026 02:30 PM GMT,pagewatcher@govdelivery.com,0,0
https://www.kirklees.gov.uk/beta/your-property-bins-recycling/recycling-items.aspx,Bin round reminder,01/20/2026 02:30 PM GMT,pagewatcher@govdelivery.com,0,0
https://www.instagram.com/kirklees.council,Bin round reminder,01/20/2026 02:30 PM GMT,pagewatcher@govdelivery.com,0,0
https://twitter.com/KirkleesCouncil,Bin round reminder,01/20/2026 02:30 PM GMT,pagewatcher@govdelivery.com,0,0
https://www.youtube.com/user/KirkleesVideos,Bin round reminder,01/20/2026 02:30 PM GMT,pagewatcher@govdelivery.com,0,0
https://public.govdelivery.com/accounts/UKKIRKLEES/subscriber/edit?preferences=true#tab1,Bin round reminder,01/20/2026 02:30 PM GMT,pagewatcher@govdelivery.com,0,0
http://www.kirklees.gov.uk/reminder,Bin round reminder,01/20/2026 02:30 PM GMT,pagewatcher@govdelivery.com,0,0
https://subscriberhelp.govdelivery.com/hc/en-us,Bin round reminder,01/20/2026 02:30 PM GMT,pagewatcher@govdelivery.com,0,0
http://www.kirklees.gov.uk/beta/information-and-data/pdf/privacy-notice-comms-and-marketing.pdf,Bin round reminder,01/20/2026 02:30 PM GMT,pagewatcher@govdelivery.com,0,0
http://www.govdelivery.com/portals/powered-by,Bin round reminder,01/20/2026 02:30 PM GMT,pagewatcher@govdelivery.com,0,0
https://www.facebook.com/liveinkirklees,Bin round reminder,01/20/2026 02:40 PM GMT,pagewatcher@govdelivery.com,0,0
https://www.kirklees.gov.uk/binManagement/Grey/20260121/D33WED,Bin round reminder,01/20/2026 02:40 PM GMT,pagewatcher@govdelivery.com,0,0
https://www.kirklees.gov.uk/beta/your-property-bins-recycling/recycling-items.aspx,Bin round reminder,01/20/2026 02:40 PM GMT,pagewatcher@govdelivery.com,0,0
https://www.instagram.com/kirklees.council,Bin round reminder,01/20/2026 02:40 PM GMT,pagewatcher@govdelivery.com,0,0
https://twitter.com/KirkleesCouncil,Bin round reminder,01/20/2026 02:40 PM GMT,pagewatcher@govdelivery.com,0,0
https://www.youtube.com/user/KirkleesVideos,Bin round reminder,01/20/2026 02:40 PM GMT,pagewatcher@govdelivery.com,0,0
https://public.govdelivery.com/accounts/UKKIRKLEES/subscriber/edit?preferences=true#tab1,Bin round reminder,01/20/2026 02:40 PM GMT,pagewatcher@govdelivery.com,0,0
http://www.kirklees.gov.uk/reminder,Bin round reminder,01/20/2026 02:40 PM GMT,pagewatcher@govdelivery.com,0,0
https://subscriberhelp.govdelivery.com/hc/en-us,Bin round reminder,01/20/2026 02:40 PM GMT,pagewatcher@govdelivery.com,0,0
http://www.kirklees.gov.uk/beta/information-and-data/pdf/privacy-notice-comms-and-marketing.pdf,Bin round reminder,01/20/2026 02:40 PM GMT,pagewatcher@govdelivery.com,0,0
http://www.govdelivery.com/portals/powered-by,Bin round reminder,01/20/2026 02:40 PM GMT,pagewatcher@govdelivery.com,0,0
https://www.facebook.com/liveinkirklees,Bin round reminder,01/20/2026 02:40 PM GMT,pagewatcher@govdelivery.com,0,0
https://www.kirklees.gov.uk/beta/your-property-bins-recycling/recycling-items.aspx,Bin round reminder,01/20/2026 02:40 PM GMT,pagewatcher@govdelivery.com,0,0
https://www.instagram.com/kirklees.council,Bin round reminder,01/20/2026 02:40 PM GMT,pagewatcher@govdelivery.com,0,0
https://twitter.com/KirkleesCouncil,Bin round reminder,01/20/2026 02:40 PM GMT,pagewatcher@govdelivery.com,0,0
https://www.youtube.com/user/KirkleesVideos,Bin round reminder,01/20/2026 02:40 PM GMT,pagewatcher@govdelivery.com,0,0
https://public.govdelivery.com/accounts/UKKIRKLEES/subscriber/edit?preferences=true#tab1,Bin round reminder,01/20/2026 02:40 PM GMT,pagewatcher@govdelivery.com,0,0
http://www.kirklees.gov.uk/reminder,Bin round reminder,01/20/2026 02:40 PM GMT,pagewatcher@govdelivery.com,0,0
https://subscriberhelp.govdelivery.com/hc/en-us,Bin round reminder,01/20/2026 02:40 PM GMT,pagewatcher@govdelivery.com,0,0
http://www.kirklees.gov.uk/beta/information-and-data/pdf/privacy-notice-comms-and-marketing.pdf,Bin round reminder,01/20/2026 02:40 PM GMT,pagewatcher@govdelivery.com,0,0
http://www.govdelivery.com/portals/powered-by,Bin round reminder,01/20/2026 02:40 PM GMT,pagewatcher@govdelivery.com,0,0
https://www.instagram.com/kirklees.council,Bin round reminder,01/19/2026 02:30 PM GMT,pagewatcher@govdelivery.com,0,0
https://www.kirklees.gov.uk/beta/your-property-bins-recycling/recycling-items.aspx,Bin round reminder,01/19/2026 02:30 PM GMT,pagewatcher@govdelivery.com,0,0
https://public.govdelivery.com/accounts/UKKIRKLEES/subscriber/topics?qsp=UKKIRKLEES_7,Bin round reminder,01/19/2026 02:30 PM GMT,pagewatcher@govdelivery.com,0,0
https://www.facebook.com/liveinkirklees,Bin round reminder,01/19/2026 02:30 PM GMT,pagewatcher@govdelivery.com,0,0
https://twitter.com/KirkleesCouncil,Bin round reminder,01/19/2026 02:30 PM GMT,pagewatcher@govdelivery.com,0,0
https://www.youtube.com/user/KirkleesVideos,Bin round reminder,01/19/2026 02:30 PM GMT,pagewatcher@govdelivery.com,0,0
https://public.govdelivery.com/accounts/UKKIRKLEES/subscriber/edit?preferences=true#tab1,Bin round reminder,01/19/2026 02:30 PM GMT,pagewatcher@govdelivery.com,0,0
http://www.kirklees.gov.uk/reminder,Bin round reminder,01/19/2026 02:30 PM GMT,pagewatcher@govdelivery.com,0,0
https://subscriberhelp.govdelivery.com/hc/en-us,Bin round reminder,01/19/2026 02:30 PM GMT,pagewatcher@govdelivery.com,0,0
http://www.kirklees.gov.uk/beta/information-and-data/pdf/privacy-notice-comms-and-marketing.pdf,Bin round reminder,01/19/2026 02:30 PM GMT,pagewatcher@govdelivery.com,0,0
http://www.govdelivery.com/portals/powered-by,Bin round reminder,01/19/2026 02:30 PM GMT,pagewatcher@govdelivery.com,0,0
https://www.facebook.com/liveinkirklees,Bin round reminder,01/19/2026 02:40 PM GMT,pagewatcher@govdelivery.com,0,0
https://www.kirklees.gov.uk/binManagement/Grey/20260120/DG16TUE,Bin round reminder,01/19/2026 02:40 PM GMT,pagewatcher@govdelivery.com,0,0
https://www.kirklees.gov.uk/beta/your-property-bins-recycling/recycling-items.aspx,Bin round reminder,01/19/2026 02:40 PM GMT,pagewatcher@govdelivery.com,0,0
https://www.instagram.com/kirklees.council,Bin round reminder,01/19/2026 02:40 PM GMT,pagewatcher@govdelivery.com,0,0
https://twitter.com/KirkleesCouncil,Bin round reminder,01/19/2026 02:40 PM GMT,pagewatcher@govdelivery.com,0,0
https://www.youtube.com/user/KirkleesVideos,Bin round reminder,01/19/2026 02:40 PM GMT,pagewatcher@govdelivery.com,0,0
https://public.govdelivery.com/accounts/UKKIRKLEES/subscriber/edit?preferences=true#tab1,Bin round reminder,01/19/2026 02:40 PM GMT,pagewatcher@govdelivery.com,0,0
http://www.kirklees.gov.uk/reminder,Bin round reminder,01/19/2026 02:40 PM GMT,pagewatcher@govdelivery.com,0,0
https://subscriberhelp.govdelivery.com/hc/en-us,Bin round reminder,01/19/2026 02:40 PM GMT,pagewatcher@govdelivery.com,0,0
http://www.kirklees.gov.uk/beta/information-and-data/pdf/privacy-notice-comms-and-marketing.pdf,Bin round reminder,01/19/2026 02:40 PM GMT,pagewatcher@govdelivery.com,0,0
http://www.govdelivery.com/portals/powered-by,Bin round reminder,01/19/2026 02:40 PM GMT,pagewatcher@govdelivery.com,0,0
https://www.instagram.com/kirklees.council,Bin round reminder,01/19/2026 04:20 PM GMT,pagewatcher@govdelivery.com,0,0
https://www.kirklees.gov.uk/binManagement/Green/20260120/RG04TUE,Bin round reminder,01/19/2026 04:20 PM GMT,pagewatcher@govdelivery.com,0,0
https://www.kirklees.gov.uk/beta/your-property-bins-recycling/recycling-items.aspx,Bin round reminder,01/19/2026 04:20 PM GMT,pagewatcher@govdelivery.com,0,0
https://public.govdelivery.com/accounts/UKKIRKLEES/subscriber/topics?qsp=UKKIRKLEES_7,Bin round reminder,01/19/2026 04:20 PM GMT,pagewatcher@govdelivery.com,0,0
https://www.facebook.com/liveinkirklees,Bin round reminder,01/19/2026 04:20 PM GMT,pagewatcher@govdelivery.com,0,0
https://twitter.com/KirkleesCouncil,Bin round reminder,01/19/2026 04:20 PM GMT,pagewatcher@govdelivery.com,0,0
https://www.youtube.com/user/KirkleesVideos,Bin round reminder,01/19/2026 04:20 PM GMT,pagewatcher@govdelivery.com,0,0
https://public.govdelivery.com/accounts/UKKIRKLEES/subscriber/edit?preferences=true#tab1,Bin round reminder,01/19/2026 04:20 PM GMT,pagewatcher@govdelivery.com,0,0
http://www.kirklees.gov.uk/reminder,Bin round reminder,01/19/2026 04:20 PM GMT,pagewatcher@govdelivery.com,0,0
https://subscriberhelp.govdelivery.com/hc/en-us,Bin round reminder,01/19/2026 04:20 PM GMT,pagewatcher@govdelivery.com,0,0
http://www.kirklees.gov.uk/beta/information-and-data/pdf/privacy-notice-comms-and-marketing.pdf,Bin round reminder,01/19/2026 04:20 PM GMT,pagewatcher@govdelivery.com,0,0
http://www.govdelivery.com/portals/powered-by,Bin round reminder,01/19/2026 04:20 PM GMT,pagewatcher@govdelivery.com,0,0
https://www.kirklees.gov.uk/binManagement/Green/20260120/R37TUE,Bin round reminder,01/19/2026 04:20 PM GMT,pagewatcher@govdelivery.com,0,0
https://www.kirklees.gov.uk/beta/your-property-bins-recycling/recycling-items.aspx,Bin round reminder,01/19/2026 04:20 PM GMT,pagewatcher@govdelivery.com,0,0
https://public.govdelivery.com/accounts/UKKIRKLEES/subscriber/topics?qsp=UKKIRKLEES_7,Bin round reminder,01/19/2026 04:20 PM GMT,pagewatcher@govdelivery.com,0,0
https://www.instagram.com/kirklees.council,Bin round reminder,01/19/2026 04:20 PM GMT,pagewatcher@govdelivery.com,0,0
https://www.facebook.com/liveinkirklees,Bin round reminder,01/19/2026 04:20 PM GMT,pagewatcher@govdelivery.com,0,0
https://twitter.com/KirkleesCouncil,Bin round reminder,01/19/2026 04:20 PM GMT,pagewatcher@govdelivery.com,0,0
https://www.youtube.com/user/KirkleesVideos,Bin round reminder,01/19/2026 04:20 PM GMT,pagewatcher@govdelivery.com,0,0
https://public.govdelivery.com/accounts/UKKIRKLEES/subscriber/edit?preferences=true#tab1,Bin round reminder,01/19/2026 04:20 PM GMT,pagewatcher@govdelivery.com,0,0
http://www.kirklees.gov.uk/reminder,Bin round reminder,01/19/2026 04:20 PM GMT,pagewatcher@govdelivery.com,0,0
https://subscriberhelp.govdelivery.com/hc/en-us,Bin round reminder,01/19/2026 04:20 PM GMT,pagewatcher@govdelivery.com,0,0
http://www.kirklees.gov.uk/beta/information-and-data/pdf/privacy-notice-comms-and-marketing.pdf,Bin round reminder,01/19/2026 04:20 PM GMT,pagewatcher@govdelivery.com,0,0
http://www.govdelivery.com/portals/powered-by,Bin round reminder,01/19/2026 04:20 PM GMT,pagewatcher@govdelivery.com,0,0
https://www.facebook.com/liveinkirklees,Bin round reminder,01/19/2026 03:10 PM GMT,pagewatcher@govdelivery.com,0,0
https://www.kirklees.gov.uk/beta/your-property-bins-recycling/recycling-items.aspx,Bin round reminder,01/19/2026 03:10 PM GMT,pagewatcher@govdelivery.com,0,0
https://www.instagram.com/kirklees.council,Bin round reminder,01/19/2026 03:10 PM GMT,pagewatcher@govdelivery.com,0,0
https://twitter.com/KirkleesCouncil,Bin round reminder,01/19/2026 03:10 PM GMT,pagewatcher@govdelivery.com,0,0
https://www.youtube.com/user/KirkleesVideos,Bin round reminder,01/19/2026 03:10 PM GMT,pagewatcher@govdelivery.com,0,0
https://public.govdelivery.com/accounts/UKKIRKLEES/subscriber/edit?preferences=true#tab1,Bin round reminder,01/19/2026 03:10 PM GMT,pagewatcher@govdelivery.com,0,0
http://www.kirklees.gov.uk/reminder,Bin round reminder,01/19/2026 03:10 PM GMT,pagewatcher@govdelivery.com,0,0
https://subscriberhelp.govdelivery.com/hc/en-us,Bin round reminder,01/19/2026 03:10 PM GMT,pagewatcher@govdelivery.com,0,0
http://www.kirklees.gov.uk/beta/information-and-data/pdf/privacy-notice-comms-and-marketing.pdf,Bin round reminder,01/19/2026 03:10 PM GMT,pagewatcher@govdelivery.com,0,0
http://www.govdelivery.com/portals/powered-by,Bin round reminder,01/19/2026 03:10 PM GMT,pagewatcher@govdelivery.com,0,0
https://www.kirklees.gov.uk/binManagement/Green/20260120/RG01TUE,Bin round reminder,01/19/2026 03:10 PM GMT,pagewatcher@govdelivery.com,0,0
https://www.kirklees.gov.uk/beta/your-property-bins-recycling/recycling-items.aspx,Bin round reminder,01/19/2026 03:10 PM GMT,pagewatcher@govdelivery.com,0,0
https://public.govdelivery.com/accounts/UKKIRKLEES/subscriber/topics?qsp=UKKIRKLEES_7,Bin round reminder,01/19/2026 03:10 PM GMT,pagewatcher@govdelivery.com,0,0
https://www.instagram.com/kirklees.council,Bin round reminder,01/19/2026 03:10 PM GMT,pagewatcher@govdelivery.com,0,0
https://www.facebook.com/liveinkirklees,Bin round reminder,01/19/2026 03:10 PM GMT,pagewatcher@govdelivery.com,0,0
https://twitter.com/KirkleesCouncil,Bin round reminder,01/19/2026 03:10 PM GMT,pagewatcher@govdelivery.com,0,0
https://www.youtube.com/user/KirkleesVideos,Bin round reminder,01/19/2026 03:10 PM GMT,pagewatcher@govdelivery.com,0,0
http://www.kirklees.gov.uk/beta/information-and-data/pdf/privacy-notice-comms-and-marketing.pdf,Bin round reminder,01/19/2026 03:10 PM GMT,pagewatcher@govdelivery.com,0,0
https://public.govdelivery.com/accounts/UKKIRKLEES/subscriber/edit?preferences=true#tab1,Bin round reminder,01/19/2026 03:10 PM GMT,pagewatcher@govdelivery.com,0,0
http://www.kirklees.gov.uk/reminder,Bin round reminder,01/19/2026 03:10 PM GMT,pagewatcher@govdelivery.com,0,0
https://subscriberhelp.govdelivery.com/hc/en-us,Bin round reminder,01/19/2026 03:10 PM GMT,pagewatcher@govdelivery.com,0,0
http://www.govdelivery.com/portals/powered-by,Bin round reminder,01/19/2026 03:10 PM GMT,pagewatcher@govdelivery.com,0,0
https://www.instagram.com/kirklees.council,Bin round reminder,01/20/2026 02:10 PM GMT,pagewatcher@govdelivery.com,0,0
https://www.kirklees.gov.uk/binManagement/Green/20260121/RG07WED,Bin round reminder,01/20/2026 02:10 PM GMT,pagewatcher@govdelivery.com,0,0
https://www.kirklees.gov.uk/beta/your-property-bins-recycling/recycling-items.aspx,Bin round reminder,01/20/2026 02:10 PM GMT,pagewatcher@govdelivery.com,0,0
https://public.govdelivery.com/accounts/UKKIRKLEES/subscriber/topics?qsp=UKKIRKLEES_7,Bin round reminder,01/20/2026 02:10 PM GMT,pagewatcher@govdelivery.com,0,0
https://www.facebook.com/liveinkirklees,Bin round reminder,01/20/2026 02:10 PM GMT,pagewatcher@govdelivery.com,0,0
https://twitter.com/KirkleesCouncil,Bin round reminder,01/20/2026 02:10 PM GMT,pagewatcher@govdelivery.com,0,0
https://www.youtube.com/user/KirkleesVideos,Bin round reminder,01/20/2026 02:10 PM GMT,pagewatcher@govdelivery.com,0,0
https://public.govdelivery.com/accounts/UKKIRKLEES/subscriber/edit?preferences=true#tab1,Bin round reminder,01/20/2026 02:10 PM GMT,pagewatcher@govdelivery.com,0,0
http://www.kirklees.gov.uk/reminder,Bin round reminder,01/20/2026 02:10 PM GMT,pagewatcher@govdelivery.com,0,0
https://subscriberhelp.govdelivery.com/hc/en-us,Bin round reminder,01/20/2026 02:10 PM GMT,pagewatcher@govdelivery.com,0,0
http://www.kirklees.gov.uk/beta/information-and-data/pdf/privacy-notice-comms-and-marketing.pdf,Bin round reminder,01/20/2026 02:10 PM GMT,pagewatcher@govdelivery.com,0,0
http://www.govdelivery.com/portals/powered-by,Bin round reminder,01/20/2026 02:10 PM GMT,pagewatcher@govdelivery.com,0,0
https://www.instagram.com/kirklees.council,Bin round reminder,01/20/2026 02:20 PM GMT,pagewatcher@govdelivery.com,0,0
https://www.kirklees.gov.uk/binManagement/Green/20260121/RG04WED,Bin round reminder,01/20/2026 02:20 PM GMT,pagewatcher@govdelivery.com,0,0
https://www.kirklees.gov.uk/beta/your-property-bins-recycling/recycling-items.aspx,Bin round reminder,01/20/2026 02:20 PM GMT,pagewatcher@govdelivery.com,0,0
https://public.govdelivery.com/accounts/UKKIRKLEES/subscriber/topics?qsp=UKKIRKLEES_7,Bin round reminder,01/20/2026 02:20 PM GMT,pagewatcher@govdelivery.com,0,0
https://www.facebook.com/liveinkirklees,Bin round reminder,01/20/2026 02:20 PM GMT,pagewatcher@govdelivery.com,0,0
https://twitter.com/KirkleesCouncil,Bin round reminder,01/20/2026 02:20 PM GMT,pagewatcher@govdelivery.com,0,0
https://www.youtube.com/user/KirkleesVideos,Bin round reminder,01/20/2026 02:20 PM GMT,pagewatcher@govdelivery.com,0,0
https://public.govdelivery.com/accounts/UKKIRKLEES/subscriber/edit?preferences=true#tab1,Bin round reminder,01/20/2026 02:20 PM GMT,pagewatcher@govdelivery.com,0,0
http://www.kirklees.gov.uk/reminder,Bin round reminder,01/20/2026 02:20 PM GMT,pagewatcher@govdelivery.com,0,0
https://subscriberhelp.govdelivery.com/hc/en-us,Bin round reminder,01/20/2026 02:20 PM GMT,pagewatcher@govdelivery.com,0,0
http://www.kirklees.gov.uk/beta/information-and-data/pdf/privacy-notice-comms-and-marketing.pdf,Bin round reminder,01/20/2026 02:20 PM GMT,pagewatcher@govdelivery.com,0,0
http://www.govdelivery.com/portals/powered-by,Bin round reminder,01/20/2026 02:20 PM GMT,pagewatcher@govdelivery.com,0,0
https://www.kirklees.gov.uk/binManagement/Green/20260121/R37WED,Bin round reminder,01/20/2026 02:20 PM GMT,pagewatcher@govdelivery.com,0,0
https://www.kirklees.gov.uk/beta/your-property-bins-recycling/recycling-items.aspx,Bin round reminder,01/20/2026 02:20 PM GMT,pagewatcher@govdelivery.com,0,0
https://public.govdelivery.com/accounts/UKKIRKLEES/subscriber/topics?qsp=UKKIRKLEES_7,Bin round reminder,01/20/2026 02:20 PM GMT,pagewatcher@govdelivery.com,0,0
https://public.govdelivery.com/accounts/UKKIRKLEES/subscriber/edit?preferences=true#tab1,Bin round reminder,01/20/2026 02:20 PM GMT,pagewatcher@govdelivery.com,0,0
https://www.instagram.com/kirklees.council,Bin round reminder,01/20/2026 02:20 PM GMT,pagewatcher@govdelivery.com,0,0
https://www.facebook.com/liveinkirklees,Bin round reminder,01/20/2026 02:20 PM GMT,pagewatcher@govdelivery.com,0,0
https://twitter.com/KirkleesCouncil,Bin round reminder,01/20/2026 02:20 PM GMT,pagewatcher@govdelivery.com,0,0
https://www.youtube.com/user/KirkleesVideos,Bin round reminder,01/20/2026 02:20 PM GMT,pagewatcher@govdelivery.com,0,0
http://www.kirklees.gov.uk/reminder,Bin round reminder,01/20/2026 02:20 PM GMT,pagewatcher@govdelivery.com,0,0
https://subscriberhelp.govdelivery.com/hc/en-us,Bin round reminder,01/20/2026 02:20 PM GMT,pagewatcher@govdelivery.com,0,0
http://www.kirklees.gov.uk/beta/information-and-data/pdf/privacy-notice-comms-and-marketing.pdf,Bin round reminder,01/20/2026 02:20 PM GMT,pagewatcher@govdelivery.com,0,0
http://www.govdelivery.com/portals/powered-by,Bin round reminder,01/20/2026 02:20 PM GMT,pagewatcher@govdelivery.com,0,0
https://www.instagram.com/kirklees.council,Bin round reminder,01/19/2026 02:10 PM GMT,pagewatcher@govdelivery.com,0,0
https://www.kirklees.gov.uk/binManagement/Green/20260120/R38TUE,Bin round reminder,01/19/2026 02:10 PM GMT,pagewatcher@govdelivery.com,0,0
https://www.kirklees.gov.uk/beta/your-property-bins-recycling/recycling-items.aspx,Bin round reminder,01/19/2026 02:10 PM GMT,pagewatcher@govdelivery.com,0,0
https://public.govdelivery.com/accounts/UKKIRKLEES/subscriber/topics?qsp=UKKIRKLEES_7,Bin round reminder,01/19/2026 02:10 PM GMT,pagewatcher@govdelivery.com,0,0
https://www.facebook.com/liveinkirklees,Bin round reminder,01/19/2026 02:10 PM GMT,pagewatcher@govdelivery.com,0,0
https://twitter.com/KirkleesCouncil,Bin round reminder,01/19/2026 02:10 PM GMT,pagewatcher@govdelivery.com,0,0
https://www.youtube.com/user/KirkleesVideos,Bin round reminder,01/19/2026 02:10 PM GMT,pagewatcher@govdelivery.com,0,0
https://public.govdelivery.com/accounts/UKKIRKLEES/subscriber/edit?preferences=true#tab1,Bin round reminder,01/19/2026 02:10 PM GMT,pagewatcher@govdelivery.com,0,0
http://www.kirklees.gov.uk/reminder,Bin round reminder,01/19/2026 02:10 PM GMT,pagewatcher@govdelivery.com,0,0
https://subscriberhelp.govdelivery.com/hc/en-us,Bin round reminder,01/19/2026 02:10 PM GMT,pagewatcher@govdelivery.com,0,0
http://www.kirklees.gov.uk/beta/information-and-data/pdf/privacy-notice-comms-and-marketing.pdf,Bin round reminder,01/19/2026 02:10 PM GMT,pagewatcher@govdelivery.com,0,0
http://www.govdelivery.com/portals/powered-by,Bin round reminder,01/19/2026 02:10 PM GMT,pagewatcher@govdelivery.com,0,0
https://www.kirklees.gov.uk/binManagement/Grey/20260120/DG10TUE,Bin round reminder,01/19/2026 02:10 PM GMT,pagewatcher@govdelivery.com,0,0
https://www.kirklees.gov.uk/beta/your-property-bins-recycling/recycling-items.aspx,Bin round reminder,01/19/2026 02:10 PM GMT,pagewatcher@govdelivery.com,0,0
https://www.instagram.com/kirklees.council,Bin round reminder,01/19/2026 02:10 PM GMT,pagewatcher@govdelivery.com,0,0
https://www.facebook.com/liveinkirklees,Bin round reminder,01/19/2026 02:10 PM GMT,pagewatcher@govdelivery.com,0,0
https://twitter.com/KirkleesCouncil,Bin round reminder,01/19/2026 02:10 PM GMT,pagewatcher@govdelivery.com,0,0
https://www.youtube.com/user/KirkleesVideos,Bin round reminder,01/19/2026 02:10 PM GMT,pagewatcher@govdelivery.com,0,0
https://public.govdelivery.com/accounts/UKKIRKLEES/subscriber/edit?preferences=true#tab1,Bin round reminder,01/19/2026 02:10 PM GMT,pagewatcher@govdelivery.com,0,0
http://www.kirklees.gov.uk/reminder,Bin round reminder,01/19/2026 02:10 PM GMT,pagewatcher@govdelivery.com,0,0
https://subscriberhelp.govdelivery.com/hc/en-us,Bin round reminder,01/19/2026 02:10 PM GMT,pagewatcher@govdelivery.com,0,0
http://www.kirklees.gov.uk/beta/information-and-data/pdf/privacy-notice-comms-and-marketing.pdf,Bin round reminder,01/19/2026 02:10 PM GMT,pagewatcher@govdelivery.com,0,0
http://www.govdelivery.com/portals/powered-by,Bin round reminder,01/19/2026 02:10 PM GMT,pagewatcher@govdelivery.com,0,0
https://www.instagram.com/kirklees.council,Bin round reminder,01/19/2026 02:10 PM GMT,pagewatcher@govdelivery.com,0,0
https://www.kirklees.gov.uk/binManagement/Green/20260120/R32TUE,Bin round reminder,01/19/2026 02:10 PM GMT,pagewatcher@govdelivery.com,0,0
https://www.kirklees.gov.uk/beta/your-property-bins-recycling/recycling-items.aspx,Bin round reminder,01/19/2026 02:10 PM GMT,pagewatcher@govdelivery.com,0,0
https://public.govdelivery.com/accounts/UKKIRKLEES/subscriber/topics?qsp=UKKIRKLEES_7,Bin round reminder,01/19/2026 02:10 PM GMT,pagewatcher@govdelivery.com,0,0
https://www.facebook.com/liveinkirklees,Bin round reminder,01/19/2026 02:10 PM GMT,pagewatcher@govdelivery.com,0,0
https://twitter.com/KirkleesCouncil,Bin round reminder,01/19/2026 02:10 PM GMT,pagewatcher@govdelivery.com,0,0
https://www.youtube.com/user/KirkleesVideos,Bin round reminder,01/19/2026 02:10 PM GMT,pagewatcher@govdelivery.com,0,0
https://public.govdelivery.com/accounts/UKKIRKLEES/subscriber/edit?preferences=true#tab1,Bin round reminder,01/19/2026 02:10 PM GMT,pagewatcher@govdelivery.com,0,0
http://www.kirklees.gov.uk/reminder,Bin round reminder,01/19/2026 02:10 PM GMT,pagewatcher@govdelivery.com,0,0
https://subscriberhelp.govdelivery.com/hc/en-us,Bin round reminder,01/19/2026 02:10 PM GMT,pagewatcher@govdelivery.com,0,0
http://www.kirklees.gov.uk/beta/information-and-data/pdf/privacy-notice-comms-and-marketing.pdf,Bin round reminder,01/19/2026 02:10 PM GMT,pagewatcher@govdelivery.com,0,0
http://www.govdelivery.com/portals/powered-by,Bin round reminder,01/19/2026 02:10 PM GMT,pagewatcher@govdelivery.com,0,0
https://www.instagram.com/kirklees.council,Bin round reminder,01/19/2026 03:30 PM GMT,pagewatcher@govdelivery.com,0,0
https://www.kirklees.gov.uk/beta/your-property-bins-recycling/recycling-items.aspx,Bin round reminder,01/19/2026 03:30 PM GMT,pagewatcher@govdelivery.com,0,0
https://public.govdelivery.com/accounts/UKKIRKLEES/subscriber/topics?qsp=UKKIRKLEES_7,Bin round reminder,01/19/2026 03:30 PM GMT,pagewatcher@govdelivery.com,0,0
https://www.facebook.com/liveinkirklees,Bin round reminder,01/19/2026 03:30 PM GMT,pagewatcher@govdelivery.com,0,0
https://twitter.com/KirkleesCouncil,Bin round reminder,01/19/2026 03:30 PM GMT,pagewatcher@govdelivery.com,0,0
https://www.youtube.com/user/KirkleesVideos,Bin round reminder,01/19/2026 03:30 PM GMT,pagewatcher@govdelivery.com,0,0
https://public.govdelivery.com/accounts/UKKIRKLEES/subscriber/edit?preferences=true#tab1,Bin round reminder,01/19/2026 03:30 PM GMT,pagewatcher@govdelivery.com,0,0
http://www.kirklees.gov.uk/reminder,Bin round reminder,01/19/2026 03:30 PM GMT,pagewatcher@govdelivery.com,0,0
https://subscriberhelp.govdelivery.com/hc/en-us,Bin round reminder,01/19/2026 03:30 PM GMT,pagewatcher@govdelivery.com,0,0
http://www.kirklees.gov.uk/beta/information-and-data/pdf/privacy-notice-comms-and-marketing.pdf,Bin round reminder,01/19/2026 03:30 PM GMT,pagewatcher@govdelivery.com,0,0
http://www.govdelivery.com/portals/powered-by,Bin round reminder,01/19/2026 03:30 PM GMT,pagewatcher@govdelivery.com,0,0
https://www.instagram.com/kirklees.council,Bin round reminder,01/19/2026 04:00 PM GMT,pagewatcher@govdelivery.com,0,0
https://www.kirklees.gov.uk/binManagement/Green/20260120/R31TUE,Bin round reminder,01/19/2026 04:00 PM GMT,pagewatcher@govdelivery.com,0,0
https://www.kirklees.gov.uk/beta/your-property-bins-recycling/recycling-items.aspx,Bin round reminder,01/19/2026 04:00 PM GMT,pagewatcher@govdelivery.com,0,0
https://public.govdelivery.com/accounts/UKKIRKLEES/subscriber/topics?qsp=UKKIRKLEES_7,Bin round reminder,01/19/2026 04:00 PM GMT,pagewatcher@govdelivery.com,0,0
https://www.facebook.com/liveinkirklees,Bin round reminder,01/19/2026 04:00 PM GMT,pagewatcher@govdelivery.com,0,0
https://twitter.com/KirkleesCouncil,Bin round reminder,01/19/2026 04:00 PM GMT,pagewatcher@govdelivery.com,0,0
https://www.youtube.com/user/KirkleesVideos,Bin round reminder,01/19/2026 04:00 PM GMT,pagewatcher@govdelivery.com,0,0
https://public.govdelivery.com/accounts/UKKIRKLEES/subscriber/edit?preferences=true#tab1,Bin round reminder,01/19/2026 04:00 PM GMT,pagewatcher@govdelivery.com,0,0
http://www.kirklees.gov.uk/reminder,Bin round reminder,01/19/2026 04:00 PM GMT,pagewatcher@govdelivery.com,0,0
https://subscriberhelp.govdelivery.com/hc/en-us,Bin round reminder,01/19/2026 04:00 PM GMT,pagewatcher@govdelivery.com,0,0
http://www.kirklees.gov.uk/beta/information-and-data/pdf/privacy-notice-comms-and-marketing.pdf,Bin round reminder,01/19/2026 04:00 PM GMT,pagewatcher@govdelivery.com,0,0
http://www.govdelivery.com/portals/powered-by,Bin round reminder,01/19/2026 04:00 PM GMT,pagewatcher@govdelivery.com,0,0
https://www.instagram.com/kirklees.council,Bin round reminder,01/19/2026 02:50 PM GMT,pagewatcher@govdelivery.com,0,0
https://www.kirklees.gov.uk/binManagement/Green/20260120/RG07TUE,Bin round reminder,01/19/2026 02:50 PM GMT,pagewatcher@govdelivery.com,0,0
https://www.kirklees.gov.uk/beta/your-property-bins-recycling/recycling-items.aspx,Bin round reminder,01/19/2026 02:50 PM GMT,pagewatcher@govdelivery.com,0,0
https://public.govdelivery.com/accounts/UKKIRKLEES/subscriber/topics?qsp=UKKIRKLEES_7,Bin round reminder,01/19/2026 02:50 PM GMT,pagewatcher@govdelivery.com,0,0
https://www.facebook.com/liveinkirklees,Bin round reminder,01/19/2026 02:50 PM GMT,pagewatcher@govdelivery.com,0,0
https://twitter.com/KirkleesCouncil,Bin round reminder,01/19/2026 02:50 PM GMT,pagewatcher@govdelivery.com,0,0
https://www.youtube.com/user/KirkleesVideos,Bin round reminder,01/19/2026 02:50 PM GMT,pagewatcher@govdelivery.com,0,0
https://public.govdelivery.com/accounts/UKKIRKLEES/subscriber/edit?preferences=true#tab1,Bin round reminder,01/19/2026 02:50 PM GMT,pagewatcher@govdelivery.com,0,0
http://www.kirklees.gov.uk/reminder,Bin round reminder,01/19/2026 02:50 PM GMT,pagewatcher@govdelivery.com,0,0
https://subscriberhelp.govdelivery.com/hc/en-us,Bin round reminder,01/19/2026 02:50 PM GMT,pagewatcher@govdelivery.com,0,0
http://www.kirklees.gov.uk/beta/information-and-data/pdf/privacy-notice-comms-and-marketing.pdf,Bin round reminder,01/19/2026 02:50 PM GMT,pagewatcher@govdelivery.com,0,0
http://www.govdelivery.com/portals/powered-by,Bin round reminder,01/19/2026 02:50 PM GMT,pagewatcher@govdelivery.com,0,0
https://www.facebook.com/liveinkirklees,Bin round reminder,01/20/2026 03:10 PM GMT,pagewatcher@govdelivery.com,0,0
https://www.kirklees.gov.uk/binManagement/Grey/20260121/DG11WED,Bin round reminder,01/20/2026 03:10 PM GMT,pagewatcher@govdelivery.com,0,0
https://www.kirklees.gov.uk/beta/your-property-bins-recycling/recycling-items.aspx,Bin round reminder,01/20/2026 03:10 PM GMT,pagewatcher@govdelivery.com,0,0
https://www.instagram.com/kirklees.council,Bin round reminder,01/20/2026 03:10 PM GMT,pagewatcher@govdelivery.com,0,0
https://twitter.com/KirkleesCouncil,Bin round reminder,01/20/2026 03:10 PM GMT,pagewatcher@govdelivery.com,0,0
https://www.youtube.com/user/KirkleesVideos,Bin round reminder,01/20/2026 03:10 PM GMT,pagewatcher@govdelivery.com,0,0
https://public.govdelivery.com/accounts/UKKIRKLEES/subscriber/edit?preferences=true#tab1,Bin round reminder,01/20/2026 03:10 PM GMT,pagewatcher@govdelivery.com,0,0
http://www.kirklees.gov.uk/reminder,Bin round reminder,01/20/2026 03:10 PM GMT,pagewatcher@govdelivery.com,0,0
https://subscriberhelp.govdelivery.com/hc/en-us,Bin round reminder,01/20/2026 03:10 PM GMT,pagewatcher@govdelivery.com,0,0
http://www.kirklees.gov.uk/beta/information-and-data/pdf/privacy-notice-comms-and-marketing.pdf,Bin round reminder,01/20/2026 03:10 PM GMT,pagewatcher@govdelivery.com,0,0
http://www.govdelivery.com/portals/powered-by,Bin round reminder,01/20/2026 03:10 PM GMT,pagewatcher@govdelivery.com,0,0
https://www.instagram.com/kirklees.council,Bin round reminder,01/19/2026 04:10 PM GMT,pagewatcher@govdelivery.com,0,0
https://www.kirklees.gov.uk/binManagement/Green/20260120/R35TUE,Bin round reminder,01/19/2026 04:10 PM GMT,pagewatcher@govdelivery.com,0,0
https://www.kirklees.gov.uk/beta/your-property-bins-recycling/recycling-items.aspx,Bin round reminder,01/19/2026 04:10 PM GMT,pagewatcher@govdelivery.com,0,0
https://public.govdelivery.com/accounts/UKKIRKLEES/subscriber/topics?qsp=UKKIRKLEES_7,Bin round reminder,01/19/2026 04:10 PM GMT,pagewatcher@govdelivery.com,0,0
https://www.facebook.com/liveinkirklees,Bin round reminder,01/19/2026 04:10 PM GMT,pagewatcher@govdelivery.com,0,0
https://twitter.com/KirkleesCouncil,Bin round reminder,01/19/2026 04:10 PM GMT,pagewatcher@govdelivery.com,0,0
https://www.youtube.com/user/KirkleesVideos,Bin round reminder,01/19/2026 04:10 PM GMT,pagewatcher@govdelivery.com,0,0
https://public.govdelivery.com/accounts/UKKIRKLEES/subscriber/edit?preferences=true#tab1,Bin round reminder,01/19/2026 04:10 PM GMT,pagewatcher@govdelivery.com,0,0
http://www.kirklees.gov.uk/reminder,Bin round reminder,01/19/2026 04:10 PM GMT,pagewatcher@govdelivery.com,0,0
https://subscriberhelp.govdelivery.com/hc/en-us,Bin round reminder,01/19/2026 04:10 PM GMT,pagewatcher@govdelivery.com,0,0
https://www.facebook.com/liveinkirklees,Bin round reminder,01/20/2026 12:00 AM GMT,pagewatcher@govdelivery.com,0,0
http://www.kirklees.gov.uk/beta/information-and-data/pdf/privacy-notice-comms-and-marketing.pdf,Bin round reminder,01/19/2026 04:10 PM GMT,pagewatcher@govdelivery.com,0,0
http://www.govdelivery.com/portals/powered-by,Bin round reminder,01/19/2026 04:10 PM GMT,pagewatcher@govdelivery.com,0,0
https://www.kirklees.gov.uk/binManagement/Grey/20260121/DG18WED,Bin round reminder,01/20/2026 12:00 AM GMT,pagewatcher@govdelivery.com,0,0
https://www.kirklees.gov.uk/beta/your-property-bins-recycling/recycling-items.aspx,Bin round reminder,01/20/2026 12:00 AM GMT,pagewatcher@govdelivery.com,0,0
https://www.instagram.com/kirklees.council,Bin round reminder,01/20/2026 12:00 AM GMT,pagewatcher@govdelivery.com,0,0
https://twitter.com/KirkleesCouncil,Bin round reminder,01/20/2026 12:00 AM GMT,pagewatcher@govdelivery.com,0,0
https://www.youtube.com/user/KirkleesVideos,Bin round reminder,01/20/2026 12:00 AM GMT,pagewatcher@govdelivery.com,0,0
https://public.govdelivery.com/accounts/UKKIRKLEES/subscriber/edit?preferences=true#tab1,Bin round reminder,01/20/2026 12:00 AM GMT,pagewatcher@govdelivery.com,0,0
http://www.kirklees.gov.uk/reminder,Bin round reminder,01/20/2026 12:00 AM GMT,pagewatcher@govdelivery.com,0,0
https://subscriberhelp.govdelivery.com/hc/en-us,Bin round reminder,01/20/2026 12:00 AM GMT,pagewatcher@govdelivery.com,0,0
http://www.kirklees.gov.uk/beta/information-and-data/pdf/privacy-notice-comms-and-marketing.pdf,Bin round reminder,01/20/2026 12:00 AM GMT,pagewatcher@govdelivery.com,0,0
http://www.govdelivery.com/portals/powered-by,Bin round reminder,01/20/2026 12:00 AM GMT,pagewatcher@govdelivery.com,0,0
https://www.facebook.com/liveinkirklees,Bin round reminder,01/20/2026 12:00 AM GMT,pagewatcher@govdelivery.com,0,0
https://www.kirklees.gov.uk/beta/your-property-bins-recycling/recycling-items.aspx,Bin round reminder,01/20/2026 12:00 AM GMT,pagewatcher@govdelivery.com,0,0
https://www.instagram.com/kirklees.council,Bin round reminder,01/20/2026 12:00 AM GMT,pagewatcher@govdelivery.com,0,0
https://twitter.com/KirkleesCouncil,Bin round reminder,01/20/2026 12:00 AM GMT,pagewatcher@govdelivery.com,0,0
https://www.youtube.com/user/KirkleesVideos,Bin round reminder,01/20/2026 12:00 AM GMT,pagewatcher@govdelivery.com,0,0
https://public.govdelivery.com/accounts/UKKIRKLEES/subscriber/edit?preferences=true#tab1,Bin round reminder,01/20/2026 12:00 AM GMT,pagewatcher@govdelivery.com,0,0
http://www.kirklees.gov.uk/reminder,Bin round reminder,01/20/2026 12:00 AM GMT,pagewatcher@govdelivery.com,0,0
https://subscriberhelp.govdelivery.com/hc/en-us,Bin round reminder,01/20/2026 12:00 AM GMT,pagewatcher@govdelivery.com,0,0
http://www.kirklees.gov.uk/beta/information-and-data/pdf/privacy-notice-comms-and-marketing.pdf,Bin round reminder,01/20/2026 12:00 AM GMT,pagewatcher@govdelivery.com,0,0
http://www.govdelivery.com/portals/powered-by,Bin round reminder,01/20/2026 12:00 AM GMT,pagewatcher@govdelivery.com,0,0
https://www.facebook.com/liveinkirklees,Bin round reminder,01/19/2026 04:00 PM GMT,pagewatcher@govdelivery.com,0,0
https://www.kirklees.gov.uk/binManagement/Grey/20260120/D30TUE,Bin round reminder,01/19/2026 04:00 PM GMT,pagewatcher@govdelivery.com,0,0
https://www.kirklees.gov.uk/beta/your-property-bins-recycling/recycling-items.aspx,Bin round reminder,01/19/2026 04:00 PM GMT,pagewatcher@govdelivery.com,0,0
https://www.instagram.com/kirklees.council,Bin round reminder,01/19/2026 04:00 PM GMT,pagewatcher@govdelivery.com,0,0
https://twitter.com/KirkleesCouncil,Bin round reminder,01/19/2026 04:00 PM GMT,pagewatcher@govdelivery.com,0,0
https://www.youtube.com/user/KirkleesVideos,Bin round reminder,01/19/2026 04:00 PM GMT,pagewatcher@govdelivery.com,0,0
https://public.govdelivery.com/accounts/UKKIRKLEES/subscriber/edit?preferences=true#tab1,Bin round reminder,01/19/2026 04:00 PM GMT,pagewatcher@govdelivery.com,0,0
http://www.kirklees.gov.uk/reminder,Bin round reminder,01/19/2026 04:00 PM GMT,pagewatcher@govdelivery.com,0,0
https://subscriberhelp.govdelivery.com/hc/en-us,Bin round reminder,01/19/2026 04:00 PM GMT,pagewatcher@govdelivery.com,0,0
http://www.kirklees.gov.uk/beta/information-and-data/pdf/privacy-notice-comms-and-marketing.pdf,Bin round reminder,01/19/2026 04:00 PM GMT,pagewatcher@govdelivery.com,0,0
http://www.govdelivery.com/portals/powered-by,Bin round reminder,01/19/2026 04:00 PM GMT,pagewatcher@govdelivery.com,0,0
https://www.facebook.com/liveinkirklees,Bin round reminder,01/19/2026 03:50 PM GMT,pagewatcher@govdelivery.com,0,0
https://www.kirklees.gov.uk/binManagement/Grey/20260120/DG11TUE,Bin round reminder,01/19/2026 03:50 PM GMT,pagewatcher@govdelivery.com,0,0
https://www.kirklees.gov.uk/beta/your-property-bins-recycling/recycling-items.aspx,Bin round reminder,01/19/2026 03:50 PM GMT,pagewatcher@govdelivery.com,0,0
https://www.instagram.com/kirklees.council,Bin round reminder,01/19/2026 03:50 PM GMT,pagewatcher@govdelivery.com,0,0
https://twitter.com/KirkleesCouncil,Bin round reminder,01/19/2026 03:50 PM GMT,pagewatcher@govdelivery.com,0,0
https://www.youtube.com/user/KirkleesVideos,Bin round reminder,01/19/2026 03:50 PM GMT,pagewatcher@govdelivery.com,0,0
http://www.kirklees.gov.uk/reminder,Bin round reminder,01/19/2026 03:50 PM GMT,pagewatcher@govdelivery.com,0,0
https://subscriberhelp.govdelivery.com/hc/en-us,Bin round reminder,01/19/2026 03:50 PM GMT,pagewatcher@govdelivery.com,0,0
http://www.kirklees.gov.uk/beta/information-and-data/pdf/privacy-notice-comms-and-marketing.pdf,Bin round reminder,01/19/2026 03:50 PM GMT,pagewatcher@govdelivery.com,0,0
https://www.facebook.com/liveinkirklees,Bin round reminder,01/20/2026 03:20 PM GMT,pagewatcher@govdelivery.com,0,0
http://www.govdelivery.com/portals/powered-by,Bin round reminder,01/19/2026 03:50 PM GMT,pagewatcher@govdelivery.com,0,0
https://www.kirklees.gov.uk/binManagement/Green/20260121/R32WED,Bin round reminder,01/20/2026 03:20 PM GMT,pagewatcher@govdelivery.com,0,0
https://www.kirklees.gov.uk/beta/your-property-bins-recycling/recycling-items.aspx,Bin round reminder,01/20/2026 03:20 PM GMT,pagewatcher@govdelivery.com,0,0
https://public.govdelivery.com/accounts/UKKIRKLEES/subscriber/topics?qsp=UKKIRKLEES_7,Bin round reminder,01/20/2026 03:20 PM GMT,pagewatcher@govdelivery.com,0,0
https://www.instagram.com/kirklees.council,Bin round reminder,01/20/2026 03:20 PM GMT,pagewatcher@govdelivery.com,0,0
https://twitter.com/KirkleesCouncil,Bin round reminder,01/20/2026 03:20 PM GMT,pagewatcher@govdelivery.com,0,0
https://www.youtube.com/user/KirkleesVideos,Bin round reminder,01/20/2026 03:20 PM GMT,pagewatcher@govdelivery.com,0,0
https://public.govdelivery.com/accounts/UKKIRKLEES/subscriber/edit?preferences=true#tab1,Bin round reminder,01/20/2026 03:20 PM GMT,pagewatcher@govdelivery.com,0,0
http://www.kirklees.gov.uk/reminder,Bin round reminder,01/20/2026 03:20 PM GMT,pagewatcher@govdelivery.com,0,0
https://subscriberhelp.govdelivery.com/hc/en-us,Bin round reminder,01/20/2026 03:20 PM GMT,pagewatcher@govdelivery.com,0,0
http://www.kirklees.gov.uk/beta/information-and-data/pdf/privacy-notice-comms-and-marketing.pdf,Bin round reminder,01/20/2026 03:20 PM GMT,pagewatcher@govdelivery.com,0,0
http://www.govdelivery.com/portals/powered-by,Bin round reminder,01/20/2026 03:20 PM GMT,pagewatcher@govdelivery.com,0,0
https://www.kirklees.gov.uk/binManagement/Green/20260121/R38WED,Bin round reminder,01/20/2026 03:20 PM GMT,pagewatcher@govdelivery.com,0,0
https://www.kirklees.gov.uk/beta/your-property-bins-recycling/recycling-items.aspx,Bin round reminder,01/20/2026 03:20 PM GMT,pagewatcher@govdelivery.com,0,0
https://public.govdelivery.com/accounts/UKKIRKLEES/subscriber/topics?qsp=UKKIRKLEES_7,Bin round reminder,01/20/2026 03:20 PM GMT,pagewatcher@govdelivery.com,0,0
https://www.instagram.com/kirklees.council,Bin round reminder,01/20/2026 03:20 PM GMT,pagewatcher@govdelivery.com,0,0
https://www.facebook.com/liveinkirklees,Bin round reminder,01/20/2026 03:20 PM GMT,pagewatcher@govdelivery.com,0,0
https://twitter.com/KirkleesCouncil,Bin round reminder,01/20/2026 03:20 PM GMT,pagewatcher@govdelivery.com,0,0
https://www.youtube.com/user/KirkleesVideos,Bin round reminder,01/20/2026 03:20 PM GMT,pagewatcher@govdelivery.com,0,0
https://public.govdelivery.com/accounts/UKKIRKLEES/subscriber/edit?preferences=true#tab1,Bin round reminder,01/20/2026 03:20 PM GMT,pagewatcher@govdelivery.com,0,0
http://www.kirklees.gov.uk/reminder,Bin round reminder,01/20/2026 03:20 PM GMT,pagewatcher@govdelivery.com,0,0
https://subscriberhelp.govdelivery.com/hc/en-us,Bin round reminder,01/20/2026 03:20 PM GMT,pagewatcher@govdelivery.com,0,0
http://www.kirklees.gov.uk/beta/information-and-data/pdf/privacy-notice-comms-and-marketing.pdf,Bin round reminder,01/20/2026 03:20 PM GMT,pagewatcher@govdelivery.com,0,0
http://www.govdelivery.com/portals/powered-by,Bin round reminder,01/20/2026 03:20 PM GMT,pagewatcher@govdelivery.com,0,0
https://www.facebook.com/liveinkirklees,Bin round reminder,01/19/2026 04:10 PM GMT,pagewatcher@govdelivery.com,0,0
https://www.kirklees.gov.uk/binManagement/Grey/20260120/D34TUE,Bin round reminder,01/19/2026 04:10 PM GMT,pagewatcher@govdelivery.com,0,0
https://www.kirklees.gov.uk/beta/your-property-bins-recycling/recycling-items.aspx,Bin round reminder,01/19/2026 04:10 PM GMT,pagewatcher@govdelivery.com,0,0
https://www.instagram.com/kirklees.council,Bin round reminder,01/19/2026 04:10 PM GMT,pagewatcher@govdelivery.com,0,0
https://twitter.com/KirkleesCouncil,Bin round reminder,01/19/2026 04:10 PM GMT,pagewatcher@govdelivery.com,0,0
https://www.youtube.com/user/KirkleesVideos,Bin round reminder,01/19/2026 04:10 PM GMT,pagewatcher@govdelivery.com,0,0
https://public.govdelivery.com/accounts/UKKIRKLEES/subscriber/edit?preferences=true#tab1,Bin round reminder,01/19/2026 04:10 PM GMT,pagewatcher@govdelivery.com,0,0
http://www.kirklees.gov.uk/reminder,Bin round reminder,01/19/2026 04:10 PM GMT,pagewatcher@govdelivery.com,0,0
https://subscriberhelp.govdelivery.com/hc/en-us,Bin round reminder,01/19/2026 04:10 PM GMT,pagewatcher@govdelivery.com,0,0
http://www.kirklees.gov.uk/beta/information-and-data/pdf/privacy-notice-comms-and-marketing.pdf,Bin round reminder,01/19/2026 04:10 PM GMT,pagewatcher@govdelivery.com,0,0
http://www.govdelivery.com/portals/powered-by,Bin round reminder,01/19/2026 04:10 PM GMT,pagewatcher@govdelivery.com,0,0
https://www.kirklees.gov.uk/binManagement/Grey/20260120/DG13TUE,Bin round reminder,01/19/2026 04:10 PM GMT,pagewatcher@govdelivery.com,0,0
https://www.kirklees.gov.uk/beta/your-property-bins-recycling/recycling-items.aspx,Bin round reminder,01/19/2026 04:10 PM GMT,pagewatcher@govdelivery.com,0,0
https://www.instagram.com/kirklees.council,Bin round reminder,01/19/2026 04:10 PM GMT,pagewatcher@govdelivery.com,0,0
https://www.facebook.com/liveinkirklees,Bin round reminder,01/19/2026 04:10 PM GMT,pagewatcher@govdelivery.com,0,0
https://twitter.com/KirkleesCouncil,Bin round reminder,01/19/2026 04:10 PM GMT,pagewatcher@govdelivery.com,0,0
https://www.youtube.com/user/KirkleesVideos,Bin round reminder,01/19/2026 04:10 PM GMT,pagewatcher@govdelivery.com,0,0
https://public.govdelivery.com/accounts/UKKIRKLEES/subscriber/edit?preferences=true#tab1,Bin round reminder,01/19/2026 04:10 PM GMT,pagewatcher@govdelivery.com,0,0
http://www.kirklees.gov.uk/reminder,Bin round reminder,01/19/2026 04:10 PM GMT,pagewatcher@govdelivery.com,0,0
https://subscriberhelp.govdelivery.com/hc/en-us,Bin round reminder,01/19/2026 04:10 PM GMT,pagewatcher@govdelivery.com,0,0
http://www.kirklees.gov.uk/beta/information-and-data/pdf/privacy-notice-comms-and-marketing.pdf,Bin round reminder,01/19/2026 04:10 PM GMT,pagewatcher@govdelivery.com,0,0
http://www.govdelivery.com/portals/powered-by,Bin round reminder,01/19/2026 04:10 PM GMT,pagewatcher@govdelivery.com,0,0
https://www.facebook.com/liveinkirklees,Bin round reminder,01/19/2026 12:00 AM GMT,pagewatcher@govdelivery.com,0,0
https://www.kirklees.gov.uk/binManagement/Grey/20260120/DG17TUE,Bin round reminder,01/19/2026 12:00 AM GMT,pagewatcher@govdelivery.com,0,0
https://www.kirklees.gov.uk/beta/your-property-bins-recycling/recycling-items.aspx,Bin round reminder,01/19/2026 12:00 AM GMT,pagewatcher@govdelivery.com,0,0
https://www.instagram.com/kirklees.council,Bin round reminder,01/19/2026 12:00 AM GMT,pagewatcher@govdelivery.com,0,0
https://twitter.com/KirkleesCouncil,Bin round reminder,01/19/2026 12:00 AM GMT,pagewatcher@govdelivery.com,0,0
https://www.youtube.com/user/KirkleesVideos,Bin round reminder,01/19/2026 12:00 AM GMT,pagewatcher@govdelivery.com,0,0
https://public.govdelivery.com/accounts/UKKIRKLEES/subscriber/edit?preferences=true#tab1,Bin round reminder,01/19/2026 12:00 AM GMT,pagewatcher@govdelivery.com,0,0
http://www.kirklees.gov.uk/reminder,Bin round reminder,01/19/2026 12:00 AM GMT,pagewatcher@govdelivery.com,0,0
https://subscriberhelp.govdelivery.com/hc/en-us,Bin round reminder,01/19/2026 12:00 AM GMT,pagewatcher@govdelivery.com,0,0
http://www.kirklees.gov.uk/beta/information-and-data/pdf/privacy-notice-comms-and-marketing.pdf,Bin round reminder,01/19/2026 12:00 AM GMT,pagewatcher@govdelivery.com,0,0
http://www.govdelivery.com/portals/powered-by,Bin round reminder,01/19/2026 12:00 AM GMT,pagewatcher@govdelivery.com,0,0
https://www.facebook.com/liveinkirklees,Bin round reminder,01/19/2026 12:00 AM GMT,pagewatcher@govdelivery.com,0,0
https://www.kirklees.gov.uk/beta/your-property-bins-recycling/recycling-items.aspx,Bin round reminder,01/19/2026 12:00 AM GMT,pagewatcher@govdelivery.com,0,0
https://www.instagram.com/kirklees.council,Bin round reminder,01/19/2026 12:00 AM GMT,pagewatcher@govdelivery.com,0,0
https://twitter.com/KirkleesCouncil,Bin round reminder,01/19/2026 12:00 AM GMT,pagewatcher@govdelivery.com,0,0
https://www.youtube.com/user/KirkleesVideos,Bin round reminder,01/19/2026 12:00 AM GMT,pagewatcher@govdelivery.com,0,0
https://public.govdelivery.com/accounts/UKKIRKLEES/subscriber/edit?preferences=true#tab1,Bin round reminder,01/19/2026 12:00 AM GMT,pagewatcher@govdelivery.com,0,0
http://www.kirklees.gov.uk/reminder,Bin round reminder,01/19/2026 12:00 AM GMT,pagewatcher@govdelivery.com,0,0
https://subscriberhelp.govdelivery.com/hc/en-us,Bin round reminder,01/19/2026 12:00 AM GMT,pagewatcher@govdelivery.com,0,0
http://www.kirklees.gov.uk/beta/information-and-data/pdf/privacy-notice-comms-and-marketing.pdf,Bin round reminder,01/19/2026 12:00 AM GMT,pagewatcher@govdelivery.com,0,0
http://www.govdelivery.com/portals/powered-by,Bin round reminder,01/19/2026 12:00 AM GMT,pagewatcher@govdelivery.com,0,0
https://kirkleestogether.co.uk/2025/09/24/new-ash-view-extra-care-housing-opens-in-ashbrow-huddersfield/,Welcome to your new tenant bulletin!,01/20/2026 11:33 AM GMT,max.youell@kirklees.gov.uk,0,0
https://www.kirklees.gov.uk/beta/council-housing/your-community/get-involved.aspx,Welcome to your new tenant bulletin!,01/20/2026 11:33 AM GMT,max.youell@kirklees.gov.uk,0,0
https://forms.office.com/pages/responsepage.aspx?id=T3PQYc5_Y0C2OAmsWtWkP9qCD_Kop3FGoeEgrjsPbGVUOTVUU1BQSFBZR0hOMFJPV01PVTdFUU1FTC4u&route=shorturl,Welcome to your new tenant bulletin!,01/20/2026 11:33 AM GMT,max.youell@kirklees.gov.uk,0,0
https://www.kirklees.gov.uk/beta/council-housing/safety-and-services/damp-mould-condensation.aspx,Welcome to your new tenant bulletin!,01/20/2026 11:33 AM GMT,max.youell@kirklees.gov.uk,0,0
https://www.kirklees.gov.uk/beta/council-housing/policies-and-procedures/council-housing-performance.aspx,Welcome to your new tenant bulletin!,01/20/2026 11:33 AM GMT,max.youell@kirklees.gov.uk,0,0
https://www.kirklees.gov.uk/beta/council-housing/support-for-tenants/money-advice.aspx,Welcome to your new tenant bulletin!,01/20/2026 11:33 AM GMT,max.youell@kirklees.gov.uk,0,0
https://links-2.govdelivery.com/CL0/https:%2F%2Fen.wikipedia.org%2Fwiki%2FDraught_excluder/1/0101019a0b7d41b5-e9846dc0-1352-4ecc-9007-f68fd5e792ff-000000/98zSg7nAHZ-6Rbzv7R1G_WPM3_LQQDBLoxrJdB7UxIQ=428,Welcome to your new tenant bulletin!,01/20/2026 11:33 AM GMT,max.youell@kirklees.gov.uk,0,0
https://customerservice.kirklees.gov.uk/Housingrepairs,Welcome to your new tenant bulletin!,01/20/2026 11:33 AM GMT,max.youell@kirklees.gov.uk,0,0
https://www.kirklees.gov.uk/beta/council-housing/your-home/ways-to-pay-your-rent.aspx,Welcome to your new tenant bulletin!,01/20/2026 11:33 AM GMT,max.youell@kirklees.gov.uk,0,0
https://docs.google.com/forms/d/e/1FAIpQLSfSA7NyHVAvU8watcFhBshL-RuvA1tI7fYWjJTP2OSM_4v6gg/viewform?usp=dialog&utm_source=helpful,Welcome to your new tenant bulletin!,01/20/2026 11:33 AM GMT,max.youell@kirklees.gov.uk,0,0
https://docs.google.com/forms/d/e/1FAIpQLSfSA7NyHVAvU8watcFhBshL-RuvA1tI7fYWjJTP2OSM_4v6gg/viewform?usp=dialog&utm_source=okay,Welcome to your new tenant bulletin!,01/20/2026 11:33 AM GMT,max.youell@kirklees.gov.uk,0,0
https://docs.google.com/forms/d/e/1FAIpQLSfSA7NyHVAvU8watcFhBshL-RuvA1tI7fYWjJTP2OSM_4v6gg/viewform?usp=dialog&utm_source=nothelpful,Welcome to your new tenant bulletin!,01/20/2026 11:33 AM GMT,max.youell@kirklees.gov.uk,0,0
https://www.facebook.com/KirkleesHN/,Welcome to your new tenant bulletin!,01/20/2026 11:33 AM GMT,max.youell@kirklees.gov.uk,0,0
https://kirkleestogether.co.uk/category/council-housing/,Welcome to your new tenant bulletin!,01/20/2026 11:33 AM GMT,max.youell@kirklees.gov.uk,0,0
https://public.govdelivery.com/accounts/UKKIRKLEES/subscriber/edit?preferences=true#tab1,Welcome to your new tenant bulletin!,01/20/2026 11:33 AM GMT,max.youell@kirklees.gov.uk,0,0
https://subscriberhelp.govdelivery.com/hc/en-us,Welcome to your new tenant bulletin!,01/20/2026 11:33 AM GMT,max.youell@kirklees.gov.uk,0,0
http://www.kirklees.gov.uk/beta/information-and-data/pdf/privacy-notice-comms-and-marketing.pdf,Welcome to your new tenant bulletin!,01/20/2026 11:33 AM GMT,max.youell@kirklees.gov.uk,0,0
https://www.kirklees.gov.uk/beta/council-housing/safety-and-services/damp-mould-condensation.aspx,Welcome to your new tenant bulletin!,01/20/2026 11:34 AM GMT,max.youell@kirklees.gov.uk,0,0
https://content.govdelivery.com/accounts/UKKIRKLEES/bulletins/405341a,Welcome to your new tenant bulletin!,01/20/2026 11:34 AM GMT,max.youell@kirklees.gov.uk,0,0
https://www.kirklees.gov.uk/beta/council-housing/your-community/get-involved.aspx,Welcome to your new tenant bulletin!,01/20/2026 11:34 AM GMT,max.youell@kirklees.gov.uk,0,0
https://forms.office.com/pages/responsepage.aspx?id=T3PQYc5_Y0C2OAmsWtWkP9qCD_Kop3FGoeEgrjsPbGVUOTVUU1BQSFBZR0hOMFJPV01PVTdFUU1FTC4u&route=shorturl,Welcome to your new tenant bulletin!,01/20/2026 11:34 AM GMT,max.youell@kirklees.gov.uk,0,0
https://kirkleestogether.co.uk/2025/09/24/new-ash-view-extra-care-housing-opens-in-ashbrow-huddersfield/,Welcome to your new tenant bulletin!,01/20/2026 11:34 AM GMT,max.youell@kirklees.gov.uk,0,0
https://www.kirklees.gov.uk/beta/council-housing/policies-and-procedures/council-housing-performance.aspx,Welcome to your new tenant bulletin!,01/20/2026 11:34 AM GMT,max.youell@kirklees.gov.uk,0,0
https://www.kirklees.gov.uk/beta/council-housing/support-for-tenants/money-advice.aspx,Welcome to your new tenant bulletin!,01/20/2026 11:34 AM GMT,max.youell@kirklees.gov.uk,0,0
https://links-2.govdelivery.com/CL0/https:%2F%2Fen.wikipedia.org%2Fwiki%2FDraught_excluder/1/0101019a0b7d41b5-e9846dc0-1352-4ecc-9007-f68fd5e792ff-000000/98zSg7nAHZ-6Rbzv7R1G_WPM3_LQQDBLoxrJdB7UxIQ=428,Welcome to your new tenant bulletin!,01/20/2026 11:34 AM GMT,max.youell@kirklees.gov.uk,0,0
https://customerservice.kirklees.gov.uk/Housingrepairs,Welcome to your new tenant bulletin!,01/20/2026 11:34 AM GMT,max.youell@kirklees.gov.uk,0,0
https://www.kirklees.gov.uk/beta/council-housing/your-home/ways-to-pay-your-rent.aspx,Welcome to your new tenant bulletin!,01/20/2026 11:34 AM GMT,max.youell@kirklees.gov.uk,0,0
https://docs.google.com/forms/d/e/1FAIpQLSfSA7NyHVAvU8watcFhBshL-RuvA1tI7fYWjJTP2OSM_4v6gg/viewform?usp=dialog&utm_source=helpful,Welcome to your new tenant bulletin!,01/20/2026 11:34 AM GMT,max.youell@kirklees.gov.uk,0,0
https://docs.google.com/forms/d/e/1FAIpQLSfSA7NyHVAvU8watcFhBshL-RuvA1tI7fYWjJTP2OSM_4v6gg/viewform?usp=dialog&utm_source=okay,Welcome to your new tenant bulletin!,01/20/2026 11:34 AM GMT,max.youell@kirklees.gov.uk,0,0
https://docs.google.com/forms/d/e/1FAIpQLSfSA7NyHVAvU8watcFhBshL-RuvA1tI7fYWjJTP2OSM_4v6gg/viewform?usp=dialog&utm_source=nothelpful,Welcome to your new tenant bulletin!,01/20/2026 11:34 AM GMT,max.youell@kirklees.gov.uk,0,0
https://www.facebook.com/KirkleesHN/,Welcome to your new tenant bulletin!,01/20/2026 11:34 AM GMT,max.youell@kirklees.gov.uk,0,0
https://kirkleestogether.co.uk/category/council-housing/,Welcome to your new tenant bulletin!,01/20/2026 11:34 AM GMT,max.youell@kirklees.gov.uk,0,0
https://public.govdelivery.com/accounts/UKKIRKLEES/subscriber/edit?preferences=true#tab1,Welcome to your new tenant bulletin!,01/20/2026 11:34 AM GMT,max.youell@kirklees.gov.uk,0,0
https://subscriberhelp.govdelivery.com/hc/en-us,Welcome to your new tenant bulletin!,01/20/2026 11:34 AM GMT,max.youell@kirklees.gov.uk,0,0
http://www.kirklees.gov.uk/beta/information-and-data/pdf/privacy-notice-comms-and-marketing.pdf,Welcome to your new tenant bulletin!,01/20/2026 11:34 AM GMT,max.youell@kirklees.gov.uk,0,0
https://www.instagram.com/kirklees.council,Bin round reminder,01/18/2026 03:20 PM GMT,pagewatcher@govdelivery.com,0,0
https://www.kirklees.gov.uk/binManagement/Green/20260119/RG08MON,Bin round reminder,01/18/2026 03:20 PM GMT,pagewatcher@govdelivery.com,0,0
https://www.kirklees.gov.uk/beta/your-property-bins-recycling/recycling-items.aspx,Bin round reminder,01/18/2026 03:20 PM GMT,pagewatcher@govdelivery.com,0,0
https://public.govdelivery.com/accounts/UKKIRKLEES/subscriber/topics?qsp=UKKIRKLEES_7,Bin round reminder,01/18/2026 03:20 PM GMT,pagewatcher@govdelivery.com,0,0
https://www.facebook.com/liveinkirklees,Bin round reminder,01/18/2026 03:20 PM GMT,pagewatcher@govdelivery.com,0,0
https://twitter.com/KirkleesCouncil,Bin round reminder,01/18/2026 03:20 PM GMT,pagewatcher@govdelivery.com,0,0
https://www.youtube.com/user/KirkleesVideos,Bin round reminder,01/18/2026 03:20 PM GMT,pagewatcher@govdelivery.com,0,0
https://public.govdelivery.com/accounts/UKKIRKLEES/subscriber/edit?preferences=true#tab1,Bin round reminder,01/18/2026 03:20 PM GMT,pagewatcher@govdelivery.com,0,0
http://www.kirklees.gov.uk/reminder,Bin round reminder,01/18/2026 03:20 PM GMT,pagewatcher@govdelivery.com,0,0
https://subscriberhelp.govdelivery.com/hc/en-us,Bin round reminder,01/18/2026 03:20 PM GMT,pagewatcher@govdelivery.com,0,0
http://www.kirklees.gov.uk/beta/information-and-data/pdf/privacy-notice-comms-and-marketing.pdf,Bin round reminder,01/18/2026 03:20 PM GMT,pagewatcher@govdelivery.com,0,0
http://www.govdelivery.com/portals/powered-by,Bin round reminder,01/18/2026 03:20 PM GMT,pagewatcher@govdelivery.com,0,0
https://public.govdelivery.com/accounts/UKKIRKLEES/subscriber/topics?qsp=UKKIRKLEES_7,Bin round reminder,01/18/2026 03:20 PM GMT,pagewatcher@govdelivery.com,0,0
https://www.instagram.com/kirklees.council,Bin round reminder,01/18/2026 03:20 PM GMT,pagewatcher@govdelivery.com,0,0
https://www.facebook.com/liveinkirklees,Bin round reminder,01/18/2026 03:20 PM GMT,pagewatcher@govdelivery.com,0,0
https://twitter.com/KirkleesCouncil,Bin round reminder,01/18/2026 03:20 PM GMT,pagewatcher@govdelivery.com,0,0
https://www.youtube.com/user/KirkleesVideos,Bin round reminder,01/18/2026 03:20 PM GMT,pagewatcher@govdelivery.com,0,0
http://www.kirklees.gov.uk/reminder,Bin round reminder,01/18/2026 03:20 PM GMT,pagewatcher@govdelivery.com,0,0
https://subscriberhelp.govdelivery.com/hc/en-us,Bin round reminder,01/18/2026 03:20 PM GMT,pagewatcher@govdelivery.com,0,0
http://www.kirklees.gov.uk/beta/information-and-data/pdf/privacy-notice-comms-and-marketing.pdf,Bin round reminder,01/18/2026 03:20 PM GMT,pagewatcher@govdelivery.com,0,0
http://www.govdelivery.com/portals/powered-by,Bin round reminder,01/18/2026 03:20 PM GMT,pagewatcher@govdelivery.com,0,0
https://www.instagram.com/kirklees.council,Bin round reminder,01/18/2026 03:30 PM GMT,pagewatcher@govdelivery.com,0,0
https://www.kirklees.gov.uk/beta/your-property-bins-recycling/recycling-items.aspx,Bin round reminder,01/18/2026 03:30 PM GMT,pagewatcher@govdelivery.com,0,0
https://public.govdelivery.com/accounts/UKKIRKLEES/subscriber/topics?qsp=UKKIRKLEES_7,Bin round reminder,01/18/2026 03:30 PM GMT,pagewatcher@govdelivery.com,0,0
https://www.facebook.com/liveinkirklees,Bin round reminder,01/18/2026 03:30 PM GMT,pagewatcher@govdelivery.com,0,0
https://twitter.com/KirkleesCouncil,Bin round reminder,01/18/2026 03:30 PM GMT,pagewatcher@govdelivery.com,0,0
https://www.youtube.com/user/KirkleesVideos,Bin round reminder,01/18/2026 03:30 PM GMT,pagewatcher@govdelivery.com,0,0
https://public.govdelivery.com/accounts/UKKIRKLEES/subscriber/edit?preferences=true#tab1,Bin round reminder,01/18/2026 03:30 PM GMT,pagewatcher@govdelivery.com,0,0
http://www.kirklees.gov.uk/reminder,Bin round reminder,01/18/2026 03:30 PM GMT,pagewatcher@govdelivery.com,0,0
https://subscriberhelp.govdelivery.com/hc/en-us,Bin round reminder,01/18/2026 03:30 PM GMT,pagewatcher@govdelivery.com,0,0
http://www.kirklees.gov.uk/beta/information-and-data/pdf/privacy-notice-comms-and-marketing.pdf,Bin round reminder,01/18/2026 03:30 PM GMT,pagewatcher@govdelivery.com,0,0
http://www.govdelivery.com/portals/powered-by,Bin round reminder,01/18/2026 03:30 PM GMT,pagewatcher@govdelivery.com,0,0
https://www.instagram.com/kirklees.council,Bin round reminder,01/18/2026 03:10 PM GMT,pagewatcher@govdelivery.com,0,0
https://www.kirklees.gov.uk/binManagement/Green/20260119/R30MON,Bin round reminder,01/18/2026 03:10 PM GMT,pagewatcher@govdelivery.com,0,0
https://www.kirklees.gov.uk/beta/your-property-bins-recycling/recycling-items.aspx,Bin round reminder,01/18/2026 03:10 PM GMT,pagewatcher@govdelivery.com,0,0
https://public.govdelivery.com/accounts/UKKIRKLEES/subscriber/topics?qsp=UKKIRKLEES_7,Bin round reminder,01/18/2026 03:10 PM GMT,pagewatcher@govdelivery.com,0,0
https://www.facebook.com/liveinkirklees,Bin round reminder,01/18/2026 03:10 PM GMT,pagewatcher@govdelivery.com,0,0
https://twitter.com/KirkleesCouncil,Bin round reminder,01/18/2026 03:10 PM GMT,pagewatcher@govdelivery.com,0,0
https://www.youtube.com/user/KirkleesVideos,Bin round reminder,01/18/2026 03:10 PM GMT,pagewatcher@govdelivery.com,0,0
https://public.govdelivery.com/accounts/UKKIRKLEES/subscriber/edit?preferences=true#tab1,Bin round reminder,01/18/2026 03:10 PM GMT,pagewatcher@govdelivery.com,0,0
http://www.kirklees.gov.uk/reminder,Bin round reminder,01/18/2026 03:10 PM GMT,pagewatcher@govdelivery.com,0,0
https://subscriberhelp.govdelivery.com/hc/en-us,Bin round reminder,01/18/2026 03:10 PM GMT,pagewatcher@govdelivery.com,0,0
http://www.kirklees.gov.uk/beta/information-and-data/pdf/privacy-notice-comms-and-marketing.pdf,Bin round reminder,01/18/2026 03:10 PM GMT,pagewatcher@govdelivery.com,0,0
http://www.govdelivery.com/portals/powered-by,Bin round reminder,01/18/2026 03:10 PM GMT,pagewatcher@govdelivery.com,0,0
https://www.instagram.com/kirklees.council,Bin round reminder,01/20/2026 03:50 PM GMT,pagewatcher@govdelivery.com,0,0
https://www.kirklees.gov.uk/binManagement/Green/20260121/RG08WED,Bin round reminder,01/20/2026 03:50 PM GMT,pagewatcher@govdelivery.com,0,0
https://www.kirklees.gov.uk/beta/your-property-bins-recycling/recycling-items.aspx,Bin round reminder,01/20/2026 03:50 PM GMT,pagewatcher@govdelivery.com,0,0
https://public.govdelivery.com/accounts/UKKIRKLEES/subscriber/topics?qsp=UKKIRKLEES_7,Bin round reminder,01/20/2026 03:50 PM GMT,pagewatcher@govdelivery.com,0,0
https://www.facebook.com/liveinkirklees,Bin round reminder,01/20/2026 03:50 PM GMT,pagewatcher@govdelivery.com,0,0
https://twitter.com/KirkleesCouncil,Bin round reminder,01/20/2026 03:50 PM GMT,pagewatcher@govdelivery.com,0,0
https://www.youtube.com/user/KirkleesVideos,Bin round reminder,01/20/2026 03:50 PM GMT,pagewatcher@govdelivery.com,0,0
https://public.govdelivery.com/accounts/UKKIRKLEES/subscriber/edit?preferences=true#tab1,Bin round reminder,01/20/2026 03:50 PM GMT,pagewatcher@govdelivery.com,0,0
http://www.govdelivery.com/portals/powered-by,Bin round reminder,01/20/2026 03:50 PM GMT,pagewatcher@govdelivery.com,0,0
http://www.kirklees.gov.uk/reminder,Bin round reminder,01/20/2026 03:50 PM GMT,pagewatcher@govdelivery.com,0,0
https://subscriberhelp.govdelivery.com/hc/en-us,Bin round reminder,01/20/2026 03:50 PM GMT,pagewatcher@govdelivery.com,0,0
http://www.kirklees.gov.uk/beta/information-and-data/pdf/privacy-notice-comms-and-marketing.pdf,Bin round reminder,01/20/2026 03:50 PM GMT,pagewatcher@govdelivery.com,0,0
https://twitter.com/KirkleesCouncil,Bin round reminder,01/20/2026 01:00 PM GMT,pagewatcher@govdelivery.com,0,0
https://www.youtube.com/user/KirkleesVideos,Bin round reminder,01/20/2026 01:00 PM GMT,pagewatcher@govdelivery.com,0,0
https://public.govdelivery.com/accounts/UKKIRKLEES/subscriber/edit?preferences=true#tab1,Bin round reminder,01/20/2026 01:00 PM GMT,pagewatcher@govdelivery.com,0,0
http://www.kirklees.gov.uk/reminder,Bin round reminder,01/20/2026 01:00 PM GMT,pagewatcher@govdelivery.com,0,0
https://subscriberhelp.govdelivery.com/hc/en-us,Bin round reminder,01/20/2026 01:00 PM GMT,pagewatcher@govdelivery.com,0,0
http://www.kirklees.gov.uk/beta/information-and-data/pdf/privacy-notice-comms-and-marketing.pdf,Bin round reminder,01/20/2026 01:00 PM GMT,pagewatcher@govdelivery.com,0,0
http://www.govdelivery.com/portals/powered-by,Bin round reminder,01/20/2026 01:00 PM GMT,pagewatcher@govdelivery.com,0,0
https://www.facebook.com/liveinkirklees,Bin round reminder,01/18/2026 02:30 PM GMT,pagewatcher@govdelivery.com,0,0
https://www.kirklees.gov.uk/binManagement/Grey/20260119/DG10MON,Bin round reminder,01/18/2026 02:30 PM GMT,pagewatcher@govdelivery.com,0,0
https://www.kirklees.gov.uk/beta/your-property-bins-recycling/recycling-items.aspx,Bin round reminder,01/18/2026 02:30 PM GMT,pagewatcher@govdelivery.com,0,0
https://www.instagram.com/kirklees.council,Bin round reminder,01/18/2026 02:30 PM GMT,pagewatcher@govdelivery.com,0,0
https://twitter.com/KirkleesCouncil,Bin round reminder,01/18/2026 02:30 PM GMT,pagewatcher@govdelivery.com,0,0
https://www.youtube.com/user/KirkleesVideos,Bin round reminder,01/18/2026 02:30 PM GMT,pagewatcher@govdelivery.com,0,0
https://public.govdelivery.com/accounts/UKKIRKLEES/subscriber/edit?preferences=true#tab1,Bin round reminder,01/18/2026 02:30 PM GMT,pagewatcher@govdelivery.com,0,0
http://www.kirklees.gov.uk/reminder,Bin round reminder,01/18/2026 02:30 PM GMT,pagewatcher@govdelivery.com,0,0
https://subscriberhelp.govdelivery.com/hc/en-us,Bin round reminder,01/18/2026 02:30 PM GMT,pagewatcher@govdelivery.com,0,0
http://www.kirklees.gov.uk/beta/information-and-data/pdf/privacy-notice-comms-and-marketing.pdf,Bin round reminder,01/18/2026 02:30 PM GMT,pagewatcher@govdelivery.com,0,0
http://www.govdelivery.com/portals/powered-by,Bin round reminder,01/18/2026 02:30 PM GMT,pagewatcher@govdelivery.com,0,0
https://www.instagram.com/kirklees.council,Bin round reminder,01/18/2026 02:40 PM GMT,pagewatcher@govdelivery.com,0,0
https://www.kirklees.gov.uk/binManagement/Green/20260119/R31MON,Bin round reminder,01/18/2026 02:40 PM GMT,pagewatcher@govdelivery.com,0,0
https://www.kirklees.gov.uk/beta/your-property-bins-recycling/recycling-items.aspx,Bin round reminder,01/18/2026 02:40 PM GMT,pagewatcher@govdelivery.com,0,0
https://public.govdelivery.com/accounts/UKKIRKLEES/subscriber/topics?qsp=UKKIRKLEES_7,Bin round reminder,01/18/2026 02:40 PM GMT,pagewatcher@govdelivery.com,0,0
https://www.facebook.com/liveinkirklees,Bin round reminder,01/18/2026 02:40 PM GMT,pagewatcher@govdelivery.com,0,0
https://twitter.com/KirkleesCouncil,Bin round reminder,01/18/2026 02:40 PM GMT,pagewatcher@govdelivery.com,0,0
https://subscriberhelp.govdelivery.com/hc/en-us,Bin round reminder,01/18/2026 02:40 PM GMT,pagewatcher@govdelivery.com,0,0
https://www.youtube.com/user/KirkleesVideos,Bin round reminder,01/18/2026 02:40 PM GMT,pagewatcher@govdelivery.com,0,0
https://public.govdelivery.com/accounts/UKKIRKLEES/subscriber/edit?preferences=true#tab1,Bin round reminder,01/18/2026 02:40 PM GMT,pagewatcher@govdelivery.com,0,0
http://www.kirklees.gov.uk/reminder,Bin round reminder,01/18/2026 02:40 PM GMT,pagewatcher@govdelivery.com,0,0
http://www.kirklees.gov.uk/beta/information-and-data/pdf/privacy-notice-comms-and-marketing.pdf,Bin round reminder,01/18/2026 02:40 PM GMT,pagewatcher@govdelivery.com,0,0
http://www.govdelivery.com/portals/powered-by,Bin round reminder,01/18/2026 02:40 PM GMT,pagewatcher@govdelivery.com,0,0
https://www.kirklees.gov.uk/binManagement/Green/20260119/R32MON,Bin round reminder,01/18/2026 02:30 PM GMT,pagewatcher@govdelivery.com,0,0
https://www.kirklees.gov.uk/beta/your-property-bins-recycling/recycling-items.aspx,Bin round reminder,01/18/2026 02:30 PM GMT,pagewatcher@govdelivery.com,0,0
https://www.instagram.com/kirklees.council,Bin round reminder,01/18/2026 02:30 PM GMT,pagewatcher@govdelivery.com,0,0
https://www.facebook.com/liveinkirklees,Bin round reminder,01/18/2026 02:30 PM GMT,pagewatcher@govdelivery.com,0,0
https://twitter.com/KirkleesCouncil,Bin round reminder,01/18/2026 02:30 PM GMT,pagewatcher@govdelivery.com,0,0
https://www.youtube.com/user/KirkleesVideos,Bin round reminder,01/18/2026 02:30 PM GMT,pagewatcher@govdelivery.com,0,0
https://public.govdelivery.com/accounts/UKKIRKLEES/subscriber/edit?preferences=true#tab1,Bin round reminder,01/18/2026 02:30 PM GMT,pagewatcher@govdelivery.com,0,0
http://www.kirklees.gov.uk/reminder,Bin round reminder,01/18/2026 02:30 PM GMT,pagewatcher@govdelivery.com,0,0
https://subscriberhelp.govdelivery.com/hc/en-us,Bin round reminder,01/18/2026 02:30 PM GMT,pagewatcher@govdelivery.com,0,0
http://www.kirklees.gov.uk/beta/information-and-data/pdf/privacy-notice-comms-and-marketing.pdf,Bin round reminder,01/18/2026 02:30 PM GMT,pagewatcher@govdelivery.com,0,0
http://www.govdelivery.com/portals/powered-by,Bin round reminder,01/18/2026 02:30 PM GMT,pagewatcher@govdelivery.com,0,0
https://www.instagram.com/kirklees.council,Bin round reminder,01/18/2026 02:10 PM GMT,pagewatcher@govdelivery.com,0,0
https://www.kirklees.gov.uk/beta/your-property-bins-recycling/recycling-items.aspx,Bin round reminder,01/18/2026 02:10 PM GMT,pagewatcher@govdelivery.com,0,0
https://public.govdelivery.com/accounts/UKKIRKLEES/subscriber/topics?qsp=UKKIRKLEES_7,Bin round reminder,01/18/2026 02:10 PM GMT,pagewatcher@govdelivery.com,0,0
https://www.facebook.com/liveinkirklees,Bin round reminder,01/18/2026 02:10 PM GMT,pagewatcher@govdelivery.com,0,0
https://twitter.com/KirkleesCouncil,Bin round reminder,01/18/2026 02:10 PM GMT,pagewatcher@govdelivery.com,0,0
https://www.youtube.com/user/KirkleesVideos,Bin round reminder,01/18/2026 02:10 PM GMT,pagewatcher@govdelivery.com,0,0
http://www.kirklees.gov.uk/reminder,Bin round reminder,01/18/2026 02:10 PM GMT,pagewatcher@govdelivery.com,0,0
https://subscriberhelp.govdelivery.com/hc/en-us,Bin round reminder,01/18/2026 02:10 PM GMT,pagewatcher@govdelivery.com,0,0
http://www.kirklees.gov.uk/beta/information-and-data/pdf/privacy-notice-comms-and-marketing.pdf,Bin round reminder,01/18/2026 02:10 PM GMT,pagewatcher@govdelivery.com,0,0
http://www.govdelivery.com/portals/powered-by,Bin round reminder,01/18/2026 02:10 PM GMT,pagewatcher@govdelivery.com,0,0
https://twitter.com/KirkleesCouncil,Bin round reminder,01/20/2026 03:00 PM GMT,pagewatcher@govdelivery.com,0,0
https://www.kirklees.gov.uk/beta/your-property-bins-recycling/recycling-items.aspx,Bin round reminder,01/20/2026 03:00 PM GMT,pagewatcher@govdelivery.com,0,0
https://public.govdelivery.com/accounts/UKKIRKLEES/subscriber/topics?qsp=UKKIRKLEES_7,Bin round reminder,01/20/2026 03:00 PM GMT,pagewatcher@govdelivery.com,0,0
https://www.instagram.com/kirklees.council,Bin round reminder,01/20/2026 03:00 PM GMT,pagewatcher@govdelivery.com,0,0
https://www.facebook.com/liveinkirklees,Bin round reminder,01/20/2026 03:00 PM GMT,pagewatcher@govdelivery.com,0,0
https://www.youtube.com/user/KirkleesVideos,Bin round reminder,01/20/2026 03:00 PM GMT,pagewatcher@govdelivery.com,0,0
https://public.govdelivery.com/accounts/UKKIRKLEES/subscriber/edit?preferences=true#tab1,Bin round reminder,01/20/2026 03:00 PM GMT,pagewatcher@govdelivery.com,0,0
http://www.kirklees.gov.uk/reminder,Bin round reminder,01/20/2026 03:00 PM GMT,pagewatcher@govdelivery.com,0,0
https://subscriberhelp.govdelivery.com/hc/en-us,Bin round reminder,01/20/2026 03:00 PM GMT,pagewatcher@govdelivery.com,0,0
http://www.govdelivery.com/portals/powered-by,Bin round reminder,01/20/2026 03:00 PM GMT,pagewatcher@govdelivery.com,0,0
https://www.kirklees.gov.uk/binManagement/Grey/20260121/DG15WED,Bin round reminder,01/20/2026 03:00 PM GMT,pagewatcher@govdelivery.com,0,0
https://www.kirklees.gov.uk/beta/your-property-bins-recycling/recycling-items.aspx,Bin round reminder,01/20/2026 03:00 PM GMT,pagewatcher@govdelivery.com,0,0
https://www.instagram.com/kirklees.council,Bin round reminder,01/20/2026 03:00 PM GMT,pagewatcher@govdelivery.com,0,0
https://www.facebook.com/liveinkirklees,Bin round reminder,01/20/2026 03:00 PM GMT,pagewatcher@govdelivery.com,0,0
https://twitter.com/KirkleesCouncil,Bin round reminder,01/20/2026 03:00 PM GMT,pagewatcher@govdelivery.com,0,0
https://www.youtube.com/user/KirkleesVideos,Bin round reminder,01/20/2026 03:00 PM GMT,pagewatcher@govdelivery.com,0,0
https://subscriberhelp.govdelivery.com/hc/en-us,Bin round reminder,01/20/2026 03:00 PM GMT,pagewatcher@govdelivery.com,0,0
http://www.kirklees.gov.uk/beta/information-and-data/pdf/privacy-notice-comms-and-marketing.pdf,Bin round reminder,01/20/2026 03:00 PM GMT,pagewatcher@govdelivery.com,0,0
http://www.govdelivery.com/portals/powered-by,Bin round reminder,01/20/2026 03:00 PM GMT,pagewatcher@govdelivery.com,0,0
https://www.instagram.com/kirklees.council,Bin round reminder,01/20/2026 03:30 PM GMT,pagewatcher@govdelivery.com,0,0
https://www.kirklees.gov.uk/binManagement/Green/20260121/RG05WED,Bin round reminder,01/20/2026 03:30 PM GMT,pagewatcher@govdelivery.com,0,0
https://www.kirklees.gov.uk/beta/your-property-bins-recycling/recycling-items.aspx,Bin round reminder,01/20/2026 03:30 PM GMT,pagewatcher@govdelivery.com,0,0
https://public.govdelivery.com/accounts/UKKIRKLEES/subscriber/topics?qsp=UKKIRKLEES_7,Bin round reminder,01/20/2026 03:30 PM GMT,pagewatcher@govdelivery.com,0,0
https://www.facebook.com/liveinkirklees,Bin round reminder,01/20/2026 03:30 PM GMT,pagewatcher@govdelivery.com,0,0
https://twitter.com/KirkleesCouncil,Bin round reminder,01/20/2026 03:30 PM GMT,pagewatcher@govdelivery.com,0,0
https://www.youtube.com/user/KirkleesVideos,Bin round reminder,01/20/2026 03:30 PM GMT,pagewatcher@govdelivery.com,0,0
https://public.govdelivery.com/accounts/UKKIRKLEES/subscriber/edit?preferences=true#tab1,Bin round reminder,01/20/2026 03:30 PM GMT,pagewatcher@govdelivery.com,0,0
http://www.kirklees.gov.uk/reminder,Bin round reminder,01/20/2026 03:30 PM GMT,pagewatcher@govdelivery.com,0,0
https://subscriberhelp.govdelivery.com/hc/en-us,Bin round reminder,01/20/2026 03:30 PM GMT,pagewatcher@govdelivery.com,0,0
http://www.kirklees.gov.uk/beta/information-and-data/pdf/privacy-notice-comms-and-marketing.pdf,Bin round reminder,01/20/2026 03:30 PM GMT,pagewatcher@govdelivery.com,0,0
http://www.govdelivery.com/portals/powered-by,Bin round reminder,01/20/2026 03:30 PM GMT,pagewatcher@govdelivery.com,0,0
https://www.youtube.com/user/KirkleesVideos,Bin round reminder,01/18/2026 03:00 PM GMT,pagewatcher@govdelivery.com,0,0
http://www.kirklees.gov.uk/beta/information-and-data/pdf/privacy-notice-comms-and-marketing.pdf,Bin round reminder,01/18/2026 03:00 PM GMT,pagewatcher@govdelivery.com,0,0
http://www.kirklees.gov.uk/reminder,Bin round reminder,01/18/2026 03:00 PM GMT,pagewatcher@govdelivery.com,0,0
https://subscriberhelp.govdelivery.com/hc/en-us,Bin round reminder,01/18/2026 03:00 PM GMT,pagewatcher@govdelivery.com,0,0
http://www.govdelivery.com/portals/powered-by,Bin round reminder,01/18/2026 03:00 PM GMT,pagewatcher@govdelivery.com,0,0
https://www.facebook.com/liveinkirklees,Bin round reminder,01/18/2026 03:00 PM GMT,pagewatcher@govdelivery.com,0,0
https://www.kirklees.gov.uk/binManagement/Grey/20260119/DG12MON,Bin round reminder,01/18/2026 03:00 PM GMT,pagewatcher@govdelivery.com,0,0
https://www.kirklees.gov.uk/beta/your-property-bins-recycling/recycling-items.aspx,Bin round reminder,01/18/2026 03:00 PM GMT,pagewatcher@govdelivery.com,0,0
https://www.instagram.com/kirklees.council,Bin round reminder,01/18/2026 03:00 PM GMT,pagewatcher@govdelivery.com,0,0
https://twitter.com/KirkleesCouncil,Bin round reminder,01/18/2026 03:00 PM GMT,pagewatcher@govdelivery.com,0,0
https://www.youtube.com/user/KirkleesVideos,Bin round reminder,01/18/2026 03:00 PM GMT,pagewatcher@govdelivery.com,0,0
https://public.govdelivery.com/accounts/UKKIRKLEES/subscriber/edit?preferences=true#tab1,Bin round reminder,01/18/2026 03:00 PM GMT,pagewatcher@govdelivery.com,0,0
http://www.kirklees.gov.uk/reminder,Bin round reminder,01/18/2026 03:00 PM GMT,pagewatcher@govdelivery.com,0,0
https://subscriberhelp.govdelivery.com/hc/en-us,Bin round reminder,01/18/2026 03:00 PM GMT,pagewatcher@govdelivery.com,0,0
http://www.kirklees.gov.uk/beta/information-and-data/pdf/privacy-notice-comms-and-marketing.pdf,Bin round reminder,01/18/2026 03:00 PM GMT,pagewatcher@govdelivery.com,0,0
http://www.govdelivery.com/portals/powered-by,Bin round reminder,01/18/2026 03:00 PM GMT,pagewatcher@govdelivery.com,0,0
https://www.kirklees.gov.uk/binManagement/Green/20260119/RG06MON,Bin round reminder,01/18/2026 03:40 PM GMT,pagewatcher@govdelivery.com,0,0
https://www.kirklees.gov.uk/beta/your-property-bins-recycling/recycling-items.aspx,Bin round reminder,01/18/2026 03:40 PM GMT,pagewatcher@govdelivery.com,0,0
https://public.govdelivery.com/accounts/UKKIRKLEES/subscriber/edit?preferences=true#tab1,Bin round reminder,01/18/2026 03:40 PM GMT,pagewatcher@govdelivery.com,0,0
https://public.govdelivery.com/accounts/UKKIRKLEES/subscriber/topics?qsp=UKKIRKLEES_7,Bin round reminder,01/18/2026 03:40 PM GMT,pagewatcher@govdelivery.com,0,0
https://www.instagram.com/kirklees.council,Bin round reminder,01/18/2026 03:40 PM GMT,pagewatcher@govdelivery.com,0,0
https://www.facebook.com/liveinkirklees,Bin round reminder,01/18/2026 03:40 PM GMT,pagewatcher@govdelivery.com,0,0
https://twitter.com/KirkleesCouncil,Bin round reminder,01/18/2026 03:40 PM GMT,pagewatcher@govdelivery.com,0,0
https://www.youtube.com/user/KirkleesVideos,Bin round reminder,01/18/2026 03:40 PM GMT,pagewatcher@govdelivery.com,0,0
http://www.kirklees.gov.uk/reminder,Bin round reminder,01/18/2026 03:40 PM GMT,pagewatcher@govdelivery.com,0,0
https://subscriberhelp.govdelivery.com/hc/en-us,Bin round reminder,01/18/2026 03:40 PM GMT,pagewatcher@govdelivery.com,0,0
http://www.kirklees.gov.uk/beta/information-and-data/pdf/privacy-notice-comms-and-marketing.pdf,Bin round reminder,01/18/2026 03:40 PM GMT,pagewatcher@govdelivery.com,0,0
http://www.govdelivery.com/portals/powered-by,Bin round reminder,01/18/2026 03:40 PM GMT,pagewatcher@govdelivery.com,0,0
https://www.kirklees.gov.uk/binManagement/Green/20260119/RG05MON,Bin round reminder,01/18/2026 03:50 PM GMT,pagewatcher@govdelivery.com,0,0
https://public.govdelivery.com/accounts/UKKIRKLEES/subscriber/topics?qsp=UKKIRKLEES_7,Bin round reminder,01/18/2026 03:50 PM GMT,pagewatcher@govdelivery.com,0,0
https://www.instagram.com/kirklees.council,Bin round reminder,01/18/2026 03:50 PM GMT,pagewatcher@govdelivery.com,0,0
https://www.facebook.com/liveinkirklees,Bin round reminder,01/18/2026 03:50 PM GMT,pagewatcher@govdelivery.com,0,0
https://twitter.com/KirkleesCouncil,Bin round reminder,01/18/2026 03:50 PM GMT,pagewatcher@govdelivery.com,0,0
https://www.youtube.com/user/KirkleesVideos,Bin round reminder,01/18/2026 03:50 PM GMT,pagewatcher@govdelivery.com,0,0
https://public.govdelivery.com/accounts/UKKIRKLEES/subscriber/edit?preferences=true#tab1,Bin round reminder,01/18/2026 03:50 PM GMT,pagewatcher@govdelivery.com,0,0
http://www.kirklees.gov.uk/reminder,Bin round reminder,01/18/2026 03:50 PM GMT,pagewatcher@govdelivery.com,0,0
https://subscriberhelp.govdelivery.com/hc/en-us,Bin round reminder,01/18/2026 03:50 PM GMT,pagewatcher@govdelivery.com,0,0
http://www.kirklees.gov.uk/beta/information-and-data/pdf/privacy-notice-comms-and-marketing.pdf,Bin round reminder,01/18/2026 03:50 PM GMT,pagewatcher@govdelivery.com,0,0
http://www.govdelivery.com/portals/powered-by,Bin round reminder,01/18/2026 03:50 PM GMT,pagewatcher@govdelivery.com,0,0
https://www.facebook.com/liveinkirklees,Bin round reminder,01/18/2026 02:50 PM GMT,pagewatcher@govdelivery.com,0,0
https://www.kirklees.gov.uk/binManagement/Grey/20260119/DG14MON,Bin round reminder,01/18/2026 02:50 PM GMT,pagewatcher@govdelivery.com,0,0
https://www.kirklees.gov.uk/beta/your-property-bins-recycling/recycling-items.aspx,Bin round reminder,01/18/2026 02:50 PM GMT,pagewatcher@govdelivery.com,0,0
https://www.instagram.com/kirklees.council,Bin round reminder,01/18/2026 02:50 PM GMT,pagewatcher@govdelivery.com,0,0
https://twitter.com/KirkleesCouncil,Bin round reminder,01/18/2026 02:50 PM GMT,pagewatcher@govdelivery.com,0,0
https://www.youtube.com/user/KirkleesVideos,Bin round reminder,01/18/2026 02:50 PM GMT,pagewatcher@govdelivery.com,0,0
https://public.govdelivery.com/accounts/UKKIRKLEES/subscriber/edit?preferences=true#tab1,Bin round reminder,01/18/2026 02:50 PM GMT,pagewatcher@govdelivery.com,0,0
http://www.kirklees.gov.uk/reminder,Bin round reminder,01/18/2026 02:50 PM GMT,pagewatcher@govdelivery.com,0,0
https://subscriberhelp.govdelivery.com/hc/en-us,Bin round reminder,01/18/2026 02:50 PM GMT,pagewatcher@govdelivery.com,0,0
http://www.kirklees.gov.uk/beta/information-and-data/pdf/privacy-notice-comms-and-marketing.pdf,Bin round reminder,01/18/2026 02:50 PM GMT,pagewatcher@govdelivery.com,0,0
http://www.govdelivery.com/portals/powered-by,Bin round reminder,01/18/2026 02:50 PM GMT,pagewatcher@govdelivery.com,0,0
https://www.instagram.com/kirklees.council,Bin round reminder,01/18/2026 04:00 PM GMT,pagewatcher@govdelivery.com,0,0
https://www.kirklees.gov.uk/binManagement/Green/20260119/RG03MON,Bin round reminder,01/18/2026 04:00 PM GMT,pagewatcher@govdelivery.com,0,0
https://www.kirklees.gov.uk/beta/your-property-bins-recycling/recycling-items.aspx,Bin round reminder,01/18/2026 04:00 PM GMT,pagewatcher@govdelivery.com,0,0
https://public.govdelivery.com/accounts/UKKIRKLEES/subscriber/topics?qsp=UKKIRKLEES_7,Bin round reminder,01/18/2026 04:00 PM GMT,pagewatcher@govdelivery.com,0,0
https://www.facebook.com/liveinkirklees,Bin round reminder,01/18/2026 04:00 PM GMT,pagewatcher@govdelivery.com,0,0
https://twitter.com/KirkleesCouncil,Bin round reminder,01/18/2026 04:00 PM GMT,pagewatcher@govdelivery.com,0,0
https://www.youtube.com/user/KirkleesVideos,Bin round reminder,01/18/2026 04:00 PM GMT,pagewatcher@govdelivery.com,0,0
https://public.govdelivery.com/accounts/UKKIRKLEES/subscriber/edit?preferences=true#tab1,Bin round reminder,01/18/2026 04:00 PM GMT,pagewatcher@govdelivery.com,0,0
http://www.kirklees.gov.uk/reminder,Bin round reminder,01/18/2026 04:00 PM GMT,pagewatcher@govdelivery.com,0,0
https://subscriberhelp.govdelivery.com/hc/en-us,Bin round reminder,01/18/2026 04:00 PM GMT,pagewatcher@govdelivery.com,0,0
http://www.kirklees.gov.uk/beta/information-and-data/pdf/privacy-notice-comms-and-marketing.pdf,Bin round reminder,01/18/2026 04:00 PM GMT,pagewatcher@govdelivery.com,0,0
http://www.govdelivery.com/portals/powered-by,Bin round reminder,01/18/2026 04:00 PM GMT,pagewatcher@govdelivery.com,0,0
https://www.instagram.com/kirklees.council,Bin round reminder,01/18/2026 04:00 PM GMT,pagewatcher@govdelivery.com,0,0
https://www.kirklees.gov.uk/binManagement/Green/20260119/R38MON,Bin round reminder,01/18/2026 04:00 PM GMT,pagewatcher@govdelivery.com,0,0
https://www.kirklees.gov.uk/beta/your-property-bins-recycling/recycling-items.aspx,Bin round reminder,01/18/2026 04:00 PM GMT,pagewatcher@govdelivery.com,0,0
https://public.govdelivery.com/accounts/UKKIRKLEES/subscriber/topics?qsp=UKKIRKLEES_7,Bin round reminder,01/18/2026 04:00 PM GMT,pagewatcher@govdelivery.com,0,0
https://www.facebook.com/liveinkirklees,Bin round reminder,01/18/2026 04:00 PM GMT,pagewatcher@govdelivery.com,0,0
https://twitter.com/KirkleesCouncil,Bin round reminder,01/18/2026 04:00 PM GMT,pagewatcher@govdelivery.com,0,0
https://www.youtube.com/user/KirkleesVideos,Bin round reminder,01/18/2026 04:00 PM GMT,pagewatcher@govdelivery.com,0,0
https://public.govdelivery.com/accounts/UKKIRKLEES/subscriber/edit?preferences=true#tab1,Bin round reminder,01/18/2026 04:00 PM GMT,pagewatcher@govdelivery.com,0,0
http://www.kirklees.gov.uk/reminder,Bin round reminder,01/18/2026 04:00 PM GMT,pagewatcher@govdelivery.com,0,0
https://subscriberhelp.govdelivery.com/hc/en-us,Bin round reminder,01/18/2026 04:00 PM GMT,pagewatcher@govdelivery.com,0,0
http://www.kirklees.gov.uk/beta/information-and-data/pdf/privacy-notice-comms-and-marketing.pdf,Bin round reminder,01/18/2026 04:00 PM GMT,pagewatcher@govdelivery.com,0,0
http://www.govdelivery.com/portals/powered-by,Bin round reminder,01/18/2026 04:00 PM GMT,pagewatcher@govdelivery.com,0,0
https://www.instagram.com/kirklees.council,Bin round reminder,01/20/2026 02:50 PM GMT,pagewatcher@govdelivery.com,0,0
https://www.kirklees.gov.uk/beta/your-property-bins-recycling/recycling-items.aspx,Bin round reminder,01/20/2026 02:50 PM GMT,pagewatcher@govdelivery.com,0,0
https://public.govdelivery.com/accounts/UKKIRKLEES/subscriber/topics?qsp=UKKIRKLEES_7,Bin round reminder,01/20/2026 02:50 PM GMT,pagewatcher@govdelivery.com,0,0
https://www.facebook.com/liveinkirklees,Bin round reminder,01/20/2026 02:50 PM GMT,pagewatcher@govdelivery.com,0,0
https://twitter.com/KirkleesCouncil,Bin round reminder,01/20/2026 02:50 PM GMT,pagewatcher@govdelivery.com,0,0
https://www.youtube.com/user/KirkleesVideos,Bin round reminder,01/20/2026 02:50 PM GMT,pagewatcher@govdelivery.com,0,0
https://public.govdelivery.com/accounts/UKKIRKLEES/subscriber/edit?preferences=true#tab1,Bin round reminder,01/20/2026 02:50 PM GMT,pagewatcher@govdelivery.com,0,0
http://www.kirklees.gov.uk/reminder,Bin round reminder,01/20/2026 02:50 PM GMT,pagewatcher@govdelivery.com,0,0
https://subscriberhelp.govdelivery.com/hc/en-us,Bin round reminder,01/20/2026 02:50 PM GMT,pagewatcher@govdelivery.com,0,0
http://www.kirklees.gov.uk/beta/information-and-data/pdf/privacy-notice-comms-and-marketing.pdf,Bin round reminder,01/20/2026 02:50 PM GMT,pagewatcher@govdelivery.com,0,0
http://www.govdelivery.com/portals/powered-by,Bin round reminder,01/20/2026 02:50 PM GMT,pagewatcher@govdelivery.com,0,0
https://www.instagram.com/kirklees.council,Bin round reminder,01/18/2026 03:10 PM GMT,pagewatcher@govdelivery.com,0,0
https://www.kirklees.gov.uk/binManagement/Green/20260119/RG09MON,Bin round reminder,01/18/2026 03:10 PM GMT,pagewatcher@govdelivery.com,0,0
https://www.kirklees.gov.uk/beta/your-property-bins-recycling/recycling-items.aspx,Bin round reminder,01/18/2026 03:10 PM GMT,pagewatcher@govdelivery.com,0,0
https://public.govdelivery.com/accounts/UKKIRKLEES/subscriber/topics?qsp=UKKIRKLEES_7,Bin round reminder,01/18/2026 03:10 PM GMT,pagewatcher@govdelivery.com,0,0
https://www.facebook.com/liveinkirklees,Bin round reminder,01/18/2026 03:10 PM GMT,pagewatcher@govdelivery.com,0,0
https://twitter.com/KirkleesCouncil,Bin round reminder,01/18/2026 03:10 PM GMT,pagewatcher@govdelivery.com,0,0
https://www.youtube.com/user/KirkleesVideos,Bin round reminder,01/18/2026 03:10 PM GMT,pagewatcher@govdelivery.com,0,0
https://public.govdelivery.com/accounts/UKKIRKLEES/subscriber/edit?preferences=true#tab1,Bin round reminder,01/18/2026 03:10 PM GMT,pagewatcher@govdelivery.com,0,0
http://www.kirklees.gov.uk/reminder,Bin round reminder,01/18/2026 03:10 PM GMT,pagewatcher@govdelivery.com,0,0
https://subscriberhelp.govdelivery.com/hc/en-us,Bin round reminder,01/18/2026 03:10 PM GMT,pagewatcher@govdelivery.com,0,0
http://www.kirklees.gov.uk/beta/information-and-data/pdf/privacy-notice-comms-and-marketing.pdf,Bin round reminder,01/18/2026 03:10 PM GMT,pagewatcher@govdelivery.com,0,0
http://www.govdelivery.com/portals/powered-by,Bin round reminder,01/18/2026 03:10 PM GMT,pagewatcher@govdelivery.com,0,0
https://www.facebook.com/liveinkirklees,Bin round reminder,01/18/2026 01:01 PM GMT,pagewatcher@govdelivery.com,0,0
https://www.kirklees.gov.uk/binManagement/Grey/20260119/D34MON,Bin round reminder,01/18/2026 01:01 PM GMT,pagewatcher@govdelivery.com,0,0
https://www.kirklees.gov.uk/beta/your-property-bins-recycling/recycling-items.aspx,Bin round reminder,01/18/2026 01:01 PM GMT,pagewatcher@govdelivery.com,0,0
https://www.instagram.com/kirklees.council,Bin round reminder,01/18/2026 01:01 PM GMT,pagewatcher@govdelivery.com,0,0
https://twitter.com/KirkleesCouncil,Bin round reminder,01/18/2026 01:01 PM GMT,pagewatcher@govdelivery.com,0,0
https://www.youtube.com/user/KirkleesVideos,Bin round reminder,01/18/2026 01:01 PM GMT,pagewatcher@govdelivery.com,0,0
https://public.govdelivery.com/accounts/UKKIRKLEES/subscriber/edit?preferences=true#tab1,Bin round reminder,01/18/2026 01:01 PM GMT,pagewatcher@govdelivery.com,0,0
http://www.kirklees.gov.uk/reminder,Bin round reminder,01/18/2026 01:01 PM GMT,pagewatcher@govdelivery.com,0,0
https://subscriberhelp.govdelivery.com/hc/en-us,Bin round reminder,01/18/2026 01:01 PM GMT,pagewatcher@govdelivery.com,0,0
http://www.kirklees.gov.uk/beta/information-and-data/pdf/privacy-notice-comms-and-marketing.pdf,Bin round reminder,01/18/2026 01:01 PM GMT,pagewatcher@govdelivery.com,0,0
http://www.govdelivery.com/portals/powered-by,Bin round reminder,01/18/2026 01:01 PM GMT,pagewatcher@govdelivery.com,0,0
https://www.kirklees.gov.uk/binManagement/Grey/20260121/DG10WED,Bin round reminder,01/20/2026 03:20 PM GMT,pagewatcher@govdelivery.com,0,0
https://twitter.com/KirkleesCouncil,Bin round reminder,01/20/2026 03:20 PM GMT,pagewatcher@govdelivery.com,0,0
https://www.instagram.com/kirklees.council,Bin round reminder,01/20/2026 03:20 PM GMT,pagewatcher@govdelivery.com,0,0
https://www.facebook.com/liveinkirklees,Bin round reminder,01/20/2026 03:20 PM GMT,pagewatcher@govdelivery.com,0,0
https://www.youtube.com/user/KirkleesVideos,Bin round reminder,01/20/2026 03:20 PM GMT,pagewatcher@govdelivery.com,0,0
http://www.kirklees.gov.uk/reminder,Bin round reminder,01/20/2026 03:20 PM GMT,pagewatcher@govdelivery.com,0,0
https://subscriberhelp.govdelivery.com/hc/en-us,Bin round reminder,01/20/2026 03:20 PM GMT,pagewatcher@govdelivery.com,0,0
http://www.kirklees.gov.uk/beta/information-and-data/pdf/privacy-notice-comms-and-marketing.pdf,Bin round reminder,01/20/2026 03:20 PM GMT,pagewatcher@govdelivery.com,0,0
http://www.govdelivery.com/portals/powered-by,Bin round reminder,01/20/2026 03:20 PM GMT,pagewatcher@govdelivery.com,0,0
https://www.facebook.com/liveinkirklees,Bin round reminder,01/19/2026 03:40 PM GMT,pagewatcher@govdelivery.com,0,0
https://www.kirklees.gov.uk/binManagement/Grey/20260120/DG12TUE,Bin round reminder,01/19/2026 03:40 PM GMT,pagewatcher@govdelivery.com,0,0
https://www.kirklees.gov.uk/beta/your-property-bins-recycling/recycling-items.aspx,Bin round reminder,01/19/2026 03:40 PM GMT,pagewatcher@govdelivery.com,0,0
https://www.instagram.com/kirklees.council,Bin round reminder,01/19/2026 03:40 PM GMT,pagewatcher@govdelivery.com,0,0
https://twitter.com/KirkleesCouncil,Bin round reminder,01/19/2026 03:40 PM GMT,pagewatcher@govdelivery.com,0,0
https://www.youtube.com/user/KirkleesVideos,Bin round reminder,01/19/2026 03:40 PM GMT,pagewatcher@govdelivery.com,0,0
https://public.govdelivery.com/accounts/UKKIRKLEES/subscriber/edit?preferences=true#tab1,Bin round reminder,01/19/2026 03:40 PM GMT,pagewatcher@govdelivery.com,0,0
http://www.kirklees.gov.uk/reminder,Bin round reminder,01/19/2026 03:40 PM GMT,pagewatcher@govdelivery.com,0,0
https://subscriberhelp.govdelivery.com/hc/en-us,Bin round reminder,01/19/2026 03:40 PM GMT,pagewatcher@govdelivery.com,0,0
http://www.kirklees.gov.uk/beta/information-and-data/pdf/privacy-notice-comms-and-marketing.pdf,Bin round reminder,01/19/2026 03:40 PM GMT,pagewatcher@govdelivery.com,0,0
http://www.govdelivery.com/portals/powered-by,Bin round reminder,01/19/2026 03:40 PM GMT,pagewatcher@govdelivery.com,0,0
https://www.instagram.com/kirklees.council,Bin round reminder,01/21/2026 03:20 PM GMT,pagewatcher@govdelivery.com,0,0
https://www.kirklees.gov.uk/binManagement/Green/20260122/RG04THU,Bin round reminder,01/21/2026 03:20 PM GMT,pagewatcher@govdelivery.com,0,0
https://www.kirklees.gov.uk/beta/your-property-bins-recycling/recycling-items.aspx,Bin round reminder,01/21/2026 03:20 PM GMT,pagewatcher@govdelivery.com,0,0
https://public.govdelivery.com/accounts/UKKIRKLEES/subscriber/topics?qsp=UKKIRKLEES_7,Bin round reminder,01/21/2026 03:20 PM GMT,pagewatcher@govdelivery.com,0,0
https://www.facebook.com/liveinkirklees,Bin round reminder,01/21/2026 03:20 PM GMT,pagewatcher@govdelivery.com,0,0
https://twitter.com/KirkleesCouncil,Bin round reminder,01/21/2026 03:20 PM GMT,pagewatcher@govdelivery.com,0,0
https://www.youtube.com/user/KirkleesVideos,Bin round reminder,01/21/2026 03:20 PM GMT,pagewatcher@govdelivery.com,0,0
https://public.govdelivery.com/accounts/UKKIRKLEES/subscriber/edit?preferences=true#tab1,Bin round reminder,01/21/2026 03:20 PM GMT,pagewatcher@govdelivery.com,0,0
http://www.kirklees.gov.uk/reminder,Bin round reminder,01/21/2026 03:20 PM GMT,pagewatcher@govdelivery.com,0,0
https://subscriberhelp.govdelivery.com/hc/en-us,Bin round reminder,01/21/2026 03:20 PM GMT,pagewatcher@govdelivery.com,0,0
http://www.kirklees.gov.uk/beta/information-and-data/pdf/privacy-notice-comms-and-marketing.pdf,Bin round reminder,01/21/2026 03:20 PM GMT,pagewatcher@govdelivery.com,0,0
http://www.govdelivery.com/portals/powered-by,Bin round reminder,01/21/2026 03:20 PM GMT,pagewatcher@govdelivery.com,0,0
https://www.youtube.com/user/KirkleesVideos,Bin round reminder,01/21/2026 03:30 PM GMT,pagewatcher@govdelivery.com,0,0
https://public.govdelivery.com/accounts/UKKIRKLEES/subscriber/edit?preferences=true#tab1,Bin round reminder,01/21/2026 03:30 PM GMT,pagewatcher@govdelivery.com,0,0
http://www.kirklees.gov.uk/reminder,Bin round reminder,01/21/2026 03:30 PM GMT,pagewatcher@govdelivery.com,0,0
https://subscriberhelp.govdelivery.com/hc/en-us,Bin round reminder,01/21/2026 03:30 PM GMT,pagewatcher@govdelivery.com,0,0
http://www.kirklees.gov.uk/beta/information-and-data/pdf/privacy-notice-comms-and-marketing.pdf,Bin round reminder,01/21/2026 03:30 PM GMT,pagewatcher@govdelivery.com,0,0
http://www.govdelivery.com/portals/powered-by,Bin round reminder,01/21/2026 03:30 PM GMT,pagewatcher@govdelivery.com,0,0
https://www.facebook.com/liveinkirklees,Bin round reminder,01/19/2026 02:40 PM GMT,pagewatcher@govdelivery.com,0,0
https://www.kirklees.gov.uk/binManagement/Green/20260120/RG02TUE,Bin round reminder,01/19/2026 02:40 PM GMT,pagewatcher@govdelivery.com,0,0
https://www.kirklees.gov.uk/beta/your-property-bins-recycling/recycling-items.aspx,Bin round reminder,01/19/2026 02:40 PM GMT,pagewatcher@govdelivery.com,0,0
https://public.govdelivery.com/accounts/UKKIRKLEES/subscriber/topics?qsp=UKKIRKLEES_7,Bin round reminder,01/19/2026 02:40 PM GMT,pagewatcher@govdelivery.com,0,0
https://www.instagram.com/kirklees.council,Bin round reminder,01/19/2026 02:40 PM GMT,pagewatcher@govdelivery.com,0,0
https://twitter.com/KirkleesCouncil,Bin round reminder,01/19/2026 02:40 PM GMT,pagewatcher@govdelivery.com,0,0
https://www.youtube.com/user/KirkleesVideos,Bin round reminder,01/19/2026 02:40 PM GMT,pagewatcher@govdelivery.com,0,0
https://public.govdelivery.com/accounts/UKKIRKLEES/subscriber/edit?preferences=true#tab1,Bin round reminder,01/19/2026 02:40 PM GMT,pagewatcher@govdelivery.com,0,0
http://www.kirklees.gov.uk/reminder,Bin round reminder,01/19/2026 02:40 PM GMT,pagewatcher@govdelivery.com,0,0
https://subscriberhelp.govdelivery.com/hc/en-us,Bin round reminder,01/19/2026 02:40 PM GMT,pagewatcher@govdelivery.com,0,0
http://www.kirklees.gov.uk/beta/information-and-data/pdf/privacy-notice-comms-and-marketing.pdf,Bin round reminder,01/19/2026 02:40 PM GMT,pagewatcher@govdelivery.com,0,0
http://www.govdelivery.com/portals/powered-by,Bin round reminder,01/19/2026 02:40 PM GMT,pagewatcher@govdelivery.com,0,0
https://www.kirklees.gov.uk/binManagement/Green/20260122/R32THU,Bin round reminder,01/21/2026 02:50 PM GMT,pagewatcher@govdelivery.com,0,0
https://www.kirklees.gov.uk/beta/your-property-bins-recycling/recycling-items.aspx,Bin round reminder,01/21/2026 02:50 PM GMT,pagewatcher@govdelivery.com,0,0
https://public.govdelivery.com/accounts/UKKIRKLEES/subscriber/topics?qsp=UKKIRKLEES_7,Bin round reminder,01/21/2026 02:50 PM GMT,pagewatcher@govdelivery.com,0,0
https://www.instagram.com/kirklees.council,Bin round reminder,01/21/2026 02:50 PM GMT,pagewatcher@govdelivery.com,0,0
https://twitter.com/KirkleesCouncil,Bin round reminder,01/21/2026 02:50 PM GMT,pagewatcher@govdelivery.com,0,0
https://www.youtube.com/user/KirkleesVideos,Bin round reminder,01/21/2026 02:50 PM GMT,pagewatcher@govdelivery.com,0,0
https://public.govdelivery.com/accounts/UKKIRKLEES/subscriber/edit?preferences=true#tab1,Bin round reminder,01/21/2026 02:50 PM GMT,pagewatcher@govdelivery.com,0,0
http://www.kirklees.gov.uk/reminder,Bin round reminder,01/21/2026 02:50 PM GMT,pagewatcher@govdelivery.com,0,0
https://subscriberhelp.govdelivery.com/hc/en-us,Bin round reminder,01/21/2026 02:50 PM GMT,pagewatcher@govdelivery.com,0,0
http://www.kirklees.gov.uk/beta/information-and-data/pdf/privacy-notice-comms-and-marketing.pdf,Bin round reminder,01/21/2026 02:50 PM GMT,pagewatcher@govdelivery.com,0,0
http://www.govdelivery.com/portals/powered-by,Bin round reminder,01/21/2026 02:50 PM GMT,pagewatcher@govdelivery.com,0,0
https://www.facebook.com/liveinkirklees,Bin round reminder,01/21/2026 03:40 PM GMT,pagewatcher@govdelivery.com,0,0
https://www.kirklees.gov.uk/beta/your-property-bins-recycling/recycling-items.aspx,Bin round reminder,01/21/2026 03:40 PM GMT,pagewatcher@govdelivery.com,0,0
https://www.instagram.com/kirklees.council,Bin round reminder,01/21/2026 03:40 PM GMT,pagewatcher@govdelivery.com,0,0
https://twitter.com/KirkleesCouncil,Bin round reminder,01/21/2026 03:40 PM GMT,pagewatcher@govdelivery.com,0,0
https://www.youtube.com/user/KirkleesVideos,Bin round reminder,01/21/2026 03:40 PM GMT,pagewatcher@govdelivery.com,0,0
https://subscriberhelp.govdelivery.com/hc/en-us,Bin round reminder,01/21/2026 03:40 PM GMT,pagewatcher@govdelivery.com,0,0
http://www.govdelivery.com/portals/powered-by,Bin round reminder,01/21/2026 03:40 PM GMT,pagewatcher@govdelivery.com,0,0
https://www.kirklees.gov.uk/binManagement/Green/20260122/RG02THU,Bin round reminder,01/21/2026 03:40 PM GMT,pagewatcher@govdelivery.com,0,0
https://public.govdelivery.com/accounts/UKKIRKLEES/subscriber/topics?qsp=UKKIRKLEES_7,Bin round reminder,01/21/2026 03:40 PM GMT,pagewatcher@govdelivery.com,0,0
https://www.instagram.com/kirklees.council,Bin round reminder,01/21/2026 03:40 PM GMT,pagewatcher@govdelivery.com,0,0
https://www.facebook.com/liveinkirklees,Bin round reminder,01/21/2026 03:40 PM GMT,pagewatcher@govdelivery.com,0,0
https://twitter.com/KirkleesCouncil,Bin round reminder,01/21/2026 03:40 PM GMT,pagewatcher@govdelivery.com,0,0
https://www.youtube.com/user/KirkleesVideos,Bin round reminder,01/21/2026 03:40 PM GMT,pagewatcher@govdelivery.com,0,0
https://public.govdelivery.com/accounts/UKKIRKLEES/subscriber/edit?preferences=true#tab1,Bin round reminder,01/21/2026 03:40 PM GMT,pagewatcher@govdelivery.com,0,0
http://www.kirklees.gov.uk/reminder,Bin round reminder,01/21/2026 03:40 PM GMT,pagewatcher@govdelivery.com,0,0
https://subscriberhelp.govdelivery.com/hc/en-us,Bin round reminder,01/21/2026 03:40 PM GMT,pagewatcher@govdelivery.com,0,0
http://www.kirklees.gov.uk/beta/information-and-data/pdf/privacy-notice-comms-and-marketing.pdf,Bin round reminder,01/21/2026 03:40 PM GMT,pagewatcher@govdelivery.com,0,0
http://www.govdelivery.com/portals/powered-by,Bin round reminder,01/21/2026 03:40 PM GMT,pagewatcher@govdelivery.com,0,0
https://www.instagram.com/kirklees.council,Bin round reminder,01/20/2026 03:40 PM GMT,pagewatcher@govdelivery.com,0,0
https://www.kirklees.gov.uk/binManagement/Green/20260121/RG09WED,Bin round reminder,01/20/2026 03:40 PM GMT,pagewatcher@govdelivery.com,0,0
https://www.kirklees.gov.uk/beta/your-property-bins-recycling/recycling-items.aspx,Bin round reminder,01/20/2026 03:40 PM GMT,pagewatcher@govdelivery.com,0,0
https://public.govdelivery.com/accounts/UKKIRKLEES/subscriber/topics?qsp=UKKIRKLEES_7,Bin round reminder,01/20/2026 03:40 PM GMT,pagewatcher@govdelivery.com,0,0
https://www.facebook.com/liveinkirklees,Bin round reminder,01/20/2026 03:40 PM GMT,pagewatcher@govdelivery.com,0,0
https://twitter.com/KirkleesCouncil,Bin round reminder,01/20/2026 03:40 PM GMT,pagewatcher@govdelivery.com,0,0
https://www.youtube.com/user/KirkleesVideos,Bin round reminder,01/20/2026 03:40 PM GMT,pagewatcher@govdelivery.com,0,0
https://public.govdelivery.com/accounts/UKKIRKLEES/subscriber/edit?preferences=true#tab1,Bin round reminder,01/20/2026 03:40 PM GMT,pagewatcher@govdelivery.com,0,0
http://www.kirklees.gov.uk/reminder,Bin round reminder,01/20/2026 03:40 PM GMT,pagewatcher@govdelivery.com,0,0
https://subscriberhelp.govdelivery.com/hc/en-us,Bin round reminder,01/20/2026 03:40 PM GMT,pagewatcher@govdelivery.com,0,0
http://www.kirklees.gov.uk/beta/information-and-data/pdf/privacy-notice-comms-and-marketing.pdf,Bin round reminder,01/20/2026 03:40 PM GMT,pagewatcher@govdelivery.com,0,0
http://www.govdelivery.com/portals/powered-by,Bin round reminder,01/20/2026 03:40 PM GMT,pagewatcher@govdelivery.com,0,0
https://www.instagram.com/kirklees.council,Bin round reminder,01/21/2026 03:00 PM GMT,pagewatcher@govdelivery.com,0,0
https://www.kirklees.gov.uk/binManagement/Green/20260122/R30THU,Bin round reminder,01/21/2026 03:00 PM GMT,pagewatcher@govdelivery.com,0,0
https://www.kirklees.gov.uk/beta/your-property-bins-recycling/recycling-items.aspx,Bin round reminder,01/21/2026 03:00 PM GMT,pagewatcher@govdelivery.com,0,0
https://public.govdelivery.com/accounts/UKKIRKLEES/subscriber/topics?qsp=UKKIRKLEES_7,Bin round reminder,01/21/2026 03:00 PM GMT,pagewatcher@govdelivery.com,0,0
https://www.facebook.com/liveinkirklees,Bin round reminder,01/21/2026 03:00 PM GMT,pagewatcher@govdelivery.com,0,0
https://twitter.com/KirkleesCouncil,Bin round reminder,01/21/2026 03:00 PM GMT,pagewatcher@govdelivery.com,0,0
https://www.youtube.com/user/KirkleesVideos,Bin round reminder,01/21/2026 03:00 PM GMT,pagewatcher@govdelivery.com,0,0
https://public.govdelivery.com/accounts/UKKIRKLEES/subscriber/edit?preferences=true#tab1,Bin round reminder,01/21/2026 03:00 PM GMT,pagewatcher@govdelivery.com,0,0
http://www.kirklees.gov.uk/reminder,Bin round reminder,01/21/2026 03:00 PM GMT,pagewatcher@govdelivery.com,0,0
https://subscriberhelp.govdelivery.com/hc/en-us,Bin round reminder,01/21/2026 03:00 PM GMT,pagewatcher@govdelivery.com,0,0
http://www.kirklees.gov.uk/beta/information-and-data/pdf/privacy-notice-comms-and-marketing.pdf,Bin round reminder,01/21/2026 03:00 PM GMT,pagewatcher@govdelivery.com,0,0
http://www.govdelivery.com/portals/powered-by,Bin round reminder,01/21/2026 03:00 PM GMT,pagewatcher@govdelivery.com,0,0
https://www.instagram.com/kirklees.council,Bin round reminder,01/21/2026 03:00 PM GMT,pagewatcher@govdelivery.com,0,0
https://www.kirklees.gov.uk/beta/your-property-bins-recycling/recycling-items.aspx,Bin round reminder,01/21/2026 03:00 PM GMT,pagewatcher@govdelivery.com,0,0
https://public.govdelivery.com/accounts/UKKIRKLEES/subscriber/topics?qsp=UKKIRKLEES_7,Bin round reminder,01/21/2026 03:00 PM GMT,pagewatcher@govdelivery.com,0,0
https://www.facebook.com/liveinkirklees,Bin round reminder,01/21/2026 03:00 PM GMT,pagewatcher@govdelivery.com,0,0
https://twitter.com/KirkleesCouncil,Bin round reminder,01/21/2026 03:00 PM GMT,pagewatcher@govdelivery.com,0,0
https://subscriberhelp.govdelivery.com/hc/en-us,Bin round reminder,01/21/2026 03:00 PM GMT,pagewatcher@govdelivery.com,0,0
https://www.youtube.com/user/KirkleesVideos,Bin round reminder,01/21/2026 03:00 PM GMT,pagewatcher@govdelivery.com,0,0
https://public.govdelivery.com/accounts/UKKIRKLEES/subscriber/edit?preferences=true#tab1,Bin round reminder,01/21/2026 03:00 PM GMT,pagewatcher@govdelivery.com,0,0
http://www.kirklees.gov.uk/reminder,Bin round reminder,01/21/2026 03:00 PM GMT,pagewatcher@govdelivery.com,0,0
http://www.kirklees.gov.uk/beta/information-and-data/pdf/privacy-notice-comms-and-marketing.pdf,Bin round reminder,01/21/2026 03:00 PM GMT,pagewatcher@govdelivery.com,0,0
http://www.govdelivery.com/portals/powered-by,Bin round reminder,01/21/2026 03:00 PM GMT,pagewatcher@govdelivery.com,0,0
https://www.instagram.com/kirklees.council,Bin round reminder,01/19/2026 03:00 PM GMT,pagewatcher@govdelivery.com,0,0
https://www.kirklees.gov.uk/binManagement/Green/20260120/RG05TUE,Bin round reminder,01/19/2026 03:00 PM GMT,pagewatcher@govdelivery.com,0,0
https://www.kirklees.gov.uk/beta/your-property-bins-recycling/recycling-items.aspx,Bin round reminder,01/19/2026 03:00 PM GMT,pagewatcher@govdelivery.com,0,0
https://public.govdelivery.com/accounts/UKKIRKLEES/subscriber/topics?qsp=UKKIRKLEES_7,Bin round reminder,01/19/2026 03:00 PM GMT,pagewatcher@govdelivery.com,0,0
https://www.facebook.com/liveinkirklees,Bin round reminder,01/19/2026 03:00 PM GMT,pagewatcher@govdelivery.com,0,0
https://twitter.com/KirkleesCouncil,Bin round reminder,01/19/2026 03:00 PM GMT,pagewatcher@govdelivery.com,0,0
https://www.youtube.com/user/KirkleesVideos,Bin round reminder,01/19/2026 03:00 PM GMT,pagewatcher@govdelivery.com,0,0
https://public.govdelivery.com/accounts/UKKIRKLEES/subscriber/edit?preferences=true#tab1,Bin round reminder,01/19/2026 03:00 PM GMT,pagewatcher@govdelivery.com,0,0
http://www.kirklees.gov.uk/reminder,Bin round reminder,01/19/2026 03:00 PM GMT,pagewatcher@govdelivery.com,0,0
https://subscriberhelp.govdelivery.com/hc/en-us,Bin round reminder,01/19/2026 03:00 PM GMT,pagewatcher@govdelivery.com,0,0
http://www.kirklees.gov.uk/beta/information-and-data/pdf/privacy-notice-comms-and-marketing.pdf,Bin round reminder,01/19/2026 03:00 PM GMT,pagewatcher@govdelivery.com,0,0
http://www.govdelivery.com/portals/powered-by,Bin round reminder,01/19/2026 03:00 PM GMT,pagewatcher@govdelivery.com,0,0
https://www.instagram.com/kirklees.council,Bin round reminder,01/18/2026 04:10 PM GMT,pagewatcher@govdelivery.com,0,0
https://www.kirklees.gov.uk/binManagement/Green/20260119/RG07MON,Bin round reminder,01/18/2026 04:10 PM GMT,pagewatcher@govdelivery.com,0,0
https://www.kirklees.gov.uk/beta/your-property-bins-recycling/recycling-items.aspx,Bin round reminder,01/18/2026 04:10 PM GMT,pagewatcher@govdelivery.com,0,0
https://public.govdelivery.com/accounts/UKKIRKLEES/subscriber/topics?qsp=UKKIRKLEES_7,Bin round reminder,01/18/2026 04:10 PM GMT,pagewatcher@govdelivery.com,0,0
https://www.facebook.com/liveinkirklees,Bin round reminder,01/18/2026 04:10 PM GMT,pagewatcher@govdelivery.com,0,0
https://twitter.com/KirkleesCouncil,Bin round reminder,01/18/2026 04:10 PM GMT,pagewatcher@govdelivery.com,0,0
https://www.youtube.com/user/KirkleesVideos,Bin round reminder,01/18/2026 04:10 PM GMT,pagewatcher@govdelivery.com,0,0
https://public.govdelivery.com/accounts/UKKIRKLEES/subscriber/edit?preferences=true#tab1,Bin round reminder,01/18/2026 04:10 PM GMT,pagewatcher@govdelivery.com,0,0
http://www.kirklees.gov.uk/reminder,Bin round reminder,01/18/2026 04:10 PM GMT,pagewatcher@govdelivery.com,0,0
https://subscriberhelp.govdelivery.com/hc/en-us,Bin round reminder,01/18/2026 04:10 PM GMT,pagewatcher@govdelivery.com,0,0
http://www.kirklees.gov.uk/beta/information-and-data/pdf/privacy-notice-comms-and-marketing.pdf,Bin round reminder,01/18/2026 04:10 PM GMT,pagewatcher@govdelivery.com,0,0
http://www.govdelivery.com/portals/powered-by,Bin round reminder,01/18/2026 04:10 PM GMT,pagewatcher@govdelivery.com,0,0
https://twitter.com/KirkleesCouncil,Bin round reminder,01/18/2026 01:00 PM GMT,pagewatcher@govdelivery.com,0,0
https://www.kirklees.gov.uk/binManagement/Grey/20260119/DG13MON,Bin round reminder,01/18/2026 01:00 PM GMT,pagewatcher@govdelivery.com,0,0
https://www.kirklees.gov.uk/beta/your-property-bins-recycling/recycling-items.aspx,Bin round reminder,01/18/2026 01:00 PM GMT,pagewatcher@govdelivery.com,0,0
https://www.instagram.com/kirklees.council,Bin round reminder,01/18/2026 01:00 PM GMT,pagewatcher@govdelivery.com,0,0
https://www.facebook.com/liveinkirklees,Bin round reminder,01/18/2026 01:00 PM GMT,pagewatcher@govdelivery.com,0,0
https://www.youtube.com/user/KirkleesVideos,Bin round reminder,01/18/2026 01:00 PM GMT,pagewatcher@govdelivery.com,0,0
https://public.govdelivery.com/accounts/UKKIRKLEES/subscriber/edit?preferences=true#tab1,Bin round reminder,01/18/2026 01:00 PM GMT,pagewatcher@govdelivery.com,0,0
http://www.kirklees.gov.uk/reminder,Bin round reminder,01/18/2026 01:00 PM GMT,pagewatcher@govdelivery.com,0,0
https://subscriberhelp.govdelivery.com/hc/en-us,Bin round reminder,01/18/2026 01:00 PM GMT,pagewatcher@govdelivery.com,0,0
http://www.kirklees.gov.uk/beta/information-and-data/pdf/privacy-notice-comms-and-marketing.pdf,Bin round reminder,01/18/2026 01:00 PM GMT,pagewatcher@govdelivery.com,0,0
http://www.govdelivery.com/portals/powered-by,Bin round reminder,01/18/2026 01:00 PM GMT,pagewatcher@govdelivery.com,0,0
https://www.instagram.com/kirklees.council,Bin round reminder,01/18/2026 01:00 PM GMT,pagewatcher@govdelivery.com,0,0
https://www.kirklees.gov.uk/binManagement/Green/20260119/R35MON,Bin round reminder,01/18/2026 01:00 PM GMT,pagewatcher@govdelivery.com,0,0
https://www.kirklees.gov.uk/beta/your-property-bins-recycling/recycling-items.aspx,Bin round reminder,01/18/2026 01:00 PM GMT,pagewatcher@govdelivery.com,0,0
https://public.govdelivery.com/accounts/UKKIRKLEES/subscriber/topics?qsp=UKKIRKLEES_7,Bin round reminder,01/18/2026 01:00 PM GMT,pagewatcher@govdelivery.com,0,0
https://www.facebook.com/liveinkirklees,Bin round reminder,01/18/2026 01:00 PM GMT,pagewatcher@govdelivery.com,0,0
https://twitter.com/KirkleesCouncil,Bin round reminder,01/18/2026 01:00 PM GMT,pagewatcher@govdelivery.com,0,0
https://www.youtube.com/user/KirkleesVideos,Bin round reminder,01/18/2026 01:00 PM GMT,pagewatcher@govdelivery.com,0,0
https://public.govdelivery.com/accounts/UKKIRKLEES/subscriber/edit?preferences=true#tab1,Bin round reminder,01/18/2026 01:00 PM GMT,pagewatcher@govdelivery.com,0,0
http://www.kirklees.gov.uk/reminder,Bin round reminder,01/18/2026 01:00 PM GMT,pagewatcher@govdelivery.com,0,0
https://subscriberhelp.govdelivery.com/hc/en-us,Bin round reminder,01/18/2026 01:00 PM GMT,pagewatcher@govdelivery.com,0,0
http://www.kirklees.gov.uk/beta/information-and-data/pdf/privacy-notice-comms-and-marketing.pdf,Bin round reminder,01/18/2026 01:00 PM GMT,pagewatcher@govdelivery.com,0,0
http://www.govdelivery.com/portals/powered-by,Bin round reminder,01/18/2026 01:00 PM GMT,pagewatcher@govdelivery.com,0,0
http://www.kirklees.gov.uk/reminder,Bin round reminder,01/18/2026 03:30 PM GMT,pagewatcher@govdelivery.com,0,0
https://twitter.com/KirkleesCouncil,Bin round reminder,01/18/2026 03:30 PM GMT,pagewatcher@govdelivery.com,0,0
https://www.youtube.com/user/KirkleesVideos,Bin round reminder,01/18/2026 03:30 PM GMT,pagewatcher@govdelivery.com,0,0
https://public.govdelivery.com/accounts/UKKIRKLEES/subscriber/edit?preferences=true#tab1,Bin round reminder,01/18/2026 03:30 PM GMT,pagewatcher@govdelivery.com,0,0
https://subscriberhelp.govdelivery.com/hc/en-us,Bin round reminder,01/18/2026 03:30 PM GMT,pagewatcher@govdelivery.com,0,0
http://www.kirklees.gov.uk/beta/information-and-data/pdf/privacy-notice-comms-and-marketing.pdf,Bin round reminder,01/18/2026 03:30 PM GMT,pagewatcher@govdelivery.com,0,0
http://www.govdelivery.com/portals/powered-by,Bin round reminder,01/18/2026 03:30 PM GMT,pagewatcher@govdelivery.com,0,0
https://www.kirklees.gov.uk/beta/your-property-bins-recycling/recycling-items.aspx,Bin round reminder,01/18/2026 03:30 PM GMT,pagewatcher@govdelivery.com,0,0
https://www.instagram.com/kirklees.council,Bin round reminder,01/18/2026 03:30 PM GMT,pagewatcher@govdelivery.com,0,0
https://www.facebook.com/liveinkirklees,Bin round reminder,01/18/2026 03:30 PM GMT,pagewatcher@govdelivery.com,0,0
https://www.facebook.com/liveinkirklees,Bin round reminder,01/18/2026 04:20 PM GMT,pagewatcher@govdelivery.com,0,0
https://www.kirklees.gov.uk/binManagement/Grey/20260119/DG11MON,Bin round reminder,01/18/2026 04:20 PM GMT,pagewatcher@govdelivery.com,0,0
https://www.kirklees.gov.uk/beta/your-property-bins-recycling/recycling-items.aspx,Bin round reminder,01/18/2026 04:20 PM GMT,pagewatcher@govdelivery.com,0,0
https://www.instagram.com/kirklees.council,Bin round reminder,01/18/2026 04:20 PM GMT,pagewatcher@govdelivery.com,0,0
https://twitter.com/KirkleesCouncil,Bin round reminder,01/18/2026 04:20 PM GMT,pagewatcher@govdelivery.com,0,0
https://www.youtube.com/user/KirkleesVideos,Bin round reminder,01/18/2026 04:20 PM GMT,pagewatcher@govdelivery.com,0,0
https://public.govdelivery.com/accounts/UKKIRKLEES/subscriber/edit?preferences=true#tab1,Bin round reminder,01/18/2026 04:20 PM GMT,pagewatcher@govdelivery.com,0,0
http://www.kirklees.gov.uk/reminder,Bin round reminder,01/18/2026 04:20 PM GMT,pagewatcher@govdelivery.com,0,0
https://subscriberhelp.govdelivery.com/hc/en-us,Bin round reminder,01/18/2026 04:20 PM GMT,pagewatcher@govdelivery.com,0,0
http://www.kirklees.gov.uk/beta/information-and-data/pdf/privacy-notice-comms-and-marketing.pdf,Bin round reminder,01/18/2026 04:20 PM GMT,pagewatcher@govdelivery.com,0,0
http://www.govdelivery.com/portals/powered-by,Bin round reminder,01/18/2026 04:20 PM GMT,pagewatcher@govdelivery.com,0,0
https://www.kirklees.gov.uk/binManagement/Grey/20260119/DG15MON,Bin round reminder,01/18/2026 02:20 PM GMT,pagewatcher@govdelivery.com,0,0
https://www.kirklees.gov.uk/beta/your-property-bins-recycling/recycling-items.aspx,Bin round reminder,01/18/2026 02:20 PM GMT,pagewatcher@govdelivery.com,0,0
https://www.instagram.com/kirklees.council,Bin round reminder,01/18/2026 02:20 PM GMT,pagewatcher@govdelivery.com,0,0
https://www.facebook.com/liveinkirklees,Bin round reminder,01/18/2026 02:20 PM GMT,pagewatcher@govdelivery.com,0,0
https://twitter.com/KirkleesCouncil,Bin round reminder,01/18/2026 02:20 PM GMT,pagewatcher@govdelivery.com,0,0
https://www.youtube.com/user/KirkleesVideos,Bin round reminder,01/18/2026 02:20 PM GMT,pagewatcher@govdelivery.com,0,0
https://public.govdelivery.com/accounts/UKKIRKLEES/subscriber/edit?preferences=true#tab1,Bin round reminder,01/18/2026 02:20 PM GMT,pagewatcher@govdelivery.com,0,0
http://www.kirklees.gov.uk/reminder,Bin round reminder,01/18/2026 02:20 PM GMT,pagewatcher@govdelivery.com,0,0
https://subscriberhelp.govdelivery.com/hc/en-us,Bin round reminder,01/18/2026 02:20 PM GMT,pagewatcher@govdelivery.com,0,0
http://www.kirklees.gov.uk/beta/information-and-data/pdf/privacy-notice-comms-and-marketing.pdf,Bin round reminder,01/18/2026 02:20 PM GMT,pagewatcher@govdelivery.com,0,0
http://www.govdelivery.com/portals/powered-by,Bin round reminder,01/18/2026 02:20 PM GMT,pagewatcher@govdelivery.com,0,0
https://www.instagram.com/kirklees.council,Bin round reminder,01/18/2026 02:50 PM GMT,pagewatcher@govdelivery.com,0,0
https://www.kirklees.gov.uk/binManagement/Green/20260119/R36MON,Bin round reminder,01/18/2026 02:50 PM GMT,pagewatcher@govdelivery.com,0,0
https://www.kirklees.gov.uk/beta/your-property-bins-recycling/recycling-items.aspx,Bin round reminder,01/18/2026 02:50 PM GMT,pagewatcher@govdelivery.com,0,0
https://public.govdelivery.com/accounts/UKKIRKLEES/subscriber/topics?qsp=UKKIRKLEES_7,Bin round reminder,01/18/2026 02:50 PM GMT,pagewatcher@govdelivery.com,0,0
https://www.facebook.com/liveinkirklees,Bin round reminder,01/18/2026 02:50 PM GMT,pagewatcher@govdelivery.com,0,0
https://twitter.com/KirkleesCouncil,Bin round reminder,01/18/2026 02:50 PM GMT,pagewatcher@govdelivery.com,0,0
https://www.youtube.com/user/KirkleesVideos,Bin round reminder,01/18/2026 02:50 PM GMT,pagewatcher@govdelivery.com,0,0
https://public.govdelivery.com/accounts/UKKIRKLEES/subscriber/edit?preferences=true#tab1,Bin round reminder,01/18/2026 02:50 PM GMT,pagewatcher@govdelivery.com,0,0
http://www.kirklees.gov.uk/reminder,Bin round reminder,01/18/2026 02:50 PM GMT,pagewatcher@govdelivery.com,0,0
https://subscriberhelp.govdelivery.com/hc/en-us,Bin round reminder,01/18/2026 02:50 PM GMT,pagewatcher@govdelivery.com,0,0
http://www.kirklees.gov.uk/beta/information-and-data/pdf/privacy-notice-comms-and-marketing.pdf,Bin round reminder,01/18/2026 02:50 PM GMT,pagewatcher@govdelivery.com,0,0
http://www.govdelivery.com/portals/powered-by,Bin round reminder,01/18/2026 02:50 PM GMT,pagewatcher@govdelivery.com,0,0
https://www.facebook.com/liveinkirklees,Bin round reminder,01/18/2026 12:00 AM GMT,pagewatcher@govdelivery.com,0,0
https://www.kirklees.gov.uk/binManagement/Grey/20260119/DG18MON,Bin round reminder,01/18/2026 12:00 AM GMT,pagewatcher@govdelivery.com,0,0
https://www.kirklees.gov.uk/beta/your-property-bins-recycling/recycling-items.aspx,Bin round reminder,01/18/2026 12:00 AM GMT,pagewatcher@govdelivery.com,0,0
https://www.instagram.com/kirklees.council,Bin round reminder,01/18/2026 12:00 AM GMT,pagewatcher@govdelivery.com,0,0
https://twitter.com/KirkleesCouncil,Bin round reminder,01/18/2026 12:00 AM GMT,pagewatcher@govdelivery.com,0,0
https://www.youtube.com/user/KirkleesVideos,Bin round reminder,01/18/2026 12:00 AM GMT,pagewatcher@govdelivery.com,0,0
https://public.govdelivery.com/accounts/UKKIRKLEES/subscriber/edit?preferences=true#tab1,Bin round reminder,01/18/2026 12:00 AM GMT,pagewatcher@govdelivery.com,0,0
http://www.kirklees.gov.uk/reminder,Bin round reminder,01/18/2026 12:00 AM GMT,pagewatcher@govdelivery.com,0,0
https://subscriberhelp.govdelivery.com/hc/en-us,Bin round reminder,01/18/2026 12:00 AM GMT,pagewatcher@govdelivery.com,0,0
http://www.kirklees.gov.uk/beta/information-and-data/pdf/privacy-notice-comms-and-marketing.pdf,Bin round reminder,01/18/2026 12:00 AM GMT,pagewatcher@govdelivery.com,0,0
http://www.govdelivery.com/portals/powered-by,Bin round reminder,01/18/2026 12:00 AM GMT,pagewatcher@govdelivery.com,0,0
http://www.kirklees.gov.uk/reminder,Bin round reminder,01/14/2026 03:20 PM GMT,pagewatcher@govdelivery.com,0,0
https://subscriberhelp.govdelivery.com/hc/en-us,Bin round reminder,01/14/2026 03:20 PM GMT,pagewatcher@govdelivery.com,0,0
http://www.kirklees.gov.uk/beta/information-and-data/pdf/privacy-notice-comms-and-marketing.pdf,Bin round reminder,01/14/2026 03:20 PM GMT,pagewatcher@govdelivery.com,0,0
http://www.govdelivery.com/portals/powered-by,Bin round reminder,01/14/2026 03:20 PM GMT,pagewatcher@govdelivery.com,0,0
https://www.kirklees.gov.uk/binManagement/Grey/20260115/D38THU,Bin round reminder,01/14/2026 03:20 PM GMT,pagewatcher@govdelivery.com,0,0
https://www.kirklees.gov.uk/beta/your-property-bins-recycling/recycling-items.aspx,Bin round reminder,01/14/2026 03:20 PM GMT,pagewatcher@govdelivery.com,0,0
https://www.instagram.com/kirklees.council,Bin round reminder,01/14/2026 03:20 PM GMT,pagewatcher@govdelivery.com,0,0
https://www.facebook.com/liveinkirklees,Bin round reminder,01/14/2026 03:20 PM GMT,pagewatcher@govdelivery.com,0,0
https://twitter.com/KirkleesCouncil,Bin round reminder,01/14/2026 03:20 PM GMT,pagewatcher@govdelivery.com,0,0
https://www.youtube.com/user/KirkleesVideos,Bin round reminder,01/14/2026 03:20 PM GMT,pagewatcher@govdelivery.com,0,0
https://public.govdelivery.com/accounts/UKKIRKLEES/subscriber/edit?preferences=true#tab1,Bin round reminder,01/14/2026 03:20 PM GMT,pagewatcher@govdelivery.com,0,0
https://www.youtube.com/KirkleesVideos,250113 Jan H4U Newsletter,01/13/2026 03:47 PM GMT,julie.brown@kirklees.gov.uk,0,0
https://www.kirklees.gov.uk/beta/support-for-ukraine/welcome-club.aspx,250113 Jan H4U Newsletter,01/13/2026 03:47 PM GMT,julie.brown@kirklees.gov.uk,0,0
https://www.facebook.com/liveinkirklees/,250113 Jan H4U Newsletter,01/13/2026 03:47 PM GMT,julie.brown@kirklees.gov.uk,0,0
https://www.linkedin.com/company/kirklees-council/,250113 Jan H4U Newsletter,01/13/2026 03:47 PM GMT,julie.brown@kirklees.gov.uk,0,0
https://www.instagram.com/kirklees.council/,250113 Jan H4U Newsletter,01/13/2026 03:47 PM GMT,julie.brown@kirklees.gov.uk,0,0
https://www.instagram.com/kirklees.council,Bin round reminder,01/14/2026 03:30 PM GMT,pagewatcher@govdelivery.com,0,0
https://subscriberhelp.govdelivery.com/hc/en-us,250113 Jan H4U Newsletter,01/13/2026 03:47 PM GMT,julie.brown@kirklees.gov.uk,0,0
http://www.kirklees.gov.uk/beta/information-and-data/pdf/privacy-notice-comms-and-marketing.pdf,250113 Jan H4U Newsletter,01/13/2026 03:47 PM GMT,julie.brown@kirklees.gov.uk,0,0
https://www.kirklees.gov.uk/binManagement/Green/20260115/RG13THU,Bin round reminder,01/14/2026 03:30 PM GMT,pagewatcher@govdelivery.com,0,0
https://www.kirklees.gov.uk/beta/your-property-bins-recycling/recycling-items.aspx,Bin round reminder,01/14/2026 03:30 PM GMT,pagewatcher@govdelivery.com,0,0
https://public.govdelivery.com/accounts/UKKIRKLEES/subscriber/topics?qsp=UKKIRKLEES_7,Bin round reminder,01/14/2026 03:30 PM GMT,pagewatcher@govdelivery.com,0,0
https://www.facebook.com/liveinkirklees,Bin round reminder,01/14/2026 03:30 PM GMT,pagewatcher@govdelivery.com,0,0
https://twitter.com/KirkleesCouncil,Bin round reminder,01/14/2026 03:30 PM GMT,pagewatcher@govdelivery.com,0,0
https://www.youtube.com/user/KirkleesVideos,Bin round reminder,01/14/2026 03:30 PM GMT,pagewatcher@govdelivery.com,0,0
http://www.kirklees.gov.uk/reminder,Bin round reminder,01/14/2026 03:30 PM GMT,pagewatcher@govdelivery.com,0,0
https://subscriberhelp.govdelivery.com/hc/en-us,Bin round reminder,01/14/2026 03:30 PM GMT,pagewatcher@govdelivery.com,0,0
http://www.kirklees.gov.uk/beta/information-and-data/pdf/privacy-notice-comms-and-marketing.pdf,Bin round reminder,01/14/2026 03:30 PM GMT,pagewatcher@govdelivery.com,0,0
http://www.govdelivery.com/portals/powered-by,Bin round reminder,01/14/2026 03:30 PM GMT,pagewatcher@govdelivery.com,0,0
https://www.facebook.com/liveinkirklees,Bin round reminder,01/14/2026 03:00 PM GMT,pagewatcher@govdelivery.com,0,0
https://www.kirklees.gov.uk/beta/your-property-bins-recycling/recycling-items.aspx,Bin round reminder,01/14/2026 03:00 PM GMT,pagewatcher@govdelivery.com,0,0
https://www.instagram.com/kirklees.council,Bin round reminder,01/14/2026 03:00 PM GMT,pagewatcher@govdelivery.com,0,0
https://twitter.com/KirkleesCouncil,Bin round reminder,01/14/2026 03:00 PM GMT,pagewatcher@govdelivery.com,0,0
https://www.youtube.com/user/KirkleesVideos,Bin round reminder,01/14/2026 03:00 PM GMT,pagewatcher@govdelivery.com,0,0
https://public.govdelivery.com/accounts/UKKIRKLEES/subscriber/edit?preferences=true#tab1,Bin round reminder,01/14/2026 03:00 PM GMT,pagewatcher@govdelivery.com,0,0
http://www.kirklees.gov.uk/reminder,Bin round reminder,01/14/2026 03:00 PM GMT,pagewatcher@govdelivery.com,0,0
https://subscriberhelp.govdelivery.com/hc/en-us,Bin round reminder,01/14/2026 03:00 PM GMT,pagewatcher@govdelivery.com,0,0
http://www.kirklees.gov.uk/beta/information-and-data/pdf/privacy-notice-comms-and-marketing.pdf,Bin round reminder,01/14/2026 03:00 PM GMT,pagewatcher@govdelivery.com,0,0
https://www.facebook.com/liveinkirklees,Bin round reminder,01/14/2026 02:50 PM GMT,pagewatcher@govdelivery.com,0,0
http://www.govdelivery.com/portals/powered-by,Bin round reminder,01/14/2026 03:00 PM GMT,pagewatcher@govdelivery.com,0,0
https://www.kirklees.gov.uk/beta/your-property-bins-recycling/recycling-items.aspx,Bin round reminder,01/14/2026 02:50 PM GMT,pagewatcher@govdelivery.com,0,0
https://public.govdelivery.com/accounts/UKKIRKLEES/subscriber/topics?qsp=UKKIRKLEES_7,Bin round reminder,01/14/2026 02:50 PM GMT,pagewatcher@govdelivery.com,0,0
https://www.instagram.com/kirklees.council,Bin round reminder,01/14/2026 02:50 PM GMT,pagewatcher@govdelivery.com,0,0
https://twitter.com/KirkleesCouncil,Bin round reminder,01/14/2026 02:50 PM GMT,pagewatcher@govdelivery.com,0,0
https://www.youtube.com/user/KirkleesVideos,Bin round reminder,01/14/2026 02:50 PM GMT,pagewatcher@govdelivery.com,0,0
https://public.govdelivery.com/accounts/UKKIRKLEES/subscriber/edit?preferences=true#tab1,Bin round reminder,01/14/2026 02:50 PM GMT,pagewatcher@govdelivery.com,0,0
http://www.kirklees.gov.uk/reminder,Bin round reminder,01/14/2026 02:50 PM GMT,pagewatcher@govdelivery.com,0,0
https://subscriberhelp.govdelivery.com/hc/en-us,Bin round reminder,01/14/2026 02:50 PM GMT,pagewatcher@govdelivery.com,0,0
http://www.kirklees.gov.uk/beta/information-and-data/pdf/privacy-notice-comms-and-marketing.pdf,Bin round reminder,01/14/2026 02:50 PM GMT,pagewatcher@govdelivery.com,0,0
http://www.govdelivery.com/portals/powered-by,Bin round reminder,01/14/2026 02:50 PM GMT,pagewatcher@govdelivery.com,0,0
https://www.instagram.com/kirklees.council,Bin round reminder,01/14/2026 03:50 PM GMT,pagewatcher@govdelivery.com,0,0
https://www.kirklees.gov.uk/binManagement/Green/20260115/RG16THU,Bin round reminder,01/14/2026 03:50 PM GMT,pagewatcher@govdelivery.com,0,0
https://www.kirklees.gov.uk/beta/your-property-bins-recycling/recycling-items.aspx,Bin round reminder,01/14/2026 03:50 PM GMT,pagewatcher@govdelivery.com,0,0
https://public.govdelivery.com/accounts/UKKIRKLEES/subscriber/topics?qsp=UKKIRKLEES_7,Bin round reminder,01/14/2026 03:50 PM GMT,pagewatcher@govdelivery.com,0,0
https://www.facebook.com/liveinkirklees,Bin round reminder,01/14/2026 03:50 PM GMT,pagewatcher@govdelivery.com,0,0
https://twitter.com/KirkleesCouncil,Bin round reminder,01/14/2026 03:50 PM GMT,pagewatcher@govdelivery.com,0,0
https://www.youtube.com/user/KirkleesVideos,Bin round reminder,01/14/2026 03:50 PM GMT,pagewatcher@govdelivery.com,0,0
https://public.govdelivery.com/accounts/UKKIRKLEES/subscriber/edit?preferences=true#tab1,Bin round reminder,01/14/2026 03:50 PM GMT,pagewatcher@govdelivery.com,0,0
http://www.kirklees.gov.uk/reminder,Bin round reminder,01/14/2026 03:50 PM GMT,pagewatcher@govdelivery.com,0,0
https://subscriberhelp.govdelivery.com/hc/en-us,Bin round reminder,01/14/2026 03:50 PM GMT,pagewatcher@govdelivery.com,0,0
http://www.kirklees.gov.uk/beta/information-and-data/pdf/privacy-notice-comms-and-marketing.pdf,Bin round reminder,01/14/2026 03:50 PM GMT,pagewatcher@govdelivery.com,0,0
http://www.govdelivery.com/portals/powered-by,Bin round reminder,01/14/2026 03:50 PM GMT,pagewatcher@govdelivery.com,0,0
https://www.instagram.com/kirklees.council,Bin round reminder,01/14/2026 04:00 PM GMT,pagewatcher@govdelivery.com,0,0
https://www.kirklees.gov.uk/binManagement/Green/20260115/RG17THU,Bin round reminder,01/14/2026 04:00 PM GMT,pagewatcher@govdelivery.com,0,0
https://www.kirklees.gov.uk/beta/your-property-bins-recycling/recycling-items.aspx,Bin round reminder,01/14/2026 04:00 PM GMT,pagewatcher@govdelivery.com,0,0
https://public.govdelivery.com/accounts/UKKIRKLEES/subscriber/topics?qsp=UKKIRKLEES_7,Bin round reminder,01/14/2026 04:00 PM GMT,pagewatcher@govdelivery.com,0,0
https://www.facebook.com/liveinkirklees,Bin round reminder,01/14/2026 04:00 PM GMT,pagewatcher@govdelivery.com,0,0
https://twitter.com/KirkleesCouncil,Bin round reminder,01/14/2026 04:00 PM GMT,pagewatcher@govdelivery.com,0,0
https://www.youtube.com/user/KirkleesVideos,Bin round reminder,01/14/2026 04:00 PM GMT,pagewatcher@govdelivery.com,0,0
https://public.govdelivery.com/accounts/UKKIRKLEES/subscriber/edit?preferences=true#tab1,Bin round reminder,01/14/2026 04:00 PM GMT,pagewatcher@govdelivery.com,0,0
http://www.kirklees.gov.uk/reminder,Bin round reminder,01/14/2026 04:00 PM GMT,pagewatcher@govdelivery.com,0,0
https://subscriberhelp.govdelivery.com/hc/en-us,Bin round reminder,01/14/2026 04:00 PM GMT,pagewatcher@govdelivery.com,0,0
http://www.kirklees.gov.uk/beta/information-and-data/pdf/privacy-notice-comms-and-marketing.pdf,Bin round reminder,01/14/2026 04:00 PM GMT,pagewatcher@govdelivery.com,0,0
http://www.govdelivery.com/portals/powered-by,Bin round reminder,01/14/2026 04:00 PM GMT,pagewatcher@govdelivery.com,0,0
https://www.facebook.com/liveinkirklees,Bin round reminder,01/14/2026 02:10 PM GMT,pagewatcher@govdelivery.com,0,0
https://www.kirklees.gov.uk/binManagement/Grey/20260115/D35THU,Bin round reminder,01/14/2026 02:10 PM GMT,pagewatcher@govdelivery.com,0,0
https://www.kirklees.gov.uk/beta/your-property-bins-recycling/recycling-items.aspx,Bin round reminder,01/14/2026 02:10 PM GMT,pagewatcher@govdelivery.com,0,0
https://www.instagram.com/kirklees.council,Bin round reminder,01/14/2026 02:10 PM GMT,pagewatcher@govdelivery.com,0,0
https://twitter.com/KirkleesCouncil,Bin round reminder,01/14/2026 02:10 PM GMT,pagewatcher@govdelivery.com,0,0
https://www.youtube.com/user/KirkleesVideos,Bin round reminder,01/14/2026 02:10 PM GMT,pagewatcher@govdelivery.com,0,0
https://public.govdelivery.com/accounts/UKKIRKLEES/subscriber/edit?preferences=true#tab1,Bin round reminder,01/14/2026 02:10 PM GMT,pagewatcher@govdelivery.com,0,0
http://www.kirklees.gov.uk/reminder,Bin round reminder,01/14/2026 02:10 PM GMT,pagewatcher@govdelivery.com,0,0
https://subscriberhelp.govdelivery.com/hc/en-us,Bin round reminder,01/14/2026 02:10 PM GMT,pagewatcher@govdelivery.com,0,0
http://www.kirklees.gov.uk/beta/information-and-data/pdf/privacy-notice-comms-and-marketing.pdf,Bin round reminder,01/14/2026 02:10 PM GMT,pagewatcher@govdelivery.com,0,0
http://www.govdelivery.com/portals/powered-by,Bin round reminder,01/14/2026 02:10 PM GMT,pagewatcher@govdelivery.com,0,0
https://www.facebook.com/liveinkirklees,Bin round reminder,01/14/2026 02:50 PM GMT,pagewatcher@govdelivery.com,0,0
https://www.kirklees.gov.uk/binManagement/Grey/20260115/D31THU,Bin round reminder,01/14/2026 02:50 PM GMT,pagewatcher@govdelivery.com,0,0
https://www.kirklees.gov.uk/beta/your-property-bins-recycling/recycling-items.aspx,Bin round reminder,01/14/2026 02:50 PM GMT,pagewatcher@govdelivery.com,0,0
https://www.instagram.com/kirklees.council,Bin round reminder,01/14/2026 02:50 PM GMT,pagewatcher@govdelivery.com,0,0
https://twitter.com/KirkleesCouncil,Bin round reminder,01/14/2026 02:50 PM GMT,pagewatcher@govdelivery.com,0,0
https://www.youtube.com/user/KirkleesVideos,Bin round reminder,01/14/2026 02:50 PM GMT,pagewatcher@govdelivery.com,0,0
http://www.kirklees.gov.uk/reminder,Bin round reminder,01/14/2026 02:50 PM GMT,pagewatcher@govdelivery.com,0,0
https://subscriberhelp.govdelivery.com/hc/en-us,Bin round reminder,01/14/2026 02:50 PM GMT,pagewatcher@govdelivery.com,0,0
http://www.kirklees.gov.uk/beta/information-and-data/pdf/privacy-notice-comms-and-marketing.pdf,Bin round reminder,01/14/2026 02:50 PM GMT,pagewatcher@govdelivery.com,0,0
https://twitter.com/KirkleesCouncil,Bin round reminder,01/14/2026 02:40 PM GMT,pagewatcher@govdelivery.com,0,0
http://www.govdelivery.com/portals/powered-by,Bin round reminder,01/14/2026 02:50 PM GMT,pagewatcher@govdelivery.com,0,0
https://www.kirklees.gov.uk/binManagement/Grey/20260115/DG05THU,Bin round reminder,01/14/2026 02:40 PM GMT,pagewatcher@govdelivery.com,0,0
https://www.kirklees.gov.uk/beta/your-property-bins-recycling/recycling-items.aspx,Bin round reminder,01/14/2026 02:40 PM GMT,pagewatcher@govdelivery.com,0,0
https://www.instagram.com/kirklees.council,Bin round reminder,01/14/2026 02:40 PM GMT,pagewatcher@govdelivery.com,0,0
https://www.facebook.com/liveinkirklees,Bin round reminder,01/14/2026 02:40 PM GMT,pagewatcher@govdelivery.com,0,0
https://www.youtube.com/user/KirkleesVideos,Bin round reminder,01/14/2026 02:40 PM GMT,pagewatcher@govdelivery.com,0,0
http://www.kirklees.gov.uk/reminder,Bin round reminder,01/14/2026 02:40 PM GMT,pagewatcher@govdelivery.com,0,0
https://subscriberhelp.govdelivery.com/hc/en-us,Bin round reminder,01/14/2026 02:40 PM GMT,pagewatcher@govdelivery.com,0,0
http://www.kirklees.gov.uk/beta/information-and-data/pdf/privacy-notice-comms-and-marketing.pdf,Bin round reminder,01/14/2026 02:40 PM GMT,pagewatcher@govdelivery.com,0,0
http://www.govdelivery.com/portals/powered-by,Bin round reminder,01/14/2026 02:40 PM GMT,pagewatcher@govdelivery.com,0,0
https://www.facebook.com/liveinkirklees,Bin round reminder,01/14/2026 01:00 PM GMT,pagewatcher@govdelivery.com,0,0
https://www.kirklees.gov.uk/beta/your-property-bins-recycling/recycling-items.aspx,Bin round reminder,01/14/2026 01:00 PM GMT,pagewatcher@govdelivery.com,0,0
https://www.instagram.com/kirklees.council,Bin round reminder,01/14/2026 01:00 PM GMT,pagewatcher@govdelivery.com,0,0
https://twitter.com/KirkleesCouncil,Bin round reminder,01/14/2026 01:00 PM GMT,pagewatcher@govdelivery.com,0,0
https://www.youtube.com/user/KirkleesVideos,Bin round reminder,01/14/2026 01:00 PM GMT,pagewatcher@govdelivery.com,0,0
http://www.kirklees.gov.uk/reminder,Bin round reminder,01/14/2026 01:00 PM GMT,pagewatcher@govdelivery.com,0,0
https://subscriberhelp.govdelivery.com/hc/en-us,Bin round reminder,01/14/2026 01:00 PM GMT,pagewatcher@govdelivery.com,0,0
http://www.kirklees.gov.uk/beta/information-and-data/pdf/privacy-notice-comms-and-marketing.pdf,Bin round reminder,01/14/2026 01:00 PM GMT,pagewatcher@govdelivery.com,0,0
http://www.govdelivery.com/portals/powered-by,Bin round reminder,01/14/2026 01:00 PM GMT,pagewatcher@govdelivery.com,0,0
https://www.facebook.com/liveinkirklees,Bin round reminder,01/14/2026 03:40 PM GMT,pagewatcher@govdelivery.com,0,0
https://www.kirklees.gov.uk/beta/your-property-bins-recycling/recycling-items.aspx,Bin round reminder,01/14/2026 03:40 PM GMT,pagewatcher@govdelivery.com,0,0
https://www.instagram.com/kirklees.council,Bin round reminder,01/14/2026 03:40 PM GMT,pagewatcher@govdelivery.com,0,0
https://twitter.com/KirkleesCouncil,Bin round reminder,01/14/2026 03:40 PM GMT,pagewatcher@govdelivery.com,0,0
https://www.youtube.com/user/KirkleesVideos,Bin round reminder,01/14/2026 03:40 PM GMT,pagewatcher@govdelivery.com,0,0
https://public.govdelivery.com/accounts/UKKIRKLEES/subscriber/edit?preferences=true#tab1,Bin round reminder,01/14/2026 03:40 PM GMT,pagewatcher@govdelivery.com,0,0
http://www.kirklees.gov.uk/reminder,Bin round reminder,01/14/2026 03:40 PM GMT,pagewatcher@govdelivery.com,0,0
https://subscriberhelp.govdelivery.com/hc/en-us,Bin round reminder,01/14/2026 03:40 PM GMT,pagewatcher@govdelivery.com,0,0
http://www.kirklees.gov.uk/beta/information-and-data/pdf/privacy-notice-comms-and-marketing.pdf,Bin round reminder,01/14/2026 03:40 PM GMT,pagewatcher@govdelivery.com,0,0
https://www.instagram.com/kirklees.council,Bin round reminder,01/14/2026 04:00 PM GMT,pagewatcher@govdelivery.com,0,0
https://www.kirklees.gov.uk/binManagement/Green/20260115/RG14THU,Bin round reminder,01/14/2026 04:00 PM GMT,pagewatcher@govdelivery.com,0,0
https://public.govdelivery.com/accounts/UKKIRKLEES/subscriber/topics?qsp=UKKIRKLEES_7,Bin round reminder,01/14/2026 04:00 PM GMT,pagewatcher@govdelivery.com,0,0
https://www.facebook.com/liveinkirklees,Bin round reminder,01/14/2026 04:00 PM GMT,pagewatcher@govdelivery.com,0,0
https://twitter.com/KirkleesCouncil,Bin round reminder,01/14/2026 04:00 PM GMT,pagewatcher@govdelivery.com,0,0
https://www.youtube.com/user/KirkleesVideos,Bin round reminder,01/14/2026 04:00 PM GMT,pagewatcher@govdelivery.com,0,0
https://public.govdelivery.com/accounts/UKKIRKLEES/subscriber/edit?preferences=true#tab1,Bin round reminder,01/14/2026 04:00 PM GMT,pagewatcher@govdelivery.com,0,0
http://www.kirklees.gov.uk/reminder,Bin round reminder,01/14/2026 04:00 PM GMT,pagewatcher@govdelivery.com,0,0
https://subscriberhelp.govdelivery.com/hc/en-us,Bin round reminder,01/14/2026 04:00 PM GMT,pagewatcher@govdelivery.com,0,0
http://www.kirklees.gov.uk/beta/information-and-data/pdf/privacy-notice-comms-and-marketing.pdf,Bin round reminder,01/14/2026 04:00 PM GMT,pagewatcher@govdelivery.com,0,0
http://www.govdelivery.com/portals/powered-by,Bin round reminder,01/14/2026 04:00 PM GMT,pagewatcher@govdelivery.com,0,0
https://www.instagram.com/kirklees.council,Bin round reminder,01/14/2026 03:10 PM GMT,pagewatcher@govdelivery.com,0,0
https://www.kirklees.gov.uk/binManagement/Green/20260115/RG18THU,Bin round reminder,01/14/2026 03:10 PM GMT,pagewatcher@govdelivery.com,0,0
https://www.kirklees.gov.uk/beta/your-property-bins-recycling/recycling-items.aspx,Bin round reminder,01/14/2026 03:10 PM GMT,pagewatcher@govdelivery.com,0,0
https://public.govdelivery.com/accounts/UKKIRKLEES/subscriber/topics?qsp=UKKIRKLEES_7,Bin round reminder,01/14/2026 03:10 PM GMT,pagewatcher@govdelivery.com,0,0
https://www.facebook.com/liveinkirklees,Bin round reminder,01/14/2026 03:10 PM GMT,pagewatcher@govdelivery.com,0,0
https://twitter.com/KirkleesCouncil,Bin round reminder,01/14/2026 03:10 PM GMT,pagewatcher@govdelivery.com,0,0
https://www.youtube.com/user/KirkleesVideos,Bin round reminder,01/14/2026 03:10 PM GMT,pagewatcher@govdelivery.com,0,0
https://public.govdelivery.com/accounts/UKKIRKLEES/subscriber/edit?preferences=true#tab1,Bin round reminder,01/14/2026 03:10 PM GMT,pagewatcher@govdelivery.com,0,0
http://www.kirklees.gov.uk/reminder,Bin round reminder,01/14/2026 03:10 PM GMT,pagewatcher@govdelivery.com,0,0
https://subscriberhelp.govdelivery.com/hc/en-us,Bin round reminder,01/14/2026 03:10 PM GMT,pagewatcher@govdelivery.com,0,0
http://www.kirklees.gov.uk/beta/information-and-data/pdf/privacy-notice-comms-and-marketing.pdf,Bin round reminder,01/14/2026 03:10 PM GMT,pagewatcher@govdelivery.com,0,0
http://www.govdelivery.com/portals/powered-by,Bin round reminder,01/14/2026 03:10 PM GMT,pagewatcher@govdelivery.com,0,0
https://www.instagram.com/kirklees.council,Bin round reminder,01/14/2026 02:20 PM GMT,pagewatcher@govdelivery.com,0,0
https://www.kirklees.gov.uk/binManagement/Green/20260115/R33THU,Bin round reminder,01/14/2026 02:20 PM GMT,pagewatcher@govdelivery.com,0,0
https://www.kirklees.gov.uk/beta/your-property-bins-recycling/recycling-items.aspx,Bin round reminder,01/14/2026 02:20 PM GMT,pagewatcher@govdelivery.com,0,0
https://public.govdelivery.com/accounts/UKKIRKLEES/subscriber/topics?qsp=UKKIRKLEES_7,Bin round reminder,01/14/2026 02:20 PM GMT,pagewatcher@govdelivery.com,0,0
https://www.facebook.com/liveinkirklees,Bin round reminder,01/14/2026 02:20 PM GMT,pagewatcher@govdelivery.com,0,0
https://twitter.com/KirkleesCouncil,Bin round reminder,01/14/2026 02:20 PM GMT,pagewatcher@govdelivery.com,0,0
https://www.youtube.com/user/KirkleesVideos,Bin round reminder,01/14/2026 02:20 PM GMT,pagewatcher@govdelivery.com,0,0
https://public.govdelivery.com/accounts/UKKIRKLEES/subscriber/edit?preferences=true#tab1,Bin round reminder,01/14/2026 02:20 PM GMT,pagewatcher@govdelivery.com,0,0
http://www.kirklees.gov.uk/reminder,Bin round reminder,01/14/2026 02:20 PM GMT,pagewatcher@govdelivery.com,0,0
https://subscriberhelp.govdelivery.com/hc/en-us,Bin round reminder,01/14/2026 02:20 PM GMT,pagewatcher@govdelivery.com,0,0
http://www.kirklees.gov.uk/beta/information-and-data/pdf/privacy-notice-comms-and-marketing.pdf,Bin round reminder,01/14/2026 02:20 PM GMT,pagewatcher@govdelivery.com,0,0
http://www.govdelivery.com/portals/powered-by,Bin round reminder,01/14/2026 02:20 PM GMT,pagewatcher@govdelivery.com,0,0
https://www.kirklees.gov.uk/binManagement/Grey/20260115/D32THU,Bin round reminder,01/14/2026 02:20 PM GMT,pagewatcher@govdelivery.com,0,0
https://www.kirklees.gov.uk/beta/your-property-bins-recycling/recycling-items.aspx,Bin round reminder,01/14/2026 02:20 PM GMT,pagewatcher@govdelivery.com,0,0
https://www.instagram.com/kirklees.council,Bin round reminder,01/14/2026 02:20 PM GMT,pagewatcher@govdelivery.com,0,0
https://www.facebook.com/liveinkirklees,Bin round reminder,01/14/2026 02:20 PM GMT,pagewatcher@govdelivery.com,0,0
https://twitter.com/KirkleesCouncil,Bin round reminder,01/14/2026 02:20 PM GMT,pagewatcher@govdelivery.com,0,0
https://www.youtube.com/user/KirkleesVideos,Bin round reminder,01/14/2026 02:20 PM GMT,pagewatcher@govdelivery.com,0,0
https://public.govdelivery.com/accounts/UKKIRKLEES/subscriber/edit?preferences=true#tab1,Bin round reminder,01/14/2026 02:20 PM GMT,pagewatcher@govdelivery.com,0,0
http://www.kirklees.gov.uk/reminder,Bin round reminder,01/14/2026 02:20 PM GMT,pagewatcher@govdelivery.com,0,0
https://subscriberhelp.govdelivery.com/hc/en-us,Bin round reminder,01/14/2026 02:20 PM GMT,pagewatcher@govdelivery.com,0,0
http://www.kirklees.gov.uk/beta/information-and-data/pdf/privacy-notice-comms-and-marketing.pdf,Bin round reminder,01/14/2026 02:20 PM GMT,pagewatcher@govdelivery.com,0,0
http://www.govdelivery.com/portals/powered-by,Bin round reminder,01/14/2026 02:20 PM GMT,pagewatcher@govdelivery.com,0,0
https://www.instagram.com/kirklees.council,Bin round reminder,01/14/2026 03:30 PM GMT,pagewatcher@govdelivery.com,0,0
https://www.kirklees.gov.uk/binManagement/Green/20260115/R34THU,Bin round reminder,01/14/2026 03:30 PM GMT,pagewatcher@govdelivery.com,0,0
https://www.kirklees.gov.uk/beta/your-property-bins-recycling/recycling-items.aspx,Bin round reminder,01/14/2026 03:30 PM GMT,pagewatcher@govdelivery.com,0,0
https://www.facebook.com/liveinkirklees,Bin round reminder,01/14/2026 03:30 PM GMT,pagewatcher@govdelivery.com,0,0
https://twitter.com/KirkleesCouncil,Bin round reminder,01/14/2026 03:30 PM GMT,pagewatcher@govdelivery.com,0,0
https://www.youtube.com/user/KirkleesVideos,Bin round reminder,01/14/2026 03:30 PM GMT,pagewatcher@govdelivery.com,0,0
https://public.govdelivery.com/accounts/UKKIRKLEES/subscriber/edit?preferences=true#tab1,Bin round reminder,01/14/2026 03:30 PM GMT,pagewatcher@govdelivery.com,0,0
http://www.kirklees.gov.uk/reminder,Bin round reminder,01/14/2026 03:30 PM GMT,pagewatcher@govdelivery.com,0,0
https://www.kirklees.gov.uk/beta/your-property-bins-recycling/recycling-items.aspx,Bin round reminder,01/14/2026 02:10 PM GMT,pagewatcher@govdelivery.com,0,0
https://public.govdelivery.com/accounts/UKKIRKLEES/subscriber/topics?qsp=UKKIRKLEES_7,Bin round reminder,01/14/2026 02:10 PM GMT,pagewatcher@govdelivery.com,0,0
https://www.instagram.com/kirklees.council,Bin round reminder,01/14/2026 02:10 PM GMT,pagewatcher@govdelivery.com,0,0
https://www.facebook.com/liveinkirklees,Bin round reminder,01/14/2026 02:10 PM GMT,pagewatcher@govdelivery.com,0,0
https://twitter.com/KirkleesCouncil,Bin round reminder,01/14/2026 02:10 PM GMT,pagewatcher@govdelivery.com,0,0
https://www.youtube.com/user/KirkleesVideos,Bin round reminder,01/14/2026 02:10 PM GMT,pagewatcher@govdelivery.com,0,0
https://public.govdelivery.com/accounts/UKKIRKLEES/subscriber/edit?preferences=true#tab1,Bin round reminder,01/14/2026 02:10 PM GMT,pagewatcher@govdelivery.com,0,0
http://www.kirklees.gov.uk/reminder,Bin round reminder,01/14/2026 02:10 PM GMT,pagewatcher@govdelivery.com,0,0
https://subscriberhelp.govdelivery.com/hc/en-us,Bin round reminder,01/14/2026 02:10 PM GMT,pagewatcher@govdelivery.com,0,0
http://www.kirklees.gov.uk/beta/information-and-data/pdf/privacy-notice-comms-and-marketing.pdf,Bin round reminder,01/14/2026 02:10 PM GMT,pagewatcher@govdelivery.com,0,0
http://www.govdelivery.com/portals/powered-by,Bin round reminder,01/14/2026 02:10 PM GMT,pagewatcher@govdelivery.com,0,0
https://www.instagram.com/kirklees.council,Bin round reminder,01/14/2026 03:00 PM GMT,pagewatcher@govdelivery.com,0,0
https://subscriberhelp.govdelivery.com/hc/en-us,Bin round reminder,01/14/2026 03:30 PM GMT,pagewatcher@govdelivery.com,0,0
http://www.kirklees.gov.uk/beta/information-and-data/pdf/privacy-notice-comms-and-marketing.pdf,Bin round reminder,01/14/2026 03:30 PM GMT,pagewatcher@govdelivery.com,0,0
http://www.govdelivery.com/portals/powered-by,Bin round reminder,01/14/2026 03:30 PM GMT,pagewatcher@govdelivery.com,0,0
https://www.kirklees.gov.uk/beta/your-property-bins-recycling/recycling-items.aspx,Bin round reminder,01/14/2026 03:00 PM GMT,pagewatcher@govdelivery.com,0,0
https://www.facebook.com/liveinkirklees,Bin round reminder,01/14/2026 03:00 PM GMT,pagewatcher@govdelivery.com,0,0
https://twitter.com/KirkleesCouncil,Bin round reminder,01/14/2026 03:00 PM GMT,pagewatcher@govdelivery.com,0,0
https://www.youtube.com/user/KirkleesVideos,Bin round reminder,01/14/2026 03:00 PM GMT,pagewatcher@govdelivery.com,0,0
https://public.govdelivery.com/accounts/UKKIRKLEES/subscriber/edit?preferences=true#tab1,Bin round reminder,01/14/2026 03:00 PM GMT,pagewatcher@govdelivery.com,0,0
http://www.kirklees.gov.uk/reminder,Bin round reminder,01/14/2026 03:00 PM GMT,pagewatcher@govdelivery.com,0,0
https://subscriberhelp.govdelivery.com/hc/en-us,Bin round reminder,01/14/2026 03:00 PM GMT,pagewatcher@govdelivery.com,0,0
http://www.kirklees.gov.uk/beta/information-and-data/pdf/privacy-notice-comms-and-marketing.pdf,Bin round reminder,01/14/2026 03:00 PM GMT,pagewatcher@govdelivery.com,0,0
http://www.govdelivery.com/portals/powered-by,Bin round reminder,01/14/2026 03:00 PM GMT,pagewatcher@govdelivery.com,0,0
https://www.facebook.com/liveinkirklees,Bin round reminder,01/14/2026 04:20 PM GMT,pagewatcher@govdelivery.com,0,0
https://www.kirklees.gov.uk/binManagement/Grey/20260115/DG07THU,Bin round reminder,01/14/2026 04:20 PM GMT,pagewatcher@govdelivery.com,0,0
https://www.kirklees.gov.uk/beta/your-property-bins-recycling/recycling-items.aspx,Bin round reminder,01/14/2026 04:20 PM GMT,pagewatcher@govdelivery.com,0,0
https://www.instagram.com/kirklees.council,Bin round reminder,01/14/2026 04:20 PM GMT,pagewatcher@govdelivery.com,0,0
https://twitter.com/KirkleesCouncil,Bin round reminder,01/14/2026 04:20 PM GMT,pagewatcher@govdelivery.com,0,0
https://www.youtube.com/user/KirkleesVideos,Bin round reminder,01/14/2026 04:20 PM GMT,pagewatcher@govdelivery.com,0,0
https://public.govdelivery.com/accounts/UKKIRKLEES/subscriber/edit?preferences=true#tab1,Bin round reminder,01/14/2026 04:20 PM GMT,pagewatcher@govdelivery.com,0,0
http://www.kirklees.gov.uk/reminder,Bin round reminder,01/14/2026 04:20 PM GMT,pagewatcher@govdelivery.com,0,0
https://subscriberhelp.govdelivery.com/hc/en-us,Bin round reminder,01/14/2026 04:20 PM GMT,pagewatcher@govdelivery.com,0,0
http://www.kirklees.gov.uk/beta/information-and-data/pdf/privacy-notice-comms-and-marketing.pdf,Bin round reminder,01/14/2026 04:20 PM GMT,pagewatcher@govdelivery.com,0,0
http://www.govdelivery.com/portals/powered-by,Bin round reminder,01/14/2026 04:20 PM GMT,pagewatcher@govdelivery.com,0,0
https://www.facebook.com/liveinkirklees,Bin round reminder,01/14/2026 04:10 PM GMT,pagewatcher@govdelivery.com,0,0
https://www.kirklees.gov.uk/binManagement/Grey/20260115/DG02THU,Bin round reminder,01/14/2026 04:10 PM GMT,pagewatcher@govdelivery.com,0,0
https://www.instagram.com/kirklees.council,Bin round reminder,01/14/2026 04:10 PM GMT,pagewatcher@govdelivery.com,0,0
https://twitter.com/KirkleesCouncil,Bin round reminder,01/14/2026 04:10 PM GMT,pagewatcher@govdelivery.com,0,0
https://www.youtube.com/user/KirkleesVideos,Bin round reminder,01/14/2026 04:10 PM GMT,pagewatcher@govdelivery.com,0,0
https://public.govdelivery.com/accounts/UKKIRKLEES/subscriber/edit?preferences=true#tab1,Bin round reminder,01/14/2026 04:10 PM GMT,pagewatcher@govdelivery.com,0,0
http://www.kirklees.gov.uk/reminder,Bin round reminder,01/14/2026 04:10 PM GMT,pagewatcher@govdelivery.com,0,0
https://subscriberhelp.govdelivery.com/hc/en-us,Bin round reminder,01/14/2026 04:10 PM GMT,pagewatcher@govdelivery.com,0,0
http://www.kirklees.gov.uk/beta/information-and-data/pdf/privacy-notice-comms-and-marketing.pdf,Bin round reminder,01/14/2026 04:10 PM GMT,pagewatcher@govdelivery.com,0,0
http://www.govdelivery.com/portals/powered-by,Bin round reminder,01/14/2026 04:10 PM GMT,pagewatcher@govdelivery.com,0,0
https://www.kirklees.gov.uk/binManagement/Grey/20260115/D36THU,Bin round reminder,01/14/2026 03:50 PM GMT,pagewatcher@govdelivery.com,0,0
https://www.kirklees.gov.uk/beta/your-property-bins-recycling/recycling-items.aspx,Bin round reminder,01/14/2026 03:50 PM GMT,pagewatcher@govdelivery.com,0,0
https://www.instagram.com/kirklees.council,Bin round reminder,01/14/2026 03:50 PM GMT,pagewatcher@govdelivery.com,0,0
https://www.facebook.com/liveinkirklees,Bin round reminder,01/14/2026 03:50 PM GMT,pagewatcher@govdelivery.com,0,0
https://twitter.com/KirkleesCouncil,Bin round reminder,01/14/2026 03:50 PM GMT,pagewatcher@govdelivery.com,0,0
https://www.youtube.com/user/KirkleesVideos,Bin round reminder,01/14/2026 03:50 PM GMT,pagewatcher@govdelivery.com,0,0
https://public.govdelivery.com/accounts/UKKIRKLEES/subscriber/edit?preferences=true#tab1,Bin round reminder,01/14/2026 03:50 PM GMT,pagewatcher@govdelivery.com,0,0
http://www.kirklees.gov.uk/reminder,Bin round reminder,01/14/2026 03:50 PM GMT,pagewatcher@govdelivery.com,0,0
https://subscriberhelp.govdelivery.com/hc/en-us,Bin round reminder,01/14/2026 03:50 PM GMT,pagewatcher@govdelivery.com,0,0
http://www.kirklees.gov.uk/beta/information-and-data/pdf/privacy-notice-comms-and-marketing.pdf,Bin round reminder,01/14/2026 03:50 PM GMT,pagewatcher@govdelivery.com,0,0
http://www.govdelivery.com/portals/powered-by,Bin round reminder,01/14/2026 03:50 PM GMT,pagewatcher@govdelivery.com,0,0
https://www.facebook.com/liveinkirklees,Bin round reminder,01/13/2026 03:40 PM GMT,pagewatcher@govdelivery.com,0,0
https://www.kirklees.gov.uk/binManagement/Green/20260114/R30WED,Bin round reminder,01/13/2026 03:40 PM GMT,pagewatcher@govdelivery.com,0,0
https://www.kirklees.gov.uk/beta/your-property-bins-recycling/recycling-items.aspx,Bin round reminder,01/13/2026 03:40 PM GMT,pagewatcher@govdelivery.com,0,0
https://public.govdelivery.com/accounts/UKKIRKLEES/subscriber/topics?qsp=UKKIRKLEES_7,Bin round reminder,01/13/2026 03:40 PM GMT,pagewatcher@govdelivery.com,0,0
https://www.instagram.com/kirklees.council,Bin round reminder,01/13/2026 03:40 PM GMT,pagewatcher@govdelivery.com,0,0
https://twitter.com/KirkleesCouncil,Bin round reminder,01/13/2026 03:40 PM GMT,pagewatcher@govdelivery.com,0,0
https://www.youtube.com/user/KirkleesVideos,Bin round reminder,01/13/2026 03:40 PM GMT,pagewatcher@govdelivery.com,0,0
https://public.govdelivery.com/accounts/UKKIRKLEES/subscriber/edit?preferences=true#tab1,Bin round reminder,01/13/2026 03:40 PM GMT,pagewatcher@govdelivery.com,0,0
http://www.kirklees.gov.uk/reminder,Bin round reminder,01/13/2026 03:40 PM GMT,pagewatcher@govdelivery.com,0,0
https://subscriberhelp.govdelivery.com/hc/en-us,Bin round reminder,01/13/2026 03:40 PM GMT,pagewatcher@govdelivery.com,0,0
http://www.kirklees.gov.uk/beta/information-and-data/pdf/privacy-notice-comms-and-marketing.pdf,Bin round reminder,01/13/2026 03:40 PM GMT,pagewatcher@govdelivery.com,0,0
http://www.govdelivery.com/portals/powered-by,Bin round reminder,01/13/2026 03:40 PM GMT,pagewatcher@govdelivery.com,0,0
https://www.instagram.com/kirklees.council,Bin round reminder,01/12/2026 03:50 PM GMT,pagewatcher@govdelivery.com,0,0
https://www.kirklees.gov.uk/binManagement/Green/20260113/R33TUE,Bin round reminder,01/12/2026 03:50 PM GMT,pagewatcher@govdelivery.com,0,0
https://public.govdelivery.com/accounts/UKKIRKLEES/subscriber/topics?qsp=UKKIRKLEES_7,Bin round reminder,01/12/2026 03:50 PM GMT,pagewatcher@govdelivery.com,0,0
https://www.facebook.com/liveinkirklees,Bin round reminder,01/12/2026 03:50 PM GMT,pagewatcher@govdelivery.com,0,0
https://twitter.com/KirkleesCouncil,Bin round reminder,01/12/2026 03:50 PM GMT,pagewatcher@govdelivery.com,0,0
https://www.youtube.com/user/KirkleesVideos,Bin round reminder,01/12/2026 03:50 PM GMT,pagewatcher@govdelivery.com,0,0
https://public.govdelivery.com/accounts/UKKIRKLEES/subscriber/edit?preferences=true#tab1,Bin round reminder,01/12/2026 03:50 PM GMT,pagewatcher@govdelivery.com,0,0
http://www.kirklees.gov.uk/reminder,Bin round reminder,01/12/2026 03:50 PM GMT,pagewatcher@govdelivery.com,0,0
https://subscriberhelp.govdelivery.com/hc/en-us,Bin round reminder,01/12/2026 03:50 PM GMT,pagewatcher@govdelivery.com,0,0
http://www.govdelivery.com/portals/powered-by,Bin round reminder,01/12/2026 03:50 PM GMT,pagewatcher@govdelivery.com,0,0
https://www.instagram.com/kirklees.council,Bin round reminder,01/13/2026 03:00 PM GMT,pagewatcher@govdelivery.com,0,0
https://www.kirklees.gov.uk/beta/your-property-bins-recycling/recycling-items.aspx,Bin round reminder,01/13/2026 03:00 PM GMT,pagewatcher@govdelivery.com,0,0
https://public.govdelivery.com/accounts/UKKIRKLEES/subscriber/topics?qsp=UKKIRKLEES_7,Bin round reminder,01/13/2026 03:00 PM GMT,pagewatcher@govdelivery.com,0,0
https://www.facebook.com/liveinkirklees,Bin round reminder,01/13/2026 03:00 PM GMT,pagewatcher@govdelivery.com,0,0
https://twitter.com/KirkleesCouncil,Bin round reminder,01/13/2026 03:00 PM GMT,pagewatcher@govdelivery.com,0,0
https://www.youtube.com/user/KirkleesVideos,Bin round reminder,01/13/2026 03:00 PM GMT,pagewatcher@govdelivery.com,0,0
https://public.govdelivery.com/accounts/UKKIRKLEES/subscriber/edit?preferences=true#tab1,Bin round reminder,01/13/2026 03:00 PM GMT,pagewatcher@govdelivery.com,0,0
http://www.govdelivery.com/portals/powered-by,Bin round reminder,01/13/2026 03:00 PM GMT,pagewatcher@govdelivery.com,0,0
http://www.kirklees.gov.uk/reminder,Bin round reminder,01/13/2026 03:00 PM GMT,pagewatcher@govdelivery.com,0,0
https://subscriberhelp.govdelivery.com/hc/en-us,Bin round reminder,01/13/2026 03:00 PM GMT,pagewatcher@govdelivery.com,0,0
http://www.kirklees.gov.uk/beta/information-and-data/pdf/privacy-notice-comms-and-marketing.pdf,Bin round reminder,01/13/2026 03:00 PM GMT,pagewatcher@govdelivery.com,0,0
https://www.facebook.com/liveinkirklees,Bin round reminder,01/13/2026 01:00 PM GMT,pagewatcher@govdelivery.com,0,0
https://www.kirklees.gov.uk/binManagement/Grey/20260114/DG01WED,Bin round reminder,01/13/2026 01:00 PM GMT,pagewatcher@govdelivery.com,0,0
https://www.kirklees.gov.uk/beta/your-property-bins-recycling/recycling-items.aspx,Bin round reminder,01/13/2026 01:00 PM GMT,pagewatcher@govdelivery.com,0,0
https://www.instagram.com/kirklees.council,Bin round reminder,01/13/2026 01:00 PM GMT,pagewatcher@govdelivery.com,0,0
https://twitter.com/KirkleesCouncil,Bin round reminder,01/13/2026 01:00 PM GMT,pagewatcher@govdelivery.com,0,0
https://www.youtube.com/user/KirkleesVideos,Bin round reminder,01/13/2026 01:00 PM GMT,pagewatcher@govdelivery.com,0,0
https://public.govdelivery.com/accounts/UKKIRKLEES/subscriber/edit?preferences=true#tab1,Bin round reminder,01/13/2026 01:00 PM GMT,pagewatcher@govdelivery.com,0,0
http://www.kirklees.gov.uk/reminder,Bin round reminder,01/13/2026 01:00 PM GMT,pagewatcher@govdelivery.com,0,0
https://subscriberhelp.govdelivery.com/hc/en-us,Bin round reminder,01/13/2026 01:00 PM GMT,pagewatcher@govdelivery.com,0,0
http://www.govdelivery.com/portals/powered-by,Bin round reminder,01/13/2026 01:00 PM GMT,pagewatcher@govdelivery.com,0,0
https://twitter.com/KirkleesCouncil,Bin round reminder,01/13/2026 03:10 PM GMT,pagewatcher@govdelivery.com,0,0
https://www.kirklees.gov.uk/binManagement/Green/20260114/R33WED,Bin round reminder,01/13/2026 03:10 PM GMT,pagewatcher@govdelivery.com,0,0
https://www.kirklees.gov.uk/beta/your-property-bins-recycling/recycling-items.aspx,Bin round reminder,01/13/2026 03:10 PM GMT,pagewatcher@govdelivery.com,0,0
https://public.govdelivery.com/accounts/UKKIRKLEES/subscriber/topics?qsp=UKKIRKLEES_7,Bin round reminder,01/13/2026 03:10 PM GMT,pagewatcher@govdelivery.com,0,0
https://www.instagram.com/kirklees.council,Bin round reminder,01/13/2026 03:10 PM GMT,pagewatcher@govdelivery.com,0,0
https://www.facebook.com/liveinkirklees,Bin round reminder,01/13/2026 03:10 PM GMT,pagewatcher@govdelivery.com,0,0
https://www.youtube.com/user/KirkleesVideos,Bin round reminder,01/13/2026 03:10 PM GMT,pagewatcher@govdelivery.com,0,0
https://public.govdelivery.com/accounts/UKKIRKLEES/subscriber/edit?preferences=true#tab1,Bin round reminder,01/13/2026 03:10 PM GMT,pagewatcher@govdelivery.com,0,0
http://www.kirklees.gov.uk/reminder,Bin round reminder,01/13/2026 03:10 PM GMT,pagewatcher@govdelivery.com,0,0
https://subscriberhelp.govdelivery.com/hc/en-us,Bin round reminder,01/13/2026 03:10 PM GMT,pagewatcher@govdelivery.com,0,0
http://www.kirklees.gov.uk/beta/information-and-data/pdf/privacy-notice-comms-and-marketing.pdf,Bin round reminder,01/13/2026 03:10 PM GMT,pagewatcher@govdelivery.com,0,0
http://www.govdelivery.com/portals/powered-by,Bin round reminder,01/13/2026 03:10 PM GMT,pagewatcher@govdelivery.com,0,0
https://www.kirklees.gov.uk/binManagement/Green/20260114/RG13WED,Bin round reminder,01/13/2026 02:40 PM GMT,pagewatcher@govdelivery.com,0,0
https://www.kirklees.gov.uk/beta/your-property-bins-recycling/recycling-items.aspx,Bin round reminder,01/13/2026 02:40 PM GMT,pagewatcher@govdelivery.com,0,0
https://public.govdelivery.com/accounts/UKKIRKLEES/subscriber/topics?qsp=UKKIRKLEES_7,Bin round reminder,01/13/2026 02:40 PM GMT,pagewatcher@govdelivery.com,0,0
https://www.instagram.com/kirklees.council,Bin round reminder,01/13/2026 02:40 PM GMT,pagewatcher@govdelivery.com,0,0
https://www.facebook.com/liveinkirklees,Bin round reminder,01/13/2026 02:40 PM GMT,pagewatcher@govdelivery.com,0,0
https://twitter.com/KirkleesCouncil,Bin round reminder,01/13/2026 02:40 PM GMT,pagewatcher@govdelivery.com,0,0
https://www.youtube.com/user/KirkleesVideos,Bin round reminder,01/13/2026 02:40 PM GMT,pagewatcher@govdelivery.com,0,0
https://public.govdelivery.com/accounts/UKKIRKLEES/subscriber/edit?preferences=true#tab1,Bin round reminder,01/13/2026 02:40 PM GMT,pagewatcher@govdelivery.com,0,0
http://www.kirklees.gov.uk/reminder,Bin round reminder,01/13/2026 02:40 PM GMT,pagewatcher@govdelivery.com,0,0
https://subscriberhelp.govdelivery.com/hc/en-us,Bin round reminder,01/13/2026 02:40 PM GMT,pagewatcher@govdelivery.com,0,0
http://www.kirklees.gov.uk/beta/information-and-data/pdf/privacy-notice-comms-and-marketing.pdf,Bin round reminder,01/13/2026 02:40 PM GMT,pagewatcher@govdelivery.com,0,0
http://www.govdelivery.com/portals/powered-by,Bin round reminder,01/13/2026 02:40 PM GMT,pagewatcher@govdelivery.com,0,0
https://public.govdelivery.com/accounts/UKKIRKLEES/subscriber/edit?preferences=true#tab1,Bin round reminder,01/13/2026 03:00 PM GMT,pagewatcher@govdelivery.com,0,0
https://www.kirklees.gov.uk/binManagement/Grey/20260114/D36WED,Bin round reminder,01/13/2026 03:00 PM GMT,pagewatcher@govdelivery.com,0,0
https://www.facebook.com/liveinkirklees,Bin round reminder,01/13/2026 03:00 PM GMT,pagewatcher@govdelivery.com,0,0
https://twitter.com/kirkleescouncil,Bin round reminder,01/13/2026 03:00 PM GMT,pagewatcher@govdelivery.com,0,0
https://subscriberhelp.govdelivery.com/hc/en-us,Bin round reminder,01/13/2026 03:00 PM GMT,pagewatcher@govdelivery.com,0,0
http://www.kirklees.gov.uk/beta/information-and-data/pdf/privacy-notice-comms-and-marketing.pdf,Bin round reminder,01/13/2026 03:00 PM GMT,pagewatcher@govdelivery.com,0,0
https://www.kirklees.gov.uk/binManagement/Grey/20260114/DG08WED,Bin round reminder,01/13/2026 03:40 PM GMT,pagewatcher@govdelivery.com,0,0
https://www.instagram.com/kirklees.council,Bin round reminder,01/13/2026 03:40 PM GMT,pagewatcher@govdelivery.com,0,0
https://www.facebook.com/liveinkirklees,Bin round reminder,01/13/2026 03:40 PM GMT,pagewatcher@govdelivery.com,0,0
https://twitter.com/KirkleesCouncil,Bin round reminder,01/13/2026 03:40 PM GMT,pagewatcher@govdelivery.com,0,0
https://www.youtube.com/user/KirkleesVideos,Bin round reminder,01/13/2026 03:40 PM GMT,pagewatcher@govdelivery.com,0,0
https://public.govdelivery.com/accounts/UKKIRKLEES/subscriber/edit?preferences=true#tab1,Bin round reminder,01/13/2026 03:40 PM GMT,pagewatcher@govdelivery.com,0,0
http://www.kirklees.gov.uk/reminder,Bin round reminder,01/13/2026 03:40 PM GMT,pagewatcher@govdelivery.com,0,0
https://subscriberhelp.govdelivery.com/hc/en-us,Bin round reminder,01/13/2026 03:40 PM GMT,pagewatcher@govdelivery.com,0,0
http://www.kirklees.gov.uk/beta/information-and-data/pdf/privacy-notice-comms-and-marketing.pdf,Bin round reminder,01/13/2026 03:40 PM GMT,pagewatcher@govdelivery.com,0,0
http://www.govdelivery.com/portals/powered-by,Bin round reminder,01/13/2026 03:40 PM GMT,pagewatcher@govdelivery.com,0,0
http://www.kirklees.gov.uk/beta/information-and-data/pdf/privacy-notice-comms-and-marketing.pdf,Work Placements | Events | Scams,01/13/2026 12:00 PM GMT,Charlotte.Longton@kirklees.gov.uk,0,0
https://www.facebook.com/liveinkirklees,Bin round reminder,01/13/2026 04:10 PM GMT,pagewatcher@govdelivery.com,0,0
https://www.kirklees.gov.uk/beta/your-property-bins-recycling/recycling-items.aspx,Bin round reminder,01/13/2026 04:10 PM GMT,pagewatcher@govdelivery.com,0,0
https://www.instagram.com/kirklees.council,Bin round reminder,01/13/2026 04:10 PM GMT,pagewatcher@govdelivery.com,0,0
https://twitter.com/KirkleesCouncil,Bin round reminder,01/13/2026 04:10 PM GMT,pagewatcher@govdelivery.com,0,0
https://www.youtube.com/user/KirkleesVideos,Bin round reminder,01/13/2026 04:10 PM GMT,pagewatcher@govdelivery.com,0,0
https://public.govdelivery.com/accounts/UKKIRKLEES/subscriber/edit?preferences=true#tab1,Bin round reminder,01/13/2026 04:10 PM GMT,pagewatcher@govdelivery.com,0,0
http://www.kirklees.gov.uk/reminder,Bin round reminder,01/13/2026 04:10 PM GMT,pagewatcher@govdelivery.com,0,0
https://subscriberhelp.govdelivery.com/hc/en-us,Bin round reminder,01/13/2026 04:10 PM GMT,pagewatcher@govdelivery.com,0,0
http://www.kirklees.gov.uk/beta/information-and-data/pdf/privacy-notice-comms-and-marketing.pdf,Bin round reminder,01/13/2026 04:10 PM GMT,pagewatcher@govdelivery.com,0,0
http://www.govdelivery.com/portals/powered-by,Bin round reminder,01/13/2026 04:10 PM GMT,pagewatcher@govdelivery.com,0,0
https://www.kirklees.gov.uk/binManagement/Grey/20260114/D37WED,Bin round reminder,01/13/2026 04:10 PM GMT,pagewatcher@govdelivery.com,0,0
https://www.instagram.com/kirklees.council,Bin round reminder,01/13/2026 04:10 PM GMT,pagewatcher@govdelivery.com,0,0
https://www.facebook.com/liveinkirklees,Bin round reminder,01/13/2026 04:10 PM GMT,pagewatcher@govdelivery.com,0,0
https://twitter.com/KirkleesCouncil,Bin round reminder,01/13/2026 04:10 PM GMT,pagewatcher@govdelivery.com,0,0
https://www.youtube.com/user/KirkleesVideos,Bin round reminder,01/13/2026 04:10 PM GMT,pagewatcher@govdelivery.com,0,0
http://www.kirklees.gov.uk/reminder,Bin round reminder,01/13/2026 04:10 PM GMT,pagewatcher@govdelivery.com,0,0
https://subscriberhelp.govdelivery.com/hc/en-us,Bin round reminder,01/13/2026 04:10 PM GMT,pagewatcher@govdelivery.com,0,0
http://www.kirklees.gov.uk/beta/information-and-data/pdf/privacy-notice-comms-and-marketing.pdf,Bin round reminder,01/13/2026 04:10 PM GMT,pagewatcher@govdelivery.com,0,0
http://www.govdelivery.com/portals/powered-by,Bin round reminder,01/13/2026 04:10 PM GMT,pagewatcher@govdelivery.com,0,0
https://www.kirklees.gov.uk/binManagement/Green/20260114/RG10WED,Bin round reminder,01/13/2026 04:10 PM GMT,pagewatcher@govdelivery.com,0,0
https://www.kirklees.gov.uk/beta/your-property-bins-recycling/recycling-items.aspx,Bin round reminder,01/13/2026 04:10 PM GMT,pagewatcher@govdelivery.com,0,0
https://public.govdelivery.com/accounts/UKKIRKLEES/subscriber/topics?qsp=UKKIRKLEES_7,Bin round reminder,01/13/2026 04:10 PM GMT,pagewatcher@govdelivery.com,0,0
https://www.instagram.com/kirklees.council,Bin round reminder,01/13/2026 04:10 PM GMT,pagewatcher@govdelivery.com,0,0
https://www.facebook.com/liveinkirklees,Bin round reminder,01/13/2026 04:10 PM GMT,pagewatcher@govdelivery.com,0,0
https://twitter.com/KirkleesCouncil,Bin round reminder,01/13/2026 04:10 PM GMT,pagewatcher@govdelivery.com,0,0
https://www.youtube.com/user/KirkleesVideos,Bin round reminder,01/13/2026 04:10 PM GMT,pagewatcher@govdelivery.com,0,0
https://public.govdelivery.com/accounts/UKKIRKLEES/subscriber/edit?preferences=true#tab1,Bin round reminder,01/13/2026 04:10 PM GMT,pagewatcher@govdelivery.com,0,0
http://www.kirklees.gov.uk/reminder,Bin round reminder,01/13/2026 04:10 PM GMT,pagewatcher@govdelivery.com,0,0
https://subscriberhelp.govdelivery.com/hc/en-us,Bin round reminder,01/13/2026 04:10 PM GMT,pagewatcher@govdelivery.com,0,0
http://www.kirklees.gov.uk/beta/information-and-data/pdf/privacy-notice-comms-and-marketing.pdf,Bin round reminder,01/13/2026 04:10 PM GMT,pagewatcher@govdelivery.com,0,0
http://www.govdelivery.com/portals/powered-by,Bin round reminder,01/13/2026 04:10 PM GMT,pagewatcher@govdelivery.com,0,0
https://www.facebook.com/liveinkirklees,Bin round reminder,01/13/2026 03:50 PM GMT,pagewatcher@govdelivery.com,0,0
https://www.kirklees.gov.uk/binManagement/Grey/20260114/DG07WED,Bin round reminder,01/13/2026 03:50 PM GMT,pagewatcher@govdelivery.com,0,0
https://www.kirklees.gov.uk/beta/your-property-bins-recycling/recycling-items.aspx,Bin round reminder,01/13/2026 03:50 PM GMT,pagewatcher@govdelivery.com,0,0
https://www.instagram.com/kirklees.council,Bin round reminder,01/13/2026 03:50 PM GMT,pagewatcher@govdelivery.com,0,0
https://twitter.com/KirkleesCouncil,Bin round reminder,01/13/2026 03:50 PM GMT,pagewatcher@govdelivery.com,0,0
https://www.youtube.com/user/KirkleesVideos,Bin round reminder,01/13/2026 03:50 PM GMT,pagewatcher@govdelivery.com,0,0
https://public.govdelivery.com/accounts/UKKIRKLEES/subscriber/edit?preferences=true#tab1,Bin round reminder,01/13/2026 03:50 PM GMT,pagewatcher@govdelivery.com,0,0
http://www.kirklees.gov.uk/reminder,Bin round reminder,01/13/2026 03:50 PM GMT,pagewatcher@govdelivery.com,0,0
https://subscriberhelp.govdelivery.com/hc/en-us,Bin round reminder,01/13/2026 03:50 PM GMT,pagewatcher@govdelivery.com,0,0
http://www.kirklees.gov.uk/beta/information-and-data/pdf/privacy-notice-comms-and-marketing.pdf,Bin round reminder,01/13/2026 03:50 PM GMT,pagewatcher@govdelivery.com,0,0
http://www.govdelivery.com/portals/powered-by,Bin round reminder,01/13/2026 03:50 PM GMT,pagewatcher@govdelivery.com,0,0
https://www.instagram.com/kirklees.council,Bin round reminder,01/13/2026 04:20 PM GMT,pagewatcher@govdelivery.com,0,0
https://www.kirklees.gov.uk/binManagement/Green/20260114/RG15WED,Bin round reminder,01/13/2026 04:20 PM GMT,pagewatcher@govdelivery.com,0,0
https://www.kirklees.gov.uk/beta/your-property-bins-recycling/recycling-items.aspx,Bin round reminder,01/13/2026 04:20 PM GMT,pagewatcher@govdelivery.com,0,0
https://public.govdelivery.com/accounts/UKKIRKLEES/subscriber/topics?qsp=UKKIRKLEES_7,Bin round reminder,01/13/2026 04:20 PM GMT,pagewatcher@govdelivery.com,0,0
https://www.facebook.com/liveinkirklees,Bin round reminder,01/13/2026 04:20 PM GMT,pagewatcher@govdelivery.com,0,0
https://twitter.com/KirkleesCouncil,Bin round reminder,01/13/2026 04:20 PM GMT,pagewatcher@govdelivery.com,0,0
https://www.youtube.com/user/KirkleesVideos,Bin round reminder,01/13/2026 04:20 PM GMT,pagewatcher@govdelivery.com,0,0
http://www.kirklees.gov.uk/reminder,Bin round reminder,01/13/2026 04:20 PM GMT,pagewatcher@govdelivery.com,0,0
https://subscriberhelp.govdelivery.com/hc/en-us,Bin round reminder,01/13/2026 04:20 PM GMT,pagewatcher@govdelivery.com,0,0
http://www.kirklees.gov.uk/beta/information-and-data/pdf/privacy-notice-comms-and-marketing.pdf,Bin round reminder,01/13/2026 04:20 PM GMT,pagewatcher@govdelivery.com,0,0
http://www.govdelivery.com/portals/powered-by,Bin round reminder,01/13/2026 04:20 PM GMT,pagewatcher@govdelivery.com,0,0
https://www.facebook.com/liveinkirklees,Bin round reminder,01/13/2026 04:20 PM GMT,pagewatcher@govdelivery.com,0,0
https://www.kirklees.gov.uk/binManagement/Grey/20260114/D35WED,Bin round reminder,01/13/2026 04:20 PM GMT,pagewatcher@govdelivery.com,0,0
https://www.kirklees.gov.uk/beta/your-property-bins-recycling/recycling-items.aspx,Bin round reminder,01/13/2026 04:20 PM GMT,pagewatcher@govdelivery.com,0,0
https://www.instagram.com/kirklees.council,Bin round reminder,01/13/2026 04:20 PM GMT,pagewatcher@govdelivery.com,0,0
https://twitter.com/KirkleesCouncil,Bin round reminder,01/13/2026 04:20 PM GMT,pagewatcher@govdelivery.com,0,0
https://www.youtube.com/user/KirkleesVideos,Bin round reminder,01/13/2026 04:20 PM GMT,pagewatcher@govdelivery.com,0,0
http://www.kirklees.gov.uk/reminder,Bin round reminder,01/13/2026 04:20 PM GMT,pagewatcher@govdelivery.com,0,0
https://subscriberhelp.govdelivery.com/hc/en-us,Bin round reminder,01/13/2026 04:20 PM GMT,pagewatcher@govdelivery.com,0,0
https://www.youtube.com/user/KirkleesVideos,Bin round reminder,01/13/2026 02:50 PM GMT,pagewatcher@govdelivery.com,0,0
https://public.govdelivery.com/accounts/UKKIRKLEES/subscriber/edit?preferences=true#tab1,Bin round reminder,01/13/2026 02:50 PM GMT,pagewatcher@govdelivery.com,0,0
http://www.kirklees.gov.uk/reminder,Bin round reminder,01/13/2026 02:50 PM GMT,pagewatcher@govdelivery.com,0,0
https://subscriberhelp.govdelivery.com/hc/en-us,Bin round reminder,01/13/2026 02:50 PM GMT,pagewatcher@govdelivery.com,0,0
http://www.kirklees.gov.uk/beta/information-and-data/pdf/privacy-notice-comms-and-marketing.pdf,Bin round reminder,01/13/2026 02:50 PM GMT,pagewatcher@govdelivery.com,0,0
http://www.govdelivery.com/portals/powered-by,Bin round reminder,01/13/2026 02:50 PM GMT,pagewatcher@govdelivery.com,0,0
http://www.kirklees.gov.uk/beta/information-and-data/pdf/privacy-notice-comms-and-marketing.pdf,Bin round reminder,01/13/2026 04:20 PM GMT,pagewatcher@govdelivery.com,0,0
http://www.govdelivery.com/portals/powered-by,Bin round reminder,01/13/2026 04:20 PM GMT,pagewatcher@govdelivery.com,0,0
https://www.facebook.com/liveinkirklees,Bin round reminder,01/13/2026 03:20 PM GMT,pagewatcher@govdelivery.com,0,0
https://www.kirklees.gov.uk/binManagement/Grey/20260114/D31WED,Bin round reminder,01/13/2026 03:20 PM GMT,pagewatcher@govdelivery.com,0,0
https://www.kirklees.gov.uk/beta/your-property-bins-recycling/recycling-items.aspx,Bin round reminder,01/13/2026 03:20 PM GMT,pagewatcher@govdelivery.com,0,0
https://www.instagram.com/kirklees.council,Bin round reminder,01/13/2026 03:20 PM GMT,pagewatcher@govdelivery.com,0,0
https://twitter.com/KirkleesCouncil,Bin round reminder,01/13/2026 03:20 PM GMT,pagewatcher@govdelivery.com,0,0
https://www.youtube.com/user/KirkleesVideos,Bin round reminder,01/13/2026 03:20 PM GMT,pagewatcher@govdelivery.com,0,0
https://public.govdelivery.com/accounts/UKKIRKLEES/subscriber/edit?preferences=true#tab1,Bin round reminder,01/13/2026 03:20 PM GMT,pagewatcher@govdelivery.com,0,0
http://www.kirklees.gov.uk/reminder,Bin round reminder,01/13/2026 03:20 PM GMT,pagewatcher@govdelivery.com,0,0
https://subscriberhelp.govdelivery.com/hc/en-us,Bin round reminder,01/13/2026 03:20 PM GMT,pagewatcher@govdelivery.com,0,0
http://www.kirklees.gov.uk/beta/information-and-data/pdf/privacy-notice-comms-and-marketing.pdf,Bin round reminder,01/13/2026 03:20 PM GMT,pagewatcher@govdelivery.com,0,0
http://www.govdelivery.com/portals/powered-by,Bin round reminder,01/13/2026 03:20 PM GMT,pagewatcher@govdelivery.com,0,0
https://www.kirklees.gov.uk/binManagement/Green/20260114/RG11WED,Bin round reminder,01/13/2026 03:20 PM GMT,pagewatcher@govdelivery.com,0,0
https://www.kirklees.gov.uk/beta/your-property-bins-recycling/recycling-items.aspx,Bin round reminder,01/13/2026 03:20 PM GMT,pagewatcher@govdelivery.com,0,0
https://public.govdelivery.com/accounts/UKKIRKLEES/subscriber/topics?qsp=UKKIRKLEES_7,Bin round reminder,01/13/2026 03:20 PM GMT,pagewatcher@govdelivery.com,0,0
https://www.instagram.com/kirklees.council,Bin round reminder,01/13/2026 03:20 PM GMT,pagewatcher@govdelivery.com,0,0
https://www.facebook.com/liveinkirklees,Bin round reminder,01/13/2026 03:20 PM GMT,pagewatcher@govdelivery.com,0,0
https://twitter.com/KirkleesCouncil,Bin round reminder,01/13/2026 03:20 PM GMT,pagewatcher@govdelivery.com,0,0
https://www.youtube.com/user/KirkleesVideos,Bin round reminder,01/13/2026 03:20 PM GMT,pagewatcher@govdelivery.com,0,0
https://public.govdelivery.com/accounts/UKKIRKLEES/subscriber/edit?preferences=true#tab1,Bin round reminder,01/13/2026 03:20 PM GMT,pagewatcher@govdelivery.com,0,0
http://www.kirklees.gov.uk/reminder,Bin round reminder,01/13/2026 03:20 PM GMT,pagewatcher@govdelivery.com,0,0
https://subscriberhelp.govdelivery.com/hc/en-us,Bin round reminder,01/13/2026 03:20 PM GMT,pagewatcher@govdelivery.com,0,0
http://www.kirklees.gov.uk/beta/information-and-data/pdf/privacy-notice-comms-and-marketing.pdf,Bin round reminder,01/13/2026 03:20 PM GMT,pagewatcher@govdelivery.com,0,0
http://www.govdelivery.com/portals/powered-by,Bin round reminder,01/13/2026 03:20 PM GMT,pagewatcher@govdelivery.com,0,0
https://www.instagram.com/kirklees.council,Bin round reminder,01/13/2026 02:30 PM GMT,pagewatcher@govdelivery.com,0,0
https://www.kirklees.gov.uk/binManagement/Green/20260114/RG17WED,Bin round reminder,01/13/2026 02:30 PM GMT,pagewatcher@govdelivery.com,0,0
https://www.kirklees.gov.uk/beta/your-property-bins-recycling/recycling-items.aspx,Bin round reminder,01/13/2026 02:30 PM GMT,pagewatcher@govdelivery.com,0,0
https://public.govdelivery.com/accounts/UKKIRKLEES/subscriber/topics?qsp=UKKIRKLEES_7,Bin round reminder,01/13/2026 02:30 PM GMT,pagewatcher@govdelivery.com,0,0
https://www.facebook.com/liveinkirklees,Bin round reminder,01/13/2026 02:30 PM GMT,pagewatcher@govdelivery.com,0,0
https://twitter.com/KirkleesCouncil,Bin round reminder,01/13/2026 02:30 PM GMT,pagewatcher@govdelivery.com,0,0
https://www.youtube.com/user/KirkleesVideos,Bin round reminder,01/13/2026 02:30 PM GMT,pagewatcher@govdelivery.com,0,0
https://public.govdelivery.com/accounts/UKKIRKLEES/subscriber/edit?preferences=true#tab1,Bin round reminder,01/13/2026 02:30 PM GMT,pagewatcher@govdelivery.com,0,0
http://www.kirklees.gov.uk/reminder,Bin round reminder,01/13/2026 02:30 PM GMT,pagewatcher@govdelivery.com,0,0
https://subscriberhelp.govdelivery.com/hc/en-us,Bin round reminder,01/13/2026 02:30 PM GMT,pagewatcher@govdelivery.com,0,0
http://www.kirklees.gov.uk/beta/information-and-data/pdf/privacy-notice-comms-and-marketing.pdf,Bin round reminder,01/13/2026 02:30 PM GMT,pagewatcher@govdelivery.com,0,0
http://www.govdelivery.com/portals/powered-by,Bin round reminder,01/13/2026 02:30 PM GMT,pagewatcher@govdelivery.com,0,0
https://www.kirklees.gov.uk/binManagement/Green/20260114/RG14WED,Bin round reminder,01/13/2026 02:30 PM GMT,pagewatcher@govdelivery.com,0,0
https://www.kirklees.gov.uk/beta/your-property-bins-recycling/recycling-items.aspx,Bin round reminder,01/13/2026 02:30 PM GMT,pagewatcher@govdelivery.com,0,0
https://public.govdelivery.com/accounts/UKKIRKLEES/subscriber/topics?qsp=UKKIRKLEES_7,Bin round reminder,01/13/2026 02:30 PM GMT,pagewatcher@govdelivery.com,0,0
https://www.instagram.com/kirklees.council,Bin round reminder,01/13/2026 02:30 PM GMT,pagewatcher@govdelivery.com,0,0
https://www.facebook.com/liveinkirklees,Bin round reminder,01/13/2026 02:30 PM GMT,pagewatcher@govdelivery.com,0,0
https://twitter.com/KirkleesCouncil,Bin round reminder,01/13/2026 02:30 PM GMT,pagewatcher@govdelivery.com,0,0
https://www.youtube.com/user/KirkleesVideos,Bin round reminder,01/13/2026 02:30 PM GMT,pagewatcher@govdelivery.com,0,0
https://public.govdelivery.com/accounts/UKKIRKLEES/subscriber/edit?preferences=true#tab1,Bin round reminder,01/13/2026 02:30 PM GMT,pagewatcher@govdelivery.com,0,0
http://www.kirklees.gov.uk/reminder,Bin round reminder,01/13/2026 02:30 PM GMT,pagewatcher@govdelivery.com,0,0
https://subscriberhelp.govdelivery.com/hc/en-us,Bin round reminder,01/13/2026 02:30 PM GMT,pagewatcher@govdelivery.com,0,0
http://www.kirklees.gov.uk/beta/information-and-data/pdf/privacy-notice-comms-and-marketing.pdf,Bin round reminder,01/13/2026 02:30 PM GMT,pagewatcher@govdelivery.com,0,0
http://www.govdelivery.com/portals/powered-by,Bin round reminder,01/13/2026 02:30 PM GMT,pagewatcher@govdelivery.com,0,0
https://www.facebook.com/liveinkirklees,Bin round reminder,01/13/2026 03:30 PM GMT,pagewatcher@govdelivery.com,0,0
https://www.kirklees.gov.uk/binManagement/Grey/20260114/DG04WED,Bin round reminder,01/13/2026 03:30 PM GMT,pagewatcher@govdelivery.com,0,0
https://www.instagram.com/kirklees.council,Bin round reminder,01/13/2026 03:30 PM GMT,pagewatcher@govdelivery.com,0,0
https://www.youtube.com/user/KirkleesVideos,Bin round reminder,01/13/2026 03:30 PM GMT,pagewatcher@govdelivery.com,0,0
https://public.govdelivery.com/accounts/UKKIRKLEES/subscriber/edit?preferences=true#tab1,Bin round reminder,01/13/2026 03:30 PM GMT,pagewatcher@govdelivery.com,0,0
http://www.kirklees.gov.uk/reminder,Bin round reminder,01/13/2026 03:30 PM GMT,pagewatcher@govdelivery.com,0,0
https://subscriberhelp.govdelivery.com/hc/en-us,Bin round reminder,01/13/2026 03:30 PM GMT,pagewatcher@govdelivery.com,0,0
http://www.kirklees.gov.uk/beta/information-and-data/pdf/privacy-notice-comms-and-marketing.pdf,Bin round reminder,01/13/2026 03:30 PM GMT,pagewatcher@govdelivery.com,0,0
http://www.govdelivery.com/portals/powered-by,Bin round reminder,01/13/2026 03:30 PM GMT,pagewatcher@govdelivery.com,0,0
https://www.facebook.com/liveinkirklees,Bin round reminder,01/13/2026 02:20 PM GMT,pagewatcher@govdelivery.com,0,0
https://www.instagram.com/kirklees.council,Bin round reminder,01/13/2026 02:20 PM GMT,pagewatcher@govdelivery.com,0,0
https://twitter.com/KirkleesCouncil,Bin round reminder,01/13/2026 02:20 PM GMT,pagewatcher@govdelivery.com,0,0
https://www.youtube.com/user/KirkleesVideos,Bin round reminder,01/13/2026 02:20 PM GMT,pagewatcher@govdelivery.com,0,0
http://www.kirklees.gov.uk/reminder,Bin round reminder,01/13/2026 02:20 PM GMT,pagewatcher@govdelivery.com,0,0
https://subscriberhelp.govdelivery.com/hc/en-us,Bin round reminder,01/13/2026 02:20 PM GMT,pagewatcher@govdelivery.com,0,0
http://www.kirklees.gov.uk/beta/information-and-data/pdf/privacy-notice-comms-and-marketing.pdf,Bin round reminder,01/13/2026 02:20 PM GMT,pagewatcher@govdelivery.com,0,0
http://www.govdelivery.com/portals/powered-by,Bin round reminder,01/13/2026 02:20 PM GMT,pagewatcher@govdelivery.com,0,0
https://www.facebook.com/liveinkirklees,Bin round reminder,01/13/2026 03:10 PM GMT,pagewatcher@govdelivery.com,0,0
https://www.kirklees.gov.uk/beta/your-property-bins-recycling/recycling-items.aspx,Bin round reminder,01/13/2026 03:10 PM GMT,pagewatcher@govdelivery.com,0,0
https://public.govdelivery.com/accounts/UKKIRKLEES/subscriber/topics?qsp=UKKIRKLEES_7,Bin round reminder,01/13/2026 03:10 PM GMT,pagewatcher@govdelivery.com,0,0
https://www.instagram.com/kirklees.council,Bin round reminder,01/13/2026 03:10 PM GMT,pagewatcher@govdelivery.com,0,0
https://twitter.com/KirkleesCouncil,Bin round reminder,01/13/2026 03:10 PM GMT,pagewatcher@govdelivery.com,0,0
https://www.youtube.com/user/KirkleesVideos,Bin round reminder,01/13/2026 03:10 PM GMT,pagewatcher@govdelivery.com,0,0
http://www.kirklees.gov.uk/reminder,Bin round reminder,01/13/2026 03:10 PM GMT,pagewatcher@govdelivery.com,0,0
https://subscriberhelp.govdelivery.com/hc/en-us,Bin round reminder,01/13/2026 03:10 PM GMT,pagewatcher@govdelivery.com,0,0
http://www.kirklees.gov.uk/beta/information-and-data/pdf/privacy-notice-comms-and-marketing.pdf,Bin round reminder,01/13/2026 03:10 PM GMT,pagewatcher@govdelivery.com,0,0
http://www.govdelivery.com/portals/powered-by,Bin round reminder,01/13/2026 03:10 PM GMT,pagewatcher@govdelivery.com,0,0
https://www.kirklees.gov.uk/binManagement/Grey/20260114/D38WED,Bin round reminder,01/13/2026 03:10 PM GMT,pagewatcher@govdelivery.com,0,0
https://www.kirklees.gov.uk/beta/your-property-bins-recycling/recycling-items.aspx,Bin round reminder,01/13/2026 03:10 PM GMT,pagewatcher@govdelivery.com,0,0
https://www.instagram.com/kirklees.council,Bin round reminder,01/13/2026 03:10 PM GMT,pagewatcher@govdelivery.com,0,0
https://www.facebook.com/liveinkirklees,Bin round reminder,01/13/2026 03:10 PM GMT,pagewatcher@govdelivery.com,0,0
https://twitter.com/KirkleesCouncil,Bin round reminder,01/13/2026 03:10 PM GMT,pagewatcher@govdelivery.com,0,0
https://www.youtube.com/user/KirkleesVideos,Bin round reminder,01/13/2026 03:10 PM GMT,pagewatcher@govdelivery.com,0,0
https://public.govdelivery.com/accounts/UKKIRKLEES/subscriber/edit?preferences=true#tab1,Bin round reminder,01/13/2026 03:10 PM GMT,pagewatcher@govdelivery.com,0,0
http://www.kirklees.gov.uk/reminder,Bin round reminder,01/13/2026 03:10 PM GMT,pagewatcher@govdelivery.com,0,0
https://subscriberhelp.govdelivery.com/hc/en-us,Bin round reminder,01/13/2026 03:10 PM GMT,pagewatcher@govdelivery.com,0,0
http://www.kirklees.gov.uk/beta/information-and-data/pdf/privacy-notice-comms-and-marketing.pdf,Bin round reminder,01/13/2026 03:10 PM GMT,pagewatcher@govdelivery.com,0,0
http://www.govdelivery.com/portals/powered-by,Bin round reminder,01/13/2026 03:10 PM GMT,pagewatcher@govdelivery.com,0,0
https://www.facebook.com/liveinkirklees,Bin round reminder,01/13/2026 03:10 PM GMT,pagewatcher@govdelivery.com,0,0
https://www.kirklees.gov.uk/binManagement/Grey/20260114/D32WED,Bin round reminder,01/13/2026 03:10 PM GMT,pagewatcher@govdelivery.com,0,0
https://www.kirklees.gov.uk/beta/your-property-bins-recycling/recycling-items.aspx,Bin round reminder,01/13/2026 03:10 PM GMT,pagewatcher@govdelivery.com,0,0
https://www.instagram.com/kirklees.council,Bin round reminder,01/13/2026 03:10 PM GMT,pagewatcher@govdelivery.com,0,0
https://twitter.com/KirkleesCouncil,Bin round reminder,01/13/2026 03:10 PM GMT,pagewatcher@govdelivery.com,0,0
https://www.youtube.com/user/KirkleesVideos,Bin round reminder,01/13/2026 03:10 PM GMT,pagewatcher@govdelivery.com,0,0
https://public.govdelivery.com/accounts/UKKIRKLEES/subscriber/edit?preferences=true#tab1,Bin round reminder,01/13/2026 03:10 PM GMT,pagewatcher@govdelivery.com,0,0
http://www.kirklees.gov.uk/reminder,Bin round reminder,01/13/2026 03:10 PM GMT,pagewatcher@govdelivery.com,0,0
https://subscriberhelp.govdelivery.com/hc/en-us,Bin round reminder,01/13/2026 03:10 PM GMT,pagewatcher@govdelivery.com,0,0
http://www.kirklees.gov.uk/beta/information-and-data/pdf/privacy-notice-comms-and-marketing.pdf,Bin round reminder,01/13/2026 03:10 PM GMT,pagewatcher@govdelivery.com,0,0
http://www.govdelivery.com/portals/powered-by,Bin round reminder,01/13/2026 03:10 PM GMT,pagewatcher@govdelivery.com,0,0
https://www.instagram.com/kirklees.council,Bin round reminder,01/14/2026 01:00 PM GMT,pagewatcher@govdelivery.com,0,0
https://www.kirklees.gov.uk/binManagement/Green/20260115/RG10THU,Bin round reminder,01/14/2026 01:00 PM GMT,pagewatcher@govdelivery.com,0,0
https://www.kirklees.gov.uk/beta/your-property-bins-recycling/recycling-items.aspx,Bin round reminder,01/14/2026 01:00 PM GMT,pagewatcher@govdelivery.com,0,0
https://public.govdelivery.com/accounts/UKKIRKLEES/subscriber/topics?qsp=UKKIRKLEES_7,Bin round reminder,01/14/2026 01:00 PM GMT,pagewatcher@govdelivery.com,0,0
https://www.facebook.com/liveinkirklees,Bin round reminder,01/14/2026 01:00 PM GMT,pagewatcher@govdelivery.com,0,0
https://twitter.com/KirkleesCouncil,Bin round reminder,01/14/2026 01:00 PM GMT,pagewatcher@govdelivery.com,0,0
https://www.youtube.com/user/KirkleesVideos,Bin round reminder,01/14/2026 01:00 PM GMT,pagewatcher@govdelivery.com,0,0
https://public.govdelivery.com/accounts/UKKIRKLEES/subscriber/edit?preferences=true#tab1,Bin round reminder,01/14/2026 01:00 PM GMT,pagewatcher@govdelivery.com,0,0
http://www.kirklees.gov.uk/reminder,Bin round reminder,01/14/2026 01:00 PM GMT,pagewatcher@govdelivery.com,0,0
https://subscriberhelp.govdelivery.com/hc/en-us,Bin round reminder,01/14/2026 01:00 PM GMT,pagewatcher@govdelivery.com,0,0
http://www.kirklees.gov.uk/beta/information-and-data/pdf/privacy-notice-comms-and-marketing.pdf,Bin round reminder,01/14/2026 01:00 PM GMT,pagewatcher@govdelivery.com,0,0
http://www.govdelivery.com/portals/powered-by,Bin round reminder,01/14/2026 01:00 PM GMT,pagewatcher@govdelivery.com,0,0
https://www.facebook.com/liveinkirklees,Bin round reminder,01/14/2026 01:00 PM GMT,pagewatcher@govdelivery.com,0,0
https://www.kirklees.gov.uk/binManagement/Grey/20260115/D30THU,Bin round reminder,01/14/2026 01:00 PM GMT,pagewatcher@govdelivery.com,0,0
https://www.kirklees.gov.uk/beta/your-property-bins-recycling/recycling-items.aspx,Bin round reminder,01/14/2026 01:00 PM GMT,pagewatcher@govdelivery.com,0,0
https://www.instagram.com/kirklees.council,Bin round reminder,01/14/2026 01:00 PM GMT,pagewatcher@govdelivery.com,0,0
https://twitter.com/KirkleesCouncil,Bin round reminder,01/14/2026 01:00 PM GMT,pagewatcher@govdelivery.com,0,0
https://www.youtube.com/user/KirkleesVideos,Bin round reminder,01/14/2026 01:00 PM GMT,pagewatcher@govdelivery.com,0,0
https://public.govdelivery.com/accounts/UKKIRKLEES/subscriber/edit?preferences=true#tab1,Bin round reminder,01/14/2026 01:00 PM GMT,pagewatcher@govdelivery.com,0,0
http://www.kirklees.gov.uk/reminder,Bin round reminder,01/14/2026 01:00 PM GMT,pagewatcher@govdelivery.com,0,0
http://www.kirklees.gov.uk/beta/information-and-data/pdf/privacy-notice-comms-and-marketing.pdf,Bin round reminder,01/14/2026 01:00 PM GMT,pagewatcher@govdelivery.com,0,0
http://www.govdelivery.com/portals/powered-by,Bin round reminder,01/14/2026 01:00 PM GMT,pagewatcher@govdelivery.com,0,0
https://www.facebook.com/liveinkirklees,Bin round reminder,01/13/2026 04:00 PM GMT,pagewatcher@govdelivery.com,0,0
https://www.kirklees.gov.uk/binManagement/Grey/20260114/DG05WED,Bin round reminder,01/13/2026 04:00 PM GMT,pagewatcher@govdelivery.com,0,0
https://www.kirklees.gov.uk/beta/your-property-bins-recycling/recycling-items.aspx,Bin round reminder,01/13/2026 04:00 PM GMT,pagewatcher@govdelivery.com,0,0
https://www.instagram.com/kirklees.council,Bin round reminder,01/13/2026 04:00 PM GMT,pagewatcher@govdelivery.com,0,0
https://twitter.com/KirkleesCouncil,Bin round reminder,01/13/2026 04:00 PM GMT,pagewatcher@govdelivery.com,0,0
https://www.youtube.com/user/KirkleesVideos,Bin round reminder,01/13/2026 04:00 PM GMT,pagewatcher@govdelivery.com,0,0
https://public.govdelivery.com/accounts/UKKIRKLEES/subscriber/edit?preferences=true#tab1,Bin round reminder,01/13/2026 04:00 PM GMT,pagewatcher@govdelivery.com,0,0
http://www.kirklees.gov.uk/reminder,Bin round reminder,01/13/2026 04:00 PM GMT,pagewatcher@govdelivery.com,0,0
https://subscriberhelp.govdelivery.com/hc/en-us,Bin round reminder,01/13/2026 04:00 PM GMT,pagewatcher@govdelivery.com,0,0
http://www.kirklees.gov.uk/beta/information-and-data/pdf/privacy-notice-comms-and-marketing.pdf,Bin round reminder,01/13/2026 04:00 PM GMT,pagewatcher@govdelivery.com,0,0
http://www.govdelivery.com/portals/powered-by,Bin round reminder,01/13/2026 04:00 PM GMT,pagewatcher@govdelivery.com,0,0
https://www.facebook.com/liveinkirklees,Bin round reminder,01/13/2026 02:10 PM GMT,pagewatcher@govdelivery.com,0,0
https://www.kirklees.gov.uk/beta/your-property-bins-recycling/recycling-items.aspx,Bin round reminder,01/13/2026 02:10 PM GMT,pagewatcher@govdelivery.com,0,0
https://www.instagram.com/kirklees.council,Bin round reminder,01/13/2026 02:10 PM GMT,pagewatcher@govdelivery.com,0,0
https://twitter.com/KirkleesCouncil,Bin round reminder,01/13/2026 02:10 PM GMT,pagewatcher@govdelivery.com,0,0
https://www.youtube.com/user/KirkleesVideos,Bin round reminder,01/13/2026 02:10 PM GMT,pagewatcher@govdelivery.com,0,0
https://public.govdelivery.com/accounts/UKKIRKLEES/subscriber/edit?preferences=true#tab1,Bin round reminder,01/13/2026 02:10 PM GMT,pagewatcher@govdelivery.com,0,0
http://www.kirklees.gov.uk/reminder,Bin round reminder,01/13/2026 02:10 PM GMT,pagewatcher@govdelivery.com,0,0
https://subscriberhelp.govdelivery.com/hc/en-us,Bin round reminder,01/13/2026 02:10 PM GMT,pagewatcher@govdelivery.com,0,0
http://www.kirklees.gov.uk/beta/information-and-data/pdf/privacy-notice-comms-and-marketing.pdf,Bin round reminder,01/13/2026 02:10 PM GMT,pagewatcher@govdelivery.com,0,0
http://www.govdelivery.com/portals/powered-by,Bin round reminder,01/13/2026 02:10 PM GMT,pagewatcher@govdelivery.com,0,0
http://www.kirklees.gov.uk/beta/information-and-data/pdf/privacy-notice-comms-and-marketing.pdf,Bin round reminder,01/12/2026 03:50 PM GMT,pagewatcher@govdelivery.com,0,0
https://www.kirklees.gov.uk/binManagement/Green/20260113/RG12TUE,Bin round reminder,01/12/2026 03:50 PM GMT,pagewatcher@govdelivery.com,0,0
https://www.kirklees.gov.uk/beta/your-property-bins-recycling/recycling-items.aspx,Bin round reminder,01/12/2026 03:50 PM GMT,pagewatcher@govdelivery.com,0,0
https://public.govdelivery.com/accounts/UKKIRKLEES/subscriber/topics?qsp=UKKIRKLEES_7,Bin round reminder,01/12/2026 03:50 PM GMT,pagewatcher@govdelivery.com,0,0
https://www.instagram.com/kirklees.council,Bin round reminder,01/12/2026 03:50 PM GMT,pagewatcher@govdelivery.com,0,0
https://www.facebook.com/liveinkirklees,Bin round reminder,01/12/2026 03:50 PM GMT,pagewatcher@govdelivery.com,0,0
https://twitter.com/KirkleesCouncil,Bin round reminder,01/12/2026 03:50 PM GMT,pagewatcher@govdelivery.com,0,0
https://www.youtube.com/user/KirkleesVideos,Bin round reminder,01/12/2026 03:50 PM GMT,pagewatcher@govdelivery.com,0,0
https://public.govdelivery.com/accounts/UKKIRKLEES/subscriber/edit?preferences=true#tab1,Bin round reminder,01/12/2026 03:50 PM GMT,pagewatcher@govdelivery.com,0,0
http://www.kirklees.gov.uk/reminder,Bin round reminder,01/12/2026 03:50 PM GMT,pagewatcher@govdelivery.com,0,0
https://subscriberhelp.govdelivery.com/hc/en-us,Bin round reminder,01/12/2026 03:50 PM GMT,pagewatcher@govdelivery.com,0,0
http://www.govdelivery.com/portals/powered-by,Bin round reminder,01/12/2026 03:50 PM GMT,pagewatcher@govdelivery.com,0,0
https://twitter.com/KirkleesCouncil,Bin round reminder,01/12/2026 03:10 PM GMT,pagewatcher@govdelivery.com,0,0
https://www.kirklees.gov.uk/binManagement/Grey/20260113/D36TUE,Bin round reminder,01/12/2026 03:10 PM GMT,pagewatcher@govdelivery.com,0,0
https://www.kirklees.gov.uk/beta/your-property-bins-recycling/recycling-items.aspx,Bin round reminder,01/12/2026 03:10 PM GMT,pagewatcher@govdelivery.com,0,0
https://www.instagram.com/kirklees.council,Bin round reminder,01/12/2026 03:10 PM GMT,pagewatcher@govdelivery.com,0,0
https://www.facebook.com/liveinkirklees,Bin round reminder,01/12/2026 03:10 PM GMT,pagewatcher@govdelivery.com,0,0
https://www.youtube.com/user/KirkleesVideos,Bin round reminder,01/12/2026 03:10 PM GMT,pagewatcher@govdelivery.com,0,0
https://public.govdelivery.com/accounts/UKKIRKLEES/subscriber/edit?preferences=true#tab1,Bin round reminder,01/12/2026 03:10 PM GMT,pagewatcher@govdelivery.com,0,0
http://www.kirklees.gov.uk/reminder,Bin round reminder,01/12/2026 03:10 PM GMT,pagewatcher@govdelivery.com,0,0
https://subscriberhelp.govdelivery.com/hc/en-us,Bin round reminder,01/12/2026 03:10 PM GMT,pagewatcher@govdelivery.com,0,0
http://www.kirklees.gov.uk/beta/information-and-data/pdf/privacy-notice-comms-and-marketing.pdf,Bin round reminder,01/12/2026 03:10 PM GMT,pagewatcher@govdelivery.com,0,0
http://www.govdelivery.com/portals/powered-by,Bin round reminder,01/12/2026 03:10 PM GMT,pagewatcher@govdelivery.com,0,0
https://twitter.com/KirkleesCouncil,Bin round reminder,01/12/2026 02:50 PM GMT,pagewatcher@govdelivery.com,0,0
https://www.kirklees.gov.uk/binManagement/Grey/20260113/DG06TUE,Bin round reminder,01/12/2026 02:50 PM GMT,pagewatcher@govdelivery.com,0,0
https://www.kirklees.gov.uk/beta/your-property-bins-recycling/recycling-items.aspx,Bin round reminder,01/12/2026 02:50 PM GMT,pagewatcher@govdelivery.com,0,0
https://www.instagram.com/kirklees.council,Bin round reminder,01/12/2026 02:50 PM GMT,pagewatcher@govdelivery.com,0,0
https://www.facebook.com/liveinkirklees,Bin round reminder,01/12/2026 02:50 PM GMT,pagewatcher@govdelivery.com,0,0
https://www.youtube.com/user/KirkleesVideos,Bin round reminder,01/12/2026 02:50 PM GMT,pagewatcher@govdelivery.com,0,0
https://public.govdelivery.com/accounts/UKKIRKLEES/subscriber/edit?preferences=true#tab1,Bin round reminder,01/12/2026 02:50 PM GMT,pagewatcher@govdelivery.com,0,0
http://www.kirklees.gov.uk/reminder,Bin round reminder,01/12/2026 02:50 PM GMT,pagewatcher@govdelivery.com,0,0
https://public.govdelivery.com/accounts/UKKIRKLEES/subscriber/topics?qsp=UKKIRKLEES_7,Bin round reminder,01/12/2026 04:00 PM GMT,pagewatcher@govdelivery.com,0,0
https://subscriberhelp.govdelivery.com/hc/en-us,Bin round reminder,01/12/2026 02:50 PM GMT,pagewatcher@govdelivery.com,0,0
http://www.kirklees.gov.uk/beta/information-and-data/pdf/privacy-notice-comms-and-marketing.pdf,Bin round reminder,01/12/2026 02:50 PM GMT,pagewatcher@govdelivery.com,0,0
http://www.govdelivery.com/portals/powered-by,Bin round reminder,01/12/2026 02:50 PM GMT,pagewatcher@govdelivery.com,0,0
https://www.kirklees.gov.uk/binManagement/Green/20260113/RG10TUE,Bin round reminder,01/12/2026 04:00 PM GMT,pagewatcher@govdelivery.com,0,0
https://www.kirklees.gov.uk/beta/your-property-bins-recycling/recycling-items.aspx,Bin round reminder,01/12/2026 04:00 PM GMT,pagewatcher@govdelivery.com,0,0
https://www.instagram.com/kirklees.council,Bin round reminder,01/12/2026 04:00 PM GMT,pagewatcher@govdelivery.com,0,0
https://www.facebook.com/liveinkirklees,Bin round reminder,01/12/2026 04:00 PM GMT,pagewatcher@govdelivery.com,0,0
https://twitter.com/KirkleesCouncil,Bin round reminder,01/12/2026 04:00 PM GMT,pagewatcher@govdelivery.com,0,0
https://www.youtube.com/user/KirkleesVideos,Bin round reminder,01/12/2026 04:00 PM GMT,pagewatcher@govdelivery.com,0,0
https://public.govdelivery.com/accounts/UKKIRKLEES/subscriber/edit?preferences=true#tab1,Bin round reminder,01/12/2026 04:00 PM GMT,pagewatcher@govdelivery.com,0,0
http://www.kirklees.gov.uk/reminder,Bin round reminder,01/12/2026 04:00 PM GMT,pagewatcher@govdelivery.com,0,0
https://subscriberhelp.govdelivery.com/hc/en-us,Bin round reminder,01/12/2026 04:00 PM GMT,pagewatcher@govdelivery.com,0,0
http://www.kirklees.gov.uk/beta/information-and-data/pdf/privacy-notice-comms-and-marketing.pdf,Bin round reminder,01/12/2026 04:00 PM GMT,pagewatcher@govdelivery.com,0,0
http://www.govdelivery.com/portals/powered-by,Bin round reminder,01/12/2026 04:00 PM GMT,pagewatcher@govdelivery.com,0,0
http://www.govdelivery.com/portals/powered-by,Bin round reminder,01/12/2026 04:00 PM GMT,pagewatcher@govdelivery.com,0,0
https://www.kirklees.gov.uk/binManagement/Grey/20260113/DG09TUE,Bin round reminder,01/12/2026 04:00 PM GMT,pagewatcher@govdelivery.com,0,0
https://www.youtube.com/user/KirkleesVideos,Bin round reminder,01/12/2026 04:00 PM GMT,pagewatcher@govdelivery.com,0,0
http://www.kirklees.gov.uk/beta/information-and-data/pdf/privacy-notice-comms-and-marketing.pdf,Bin round reminder,01/12/2026 04:00 PM GMT,pagewatcher@govdelivery.com,0,0
http://www.govdelivery.com/portals/powered-by,Bin round reminder,01/12/2026 04:00 PM GMT,pagewatcher@govdelivery.com,0,0
https://www.instagram.com/kirklees.council,Bin round reminder,01/12/2026 04:00 PM GMT,pagewatcher@govdelivery.com,0,0
http://www.kirklees.gov.uk/reminder,Bin round reminder,01/12/2026 04:00 PM GMT,pagewatcher@govdelivery.com,0,0
https://www.facebook.com/liveinkirklees,Bin round reminder,01/12/2026 04:00 PM GMT,pagewatcher@govdelivery.com,0,0
https://twitter.com/KirkleesCouncil,Bin round reminder,01/12/2026 04:00 PM GMT,pagewatcher@govdelivery.com,0,0
https://subscriberhelp.govdelivery.com/hc/en-us,Bin round reminder,01/12/2026 04:00 PM GMT,pagewatcher@govdelivery.com,0,0
https://public.govdelivery.com/accounts/UKKIRKLEES/subscriber/edit?preferences=true#tab1,Bin round reminder,01/12/2026 04:00 PM GMT,pagewatcher@govdelivery.com,0,0
https://www.kirklees.gov.uk/beta/your-property-bins-recycling/recycling-items.aspx,Bin round reminder,01/12/2026 04:00 PM GMT,pagewatcher@govdelivery.com,0,0
https://www.instagram.com/kirklees.council,Bin round reminder,01/12/2026 04:00 PM GMT,pagewatcher@govdelivery.com,0,0
https://www.facebook.com/liveinkirklees,Bin round reminder,01/12/2026 04:00 PM GMT,pagewatcher@govdelivery.com,0,0
https://twitter.com/KirkleesCouncil,Bin round reminder,01/12/2026 04:00 PM GMT,pagewatcher@govdelivery.com,0,0
https://www.youtube.com/user/KirkleesVideos,Bin round reminder,01/12/2026 04:00 PM GMT,pagewatcher@govdelivery.com,0,0
https://public.govdelivery.com/accounts/UKKIRKLEES/subscriber/edit?preferences=true#tab1,Bin round reminder,01/12/2026 04:00 PM GMT,pagewatcher@govdelivery.com,0,0
http://www.kirklees.gov.uk/reminder,Bin round reminder,01/12/2026 04:00 PM GMT,pagewatcher@govdelivery.com,0,0
https://subscriberhelp.govdelivery.com/hc/en-us,Bin round reminder,01/12/2026 04:00 PM GMT,pagewatcher@govdelivery.com,0,0
http://www.kirklees.gov.uk/beta/information-and-data/pdf/privacy-notice-comms-and-marketing.pdf,Bin round reminder,01/12/2026 04:00 PM GMT,pagewatcher@govdelivery.com,0,0
https://www.facebook.com/liveinkirklees,Bin round reminder,01/12/2026 03:20 PM GMT,pagewatcher@govdelivery.com,0,0
https://www.kirklees.gov.uk/binManagement/Grey/20260113/D35TUE,Bin round reminder,01/12/2026 03:20 PM GMT,pagewatcher@govdelivery.com,0,0
https://www.kirklees.gov.uk/beta/your-property-bins-recycling/recycling-items.aspx,Bin round reminder,01/12/2026 03:20 PM GMT,pagewatcher@govdelivery.com,0,0
https://www.instagram.com/kirklees.council,Bin round reminder,01/12/2026 03:20 PM GMT,pagewatcher@govdelivery.com,0,0
https://twitter.com/KirkleesCouncil,Bin round reminder,01/12/2026 03:20 PM GMT,pagewatcher@govdelivery.com,0,0
https://www.youtube.com/user/KirkleesVideos,Bin round reminder,01/12/2026 03:20 PM GMT,pagewatcher@govdelivery.com,0,0
https://public.govdelivery.com/accounts/UKKIRKLEES/subscriber/edit?preferences=true#tab1,Bin round reminder,01/12/2026 03:20 PM GMT,pagewatcher@govdelivery.com,0,0
http://www.kirklees.gov.uk/reminder,Bin round reminder,01/12/2026 03:20 PM GMT,pagewatcher@govdelivery.com,0,0
https://subscriberhelp.govdelivery.com/hc/en-us,Bin round reminder,01/12/2026 03:20 PM GMT,pagewatcher@govdelivery.com,0,0
http://www.kirklees.gov.uk/beta/information-and-data/pdf/privacy-notice-comms-and-marketing.pdf,Bin round reminder,01/12/2026 03:20 PM GMT,pagewatcher@govdelivery.com,0,0
http://www.govdelivery.com/portals/powered-by,Bin round reminder,01/12/2026 03:20 PM GMT,pagewatcher@govdelivery.com,0,0
https://www.kirklees.gov.uk/binManagement/Grey/20260113/DG07TUE,Bin round reminder,01/12/2026 02:20 PM GMT,pagewatcher@govdelivery.com,0,0
https://www.kirklees.gov.uk/beta/your-property-bins-recycling/recycling-items.aspx,Bin round reminder,01/12/2026 02:20 PM GMT,pagewatcher@govdelivery.com,0,0
https://www.instagram.com/kirklees.council,Bin round reminder,01/12/2026 02:20 PM GMT,pagewatcher@govdelivery.com,0,0
https://www.facebook.com/liveinkirklees,Bin round reminder,01/12/2026 02:20 PM GMT,pagewatcher@govdelivery.com,0,0
https://twitter.com/KirkleesCouncil,Bin round reminder,01/12/2026 02:20 PM GMT,pagewatcher@govdelivery.com,0,0
https://www.youtube.com/user/KirkleesVideos,Bin round reminder,01/12/2026 02:20 PM GMT,pagewatcher@govdelivery.com,0,0
https://public.govdelivery.com/accounts/UKKIRKLEES/subscriber/edit?preferences=true#tab1,Bin round reminder,01/12/2026 02:20 PM GMT,pagewatcher@govdelivery.com,0,0
http://www.kirklees.gov.uk/reminder,Bin round reminder,01/12/2026 02:20 PM GMT,pagewatcher@govdelivery.com,0,0
https://subscriberhelp.govdelivery.com/hc/en-us,Bin round reminder,01/12/2026 02:20 PM GMT,pagewatcher@govdelivery.com,0,0
http://www.kirklees.gov.uk/beta/information-and-data/pdf/privacy-notice-comms-and-marketing.pdf,Bin round reminder,01/12/2026 02:20 PM GMT,pagewatcher@govdelivery.com,0,0
http://www.govdelivery.com/portals/powered-by,Bin round reminder,01/12/2026 02:20 PM GMT,pagewatcher@govdelivery.com,0,0
http://www.kirklees.gov.uk/reminder,Bin round reminder,01/12/2026 02:20 PM GMT,pagewatcher@govdelivery.com,0,0
https://www.kirklees.gov.uk/binManagement/Grey/20260113/D38TUE,Bin round reminder,01/12/2026 02:20 PM GMT,pagewatcher@govdelivery.com,0,0
https://www.kirklees.gov.uk/beta/your-property-bins-recycling/recycling-items.aspx,Bin round reminder,01/12/2026 02:20 PM GMT,pagewatcher@govdelivery.com,0,0
https://www.instagram.com/kirklees.council,Bin round reminder,01/12/2026 02:20 PM GMT,pagewatcher@govdelivery.com,0,0
https://www.facebook.com/liveinkirklees,Bin round reminder,01/12/2026 02:20 PM GMT,pagewatcher@govdelivery.com,0,0
https://twitter.com/KirkleesCouncil,Bin round reminder,01/12/2026 02:20 PM GMT,pagewatcher@govdelivery.com,0,0
https://www.youtube.com/user/KirkleesVideos,Bin round reminder,01/12/2026 02:20 PM GMT,pagewatcher@govdelivery.com,0,0
https://public.govdelivery.com/accounts/UKKIRKLEES/subscriber/edit?preferences=true#tab1,Bin round reminder,01/12/2026 02:20 PM GMT,pagewatcher@govdelivery.com,0,0
https://subscriberhelp.govdelivery.com/hc/en-us,Bin round reminder,01/12/2026 02:20 PM GMT,pagewatcher@govdelivery.com,0,0
http://www.kirklees.gov.uk/beta/information-and-data/pdf/privacy-notice-comms-and-marketing.pdf,Bin round reminder,01/12/2026 02:20 PM GMT,pagewatcher@govdelivery.com,0,0
http://www.govdelivery.com/portals/powered-by,Bin round reminder,01/12/2026 02:20 PM GMT,pagewatcher@govdelivery.com,0,0
https://www.facebook.com/liveinkirklees,Bin round reminder,01/12/2026 03:00 PM GMT,pagewatcher@govdelivery.com,0,0
https://www.kirklees.gov.uk/binManagement/Grey/20260113/DG04TUE,Bin round reminder,01/12/2026 03:00 PM GMT,pagewatcher@govdelivery.com,0,0
https://www.kirklees.gov.uk/beta/your-property-bins-recycling/recycling-items.aspx,Bin round reminder,01/12/2026 03:00 PM GMT,pagewatcher@govdelivery.com,0,0
https://www.instagram.com/kirklees.council,Bin round reminder,01/12/2026 03:00 PM GMT,pagewatcher@govdelivery.com,0,0
https://twitter.com/KirkleesCouncil,Bin round reminder,01/12/2026 03:00 PM GMT,pagewatcher@govdelivery.com,0,0
https://www.youtube.com/user/KirkleesVideos,Bin round reminder,01/12/2026 03:00 PM GMT,pagewatcher@govdelivery.com,0,0
https://public.govdelivery.com/accounts/UKKIRKLEES/subscriber/edit?preferences=true#tab1,Bin round reminder,01/12/2026 03:00 PM GMT,pagewatcher@govdelivery.com,0,0
http://www.kirklees.gov.uk/reminder,Bin round reminder,01/12/2026 03:00 PM GMT,pagewatcher@govdelivery.com,0,0
https://subscriberhelp.govdelivery.com/hc/en-us,Bin round reminder,01/12/2026 03:00 PM GMT,pagewatcher@govdelivery.com,0,0
http://www.kirklees.gov.uk/beta/information-and-data/pdf/privacy-notice-comms-and-marketing.pdf,Bin round reminder,01/12/2026 03:00 PM GMT,pagewatcher@govdelivery.com,0,0
http://www.govdelivery.com/portals/powered-by,Bin round reminder,01/12/2026 03:00 PM GMT,pagewatcher@govdelivery.com,0,0
https://www.kirklees.gov.uk/binManagement/Green/20260113/RG15TUE,Bin round reminder,01/12/2026 03:20 PM GMT,pagewatcher@govdelivery.com,0,0
https://www.kirklees.gov.uk/beta/your-property-bins-recycling/recycling-items.aspx,Bin round reminder,01/12/2026 03:20 PM GMT,pagewatcher@govdelivery.com,0,0
https://public.govdelivery.com/accounts/UKKIRKLEES/subscriber/topics?qsp=UKKIRKLEES_7,Bin round reminder,01/12/2026 03:20 PM GMT,pagewatcher@govdelivery.com,0,0
https://www.instagram.com/kirklees.council,Bin round reminder,01/12/2026 03:20 PM GMT,pagewatcher@govdelivery.com,0,0
https://www.facebook.com/liveinkirklees,Bin round reminder,01/12/2026 03:20 PM GMT,pagewatcher@govdelivery.com,0,0
https://twitter.com/KirkleesCouncil,Bin round reminder,01/12/2026 03:20 PM GMT,pagewatcher@govdelivery.com,0,0
https://www.youtube.com/user/KirkleesVideos,Bin round reminder,01/12/2026 03:20 PM GMT,pagewatcher@govdelivery.com,0,0
https://public.govdelivery.com/accounts/UKKIRKLEES/subscriber/edit?preferences=true#tab1,Bin round reminder,01/12/2026 03:20 PM GMT,pagewatcher@govdelivery.com,0,0
http://www.kirklees.gov.uk/reminder,Bin round reminder,01/12/2026 03:20 PM GMT,pagewatcher@govdelivery.com,0,0
https://subscriberhelp.govdelivery.com/hc/en-us,Bin round reminder,01/12/2026 03:20 PM GMT,pagewatcher@govdelivery.com,0,0
http://www.kirklees.gov.uk/beta/information-and-data/pdf/privacy-notice-comms-and-marketing.pdf,Bin round reminder,01/12/2026 03:20 PM GMT,pagewatcher@govdelivery.com,0,0
http://www.govdelivery.com/portals/powered-by,Bin round reminder,01/12/2026 03:20 PM GMT,pagewatcher@govdelivery.com,0,0
https://www.kirklees.gov.uk/binManagement/Green/20260113/RG11TUE,Bin round reminder,01/12/2026 02:10 PM GMT,pagewatcher@govdelivery.com,0,0
https://www.kirklees.gov.uk/beta/your-property-bins-recycling/recycling-items.aspx,Bin round reminder,01/12/2026 02:10 PM GMT,pagewatcher@govdelivery.com,0,0
https://public.govdelivery.com/accounts/UKKIRKLEES/subscriber/topics?qsp=UKKIRKLEES_7,Bin round reminder,01/12/2026 02:10 PM GMT,pagewatcher@govdelivery.com,0,0
https://www.instagram.com/kirklees.council,Bin round reminder,01/12/2026 02:10 PM GMT,pagewatcher@govdelivery.com,0,0
https://www.facebook.com/liveinkirklees,Bin round reminder,01/12/2026 02:10 PM GMT,pagewatcher@govdelivery.com,0,0
https://twitter.com/KirkleesCouncil,Bin round reminder,01/12/2026 02:10 PM GMT,pagewatcher@govdelivery.com,0,0
https://www.youtube.com/user/KirkleesVideos,Bin round reminder,01/12/2026 02:10 PM GMT,pagewatcher@govdelivery.com,0,0
https://public.govdelivery.com/accounts/UKKIRKLEES/subscriber/edit?preferences=true#tab1,Bin round reminder,01/12/2026 02:10 PM GMT,pagewatcher@govdelivery.com,0,0
http://www.kirklees.gov.uk/reminder,Bin round reminder,01/12/2026 02:10 PM GMT,pagewatcher@govdelivery.com,0,0
https://subscriberhelp.govdelivery.com/hc/en-us,Bin round reminder,01/12/2026 02:10 PM GMT,pagewatcher@govdelivery.com,0,0
http://www.kirklees.gov.uk/beta/information-and-data/pdf/privacy-notice-comms-and-marketing.pdf,Bin round reminder,01/12/2026 02:10 PM GMT,pagewatcher@govdelivery.com,0,0
http://www.govdelivery.com/portals/powered-by,Bin round reminder,01/12/2026 02:10 PM GMT,pagewatcher@govdelivery.com,0,0
https://www.kirklees.gov.uk/binManagement/Grey/20260113/D31TUE,Bin round reminder,01/12/2026 02:10 PM GMT,pagewatcher@govdelivery.com,0,0
https://www.kirklees.gov.uk/beta/your-property-bins-recycling/recycling-items.aspx,Bin round reminder,01/12/2026 02:10 PM GMT,pagewatcher@govdelivery.com,0,0
https://www.instagram.com/kirklees.council,Bin round reminder,01/12/2026 02:10 PM GMT,pagewatcher@govdelivery.com,0,0
https://www.facebook.com/liveinkirklees,Bin round reminder,01/12/2026 02:10 PM GMT,pagewatcher@govdelivery.com,0,0
https://twitter.com/KirkleesCouncil,Bin round reminder,01/12/2026 02:10 PM GMT,pagewatcher@govdelivery.com,0,0
https://www.youtube.com/user/KirkleesVideos,Bin round reminder,01/12/2026 02:10 PM GMT,pagewatcher@govdelivery.com,0,0
https://public.govdelivery.com/accounts/UKKIRKLEES/subscriber/edit?preferences=true#tab1,Bin round reminder,01/12/2026 02:10 PM GMT,pagewatcher@govdelivery.com,0,0
http://www.kirklees.gov.uk/reminder,Bin round reminder,01/12/2026 02:10 PM GMT,pagewatcher@govdelivery.com,0,0
https://subscriberhelp.govdelivery.com/hc/en-us,Bin round reminder,01/12/2026 02:10 PM GMT,pagewatcher@govdelivery.com,0,0
http://www.kirklees.gov.uk/beta/information-and-data/pdf/privacy-notice-comms-and-marketing.pdf,Bin round reminder,01/12/2026 02:10 PM GMT,pagewatcher@govdelivery.com,0,0
http://www.govdelivery.com/portals/powered-by,Bin round reminder,01/12/2026 02:10 PM GMT,pagewatcher@govdelivery.com,0,0
https://www.instagram.com/kirklees.council,Bin round reminder,01/12/2026 03:20 PM GMT,pagewatcher@govdelivery.com,0,0
https://www.kirklees.gov.uk/binManagement/Green/20260113/RG18TUE,Bin round reminder,01/12/2026 03:20 PM GMT,pagewatcher@govdelivery.com,0,0
https://www.kirklees.gov.uk/beta/your-property-bins-recycling/recycling-items.aspx,Bin round reminder,01/12/2026 03:20 PM GMT,pagewatcher@govdelivery.com,0,0
https://public.govdelivery.com/accounts/UKKIRKLEES/subscriber/topics?qsp=UKKIRKLEES_7,Bin round reminder,01/12/2026 03:20 PM GMT,pagewatcher@govdelivery.com,0,0
https://www.facebook.com/liveinkirklees,Bin round reminder,01/12/2026 03:20 PM GMT,pagewatcher@govdelivery.com,0,0
https://twitter.com/KirkleesCouncil,Bin round reminder,01/12/2026 03:20 PM GMT,pagewatcher@govdelivery.com,0,0
https://www.youtube.com/user/KirkleesVideos,Bin round reminder,01/12/2026 03:20 PM GMT,pagewatcher@govdelivery.com,0,0
https://public.govdelivery.com/accounts/UKKIRKLEES/subscriber/edit?preferences=true#tab1,Bin round reminder,01/12/2026 03:20 PM GMT,pagewatcher@govdelivery.com,0,0
http://www.kirklees.gov.uk/reminder,Bin round reminder,01/12/2026 03:20 PM GMT,pagewatcher@govdelivery.com,0,0
https://subscriberhelp.govdelivery.com/hc/en-us,Bin round reminder,01/12/2026 03:20 PM GMT,pagewatcher@govdelivery.com,0,0
http://www.kirklees.gov.uk/beta/information-and-data/pdf/privacy-notice-comms-and-marketing.pdf,Bin round reminder,01/12/2026 03:20 PM GMT,pagewatcher@govdelivery.com,0,0
http://www.govdelivery.com/portals/powered-by,Bin round reminder,01/12/2026 03:20 PM GMT,pagewatcher@govdelivery.com,0,0
https://www.instagram.com/kirklees.council,Bin round reminder,01/12/2026 03:10 PM GMT,pagewatcher@govdelivery.com,0,0
https://www.kirklees.gov.uk/binManagement/Green/20260113/RG16TUE,Bin round reminder,01/12/2026 03:10 PM GMT,pagewatcher@govdelivery.com,0,0
https://www.kirklees.gov.uk/beta/your-property-bins-recycling/recycling-items.aspx,Bin round reminder,01/12/2026 03:10 PM GMT,pagewatcher@govdelivery.com,0,0
https://public.govdelivery.com/accounts/UKKIRKLEES/subscriber/topics?qsp=UKKIRKLEES_7,Bin round reminder,01/12/2026 03:10 PM GMT,pagewatcher@govdelivery.com,0,0
https://www.facebook.com/liveinkirklees,Bin round reminder,01/12/2026 03:10 PM GMT,pagewatcher@govdelivery.com,0,0
https://twitter.com/KirkleesCouncil,Bin round reminder,01/12/2026 03:10 PM GMT,pagewatcher@govdelivery.com,0,0
https://www.youtube.com/user/KirkleesVideos,Bin round reminder,01/12/2026 03:10 PM GMT,pagewatcher@govdelivery.com,0,0
https://public.govdelivery.com/accounts/UKKIRKLEES/subscriber/edit?preferences=true#tab1,Bin round reminder,01/12/2026 03:10 PM GMT,pagewatcher@govdelivery.com,0,0
http://www.kirklees.gov.uk/reminder,Bin round reminder,01/12/2026 03:10 PM GMT,pagewatcher@govdelivery.com,0,0
https://subscriberhelp.govdelivery.com/hc/en-us,Bin round reminder,01/12/2026 03:10 PM GMT,pagewatcher@govdelivery.com,0,0
http://www.kirklees.gov.uk/beta/information-and-data/pdf/privacy-notice-comms-and-marketing.pdf,Bin round reminder,01/12/2026 03:10 PM GMT,pagewatcher@govdelivery.com,0,0
http://www.govdelivery.com/portals/powered-by,Bin round reminder,01/12/2026 03:10 PM GMT,pagewatcher@govdelivery.com,0,0
http://www.kirklees.gov.uk/beta/information-and-data/pdf/privacy-notice-comms-and-marketing.pdf,Bin round reminder,01/12/2026 03:50 PM GMT,pagewatcher@govdelivery.com,0,0
https://www.facebook.com/liveinkirklees,Bin round reminder,01/12/2026 03:50 PM GMT,pagewatcher@govdelivery.com,0,0
https://twitter.com/KirkleesCouncil,Bin round reminder,01/12/2026 03:50 PM GMT,pagewatcher@govdelivery.com,0,0
https://www.youtube.com/user/KirkleesVideos,Bin round reminder,01/12/2026 03:50 PM GMT,pagewatcher@govdelivery.com,0,0
https://public.govdelivery.com/accounts/UKKIRKLEES/subscriber/edit?preferences=true#tab1,Bin round reminder,01/12/2026 03:50 PM GMT,pagewatcher@govdelivery.com,0,0
http://www.kirklees.gov.uk/reminder,Bin round reminder,01/12/2026 03:50 PM GMT,pagewatcher@govdelivery.com,0,0
https://subscriberhelp.govdelivery.com/hc/en-us,Bin round reminder,01/12/2026 03:50 PM GMT,pagewatcher@govdelivery.com,0,0
http://www.govdelivery.com/portals/powered-by,Bin round reminder,01/12/2026 03:50 PM GMT,pagewatcher@govdelivery.com,0,0
https://www.kirklees.gov.uk/binManagement/Grey/20260113/D32TUE,Bin round reminder,01/12/2026 03:50 PM GMT,pagewatcher@govdelivery.com,0,0
https://www.kirklees.gov.uk/beta/your-property-bins-recycling/recycling-items.aspx,Bin round reminder,01/12/2026 03:50 PM GMT,pagewatcher@govdelivery.com,0,0
https://www.instagram.com/kirklees.council,Bin round reminder,01/12/2026 03:50 PM GMT,pagewatcher@govdelivery.com,0,0
https://www.instagram.com/kirklees.council,Bin round reminder,01/12/2026 03:40 PM GMT,pagewatcher@govdelivery.com,0,0
https://www.kirklees.gov.uk/binManagement/Green/20260113/RG13TUE,Bin round reminder,01/12/2026 03:40 PM GMT,pagewatcher@govdelivery.com,0,0
https://www.kirklees.gov.uk/beta/your-property-bins-recycling/recycling-items.aspx,Bin round reminder,01/12/2026 03:40 PM GMT,pagewatcher@govdelivery.com,0,0
https://public.govdelivery.com/accounts/UKKIRKLEES/subscriber/topics?qsp=UKKIRKLEES_7,Bin round reminder,01/12/2026 03:40 PM GMT,pagewatcher@govdelivery.com,0,0
https://www.facebook.com/liveinkirklees,Bin round reminder,01/12/2026 03:40 PM GMT,pagewatcher@govdelivery.com,0,0
https://twitter.com/KirkleesCouncil,Bin round reminder,01/12/2026 03:40 PM GMT,pagewatcher@govdelivery.com,0,0
https://www.youtube.com/user/KirkleesVideos,Bin round reminder,01/12/2026 03:40 PM GMT,pagewatcher@govdelivery.com,0,0
https://public.govdelivery.com/accounts/UKKIRKLEES/subscriber/edit?preferences=true#tab1,Bin round reminder,01/12/2026 03:40 PM GMT,pagewatcher@govdelivery.com,0,0
http://www.kirklees.gov.uk/reminder,Bin round reminder,01/12/2026 03:40 PM GMT,pagewatcher@govdelivery.com,0,0
https://subscriberhelp.govdelivery.com/hc/en-us,Bin round reminder,01/12/2026 03:40 PM GMT,pagewatcher@govdelivery.com,0,0
http://www.kirklees.gov.uk/beta/information-and-data/pdf/privacy-notice-comms-and-marketing.pdf,Bin round reminder,01/12/2026 03:40 PM GMT,pagewatcher@govdelivery.com,0,0
http://www.govdelivery.com/portals/powered-by,Bin round reminder,01/12/2026 03:40 PM GMT,pagewatcher@govdelivery.com,0,0
https://twitter.com/KirkleesCouncil,Bin round reminder,01/12/2026 02:30 PM GMT,pagewatcher@govdelivery.com,0,0
https://www.kirklees.gov.uk/binManagement/Grey/20260113/DG02TUE,Bin round reminder,01/12/2026 02:30 PM GMT,pagewatcher@govdelivery.com,0,0
https://www.kirklees.gov.uk/beta/your-property-bins-recycling/recycling-items.aspx,Bin round reminder,01/12/2026 02:30 PM GMT,pagewatcher@govdelivery.com,0,0
https://www.instagram.com/kirklees.council,Bin round reminder,01/12/2026 02:30 PM GMT,pagewatcher@govdelivery.com,0,0
https://www.facebook.com/liveinkirklees,Bin round reminder,01/12/2026 02:30 PM GMT,pagewatcher@govdelivery.com,0,0
https://www.youtube.com/user/KirkleesVideos,Bin round reminder,01/12/2026 02:30 PM GMT,pagewatcher@govdelivery.com,0,0
https://public.govdelivery.com/accounts/UKKIRKLEES/subscriber/edit?preferences=true#tab1,Bin round reminder,01/12/2026 02:30 PM GMT,pagewatcher@govdelivery.com,0,0
http://www.kirklees.gov.uk/reminder,Bin round reminder,01/12/2026 02:30 PM GMT,pagewatcher@govdelivery.com,0,0
https://subscriberhelp.govdelivery.com/hc/en-us,Bin round reminder,01/12/2026 02:30 PM GMT,pagewatcher@govdelivery.com,0,0
http://www.kirklees.gov.uk/beta/information-and-data/pdf/privacy-notice-comms-and-marketing.pdf,Bin round reminder,01/12/2026 02:30 PM GMT,pagewatcher@govdelivery.com,0,0
http://www.govdelivery.com/portals/powered-by,Bin round reminder,01/12/2026 02:30 PM GMT,pagewatcher@govdelivery.com,0,0
https://twitter.com/KirkleesCouncil,Bin round reminder,01/11/2026 02:30 PM GMT,pagewatcher@govdelivery.com,0,0
https://www.kirklees.gov.uk/binManagement/Green/20260112/RG11MON,Bin round reminder,01/11/2026 02:30 PM GMT,pagewatcher@govdelivery.com,0,0
https://www.kirklees.gov.uk/beta/your-property-bins-recycling/recycling-items.aspx,Bin round reminder,01/11/2026 02:30 PM GMT,pagewatcher@govdelivery.com,0,0
https://public.govdelivery.com/accounts/UKKIRKLEES/subscriber/topics?qsp=UKKIRKLEES_7,Bin round reminder,01/11/2026 02:30 PM GMT,pagewatcher@govdelivery.com,0,0
https://www.instagram.com/kirklees.council,Bin round reminder,01/11/2026 02:30 PM GMT,pagewatcher@govdelivery.com,0,0
https://www.facebook.com/liveinkirklees,Bin round reminder,01/11/2026 02:30 PM GMT,pagewatcher@govdelivery.com,0,0
https://www.youtube.com/user/KirkleesVideos,Bin round reminder,01/11/2026 02:30 PM GMT,pagewatcher@govdelivery.com,0,0
https://public.govdelivery.com/accounts/UKKIRKLEES/subscriber/edit?preferences=true#tab1,Bin round reminder,01/11/2026 02:30 PM GMT,pagewatcher@govdelivery.com,0,0
http://www.kirklees.gov.uk/reminder,Bin round reminder,01/11/2026 02:30 PM GMT,pagewatcher@govdelivery.com,0,0
https://subscriberhelp.govdelivery.com/hc/en-us,Bin round reminder,01/11/2026 02:30 PM GMT,pagewatcher@govdelivery.com,0,0
http://www.kirklees.gov.uk/beta/information-and-data/pdf/privacy-notice-comms-and-marketing.pdf,Bin round reminder,01/11/2026 02:30 PM GMT,pagewatcher@govdelivery.com,0,0
http://www.govdelivery.com/portals/powered-by,Bin round reminder,01/11/2026 02:30 PM GMT,pagewatcher@govdelivery.com,0,0
https://www.instagram.com/kirklees.council,Bin round reminder,01/12/2026 04:10 PM GMT,pagewatcher@govdelivery.com,0,0
https://www.kirklees.gov.uk/binManagement/Green/20260113/RG14TUE,Bin round reminder,01/12/2026 04:10 PM GMT,pagewatcher@govdelivery.com,0,0
https://www.kirklees.gov.uk/beta/your-property-bins-recycling/recycling-items.aspx,Bin round reminder,01/12/2026 04:10 PM GMT,pagewatcher@govdelivery.com,0,0
https://public.govdelivery.com/accounts/UKKIRKLEES/subscriber/topics?qsp=UKKIRKLEES_7,Bin round reminder,01/12/2026 04:10 PM GMT,pagewatcher@govdelivery.com,0,0
https://www.facebook.com/liveinkirklees,Bin round reminder,01/12/2026 04:10 PM GMT,pagewatcher@govdelivery.com,0,0
https://twitter.com/KirkleesCouncil,Bin round reminder,01/12/2026 04:10 PM GMT,pagewatcher@govdelivery.com,0,0
https://www.youtube.com/user/KirkleesVideos,Bin round reminder,01/12/2026 04:10 PM GMT,pagewatcher@govdelivery.com,0,0
http://www.kirklees.gov.uk/reminder,Bin round reminder,01/12/2026 04:10 PM GMT,pagewatcher@govdelivery.com,0,0
https://subscriberhelp.govdelivery.com/hc/en-us,Bin round reminder,01/12/2026 04:10 PM GMT,pagewatcher@govdelivery.com,0,0
http://www.kirklees.gov.uk/beta/information-and-data/pdf/privacy-notice-comms-and-marketing.pdf,Bin round reminder,01/12/2026 04:10 PM GMT,pagewatcher@govdelivery.com,0,0
http://www.govdelivery.com/portals/powered-by,Bin round reminder,01/12/2026 04:10 PM GMT,pagewatcher@govdelivery.com,0,0
https://www.kirklees.gov.uk/binManagement/Green/20260113/RG17TUE,Bin round reminder,01/12/2026 04:10 PM GMT,pagewatcher@govdelivery.com,0,0
https://www.kirklees.gov.uk/beta/your-property-bins-recycling/recycling-items.aspx,Bin round reminder,01/12/2026 04:10 PM GMT,pagewatcher@govdelivery.com,0,0
https://public.govdelivery.com/accounts/UKKIRKLEES/subscriber/topics?qsp=UKKIRKLEES_7,Bin round reminder,01/12/2026 04:10 PM GMT,pagewatcher@govdelivery.com,0,0
https://www.instagram.com/kirklees.council,Bin round reminder,01/12/2026 04:10 PM GMT,pagewatcher@govdelivery.com,0,0
https://www.facebook.com/liveinkirklees,Bin round reminder,01/12/2026 04:10 PM GMT,pagewatcher@govdelivery.com,0,0
https://twitter.com/KirkleesCouncil,Bin round reminder,01/12/2026 04:10 PM GMT,pagewatcher@govdelivery.com,0,0
https://www.youtube.com/user/KirkleesVideos,Bin round reminder,01/12/2026 04:10 PM GMT,pagewatcher@govdelivery.com,0,0
https://public.govdelivery.com/accounts/UKKIRKLEES/subscriber/edit?preferences=true#tab1,Bin round reminder,01/12/2026 04:10 PM GMT,pagewatcher@govdelivery.com,0,0
http://www.kirklees.gov.uk/reminder,Bin round reminder,01/12/2026 04:10 PM GMT,pagewatcher@govdelivery.com,0,0
https://subscriberhelp.govdelivery.com/hc/en-us,Bin round reminder,01/12/2026 04:10 PM GMT,pagewatcher@govdelivery.com,0,0
http://www.kirklees.gov.uk/beta/information-and-data/pdf/privacy-notice-comms-and-marketing.pdf,Bin round reminder,01/12/2026 04:10 PM GMT,pagewatcher@govdelivery.com,0,0
http://www.govdelivery.com/portals/powered-by,Bin round reminder,01/12/2026 04:10 PM GMT,pagewatcher@govdelivery.com,0,0
https://www.facebook.com/liveinkirklees,Bin round reminder,01/12/2026 02:40 PM GMT,pagewatcher@govdelivery.com,0,0
https://www.kirklees.gov.uk/binManagement/Grey/20260113/DG01TUE,Bin round reminder,01/12/2026 02:40 PM GMT,pagewatcher@govdelivery.com,0,0
https://www.kirklees.gov.uk/beta/your-property-bins-recycling/recycling-items.aspx,Bin round reminder,01/12/2026 02:40 PM GMT,pagewatcher@govdelivery.com,0,0
https://www.instagram.com/kirklees.council,Bin round reminder,01/12/2026 02:40 PM GMT,pagewatcher@govdelivery.com,0,0
https://twitter.com/KirkleesCouncil,Bin round reminder,01/12/2026 02:40 PM GMT,pagewatcher@govdelivery.com,0,0
https://www.youtube.com/user/KirkleesVideos,Bin round reminder,01/12/2026 02:40 PM GMT,pagewatcher@govdelivery.com,0,0
https://public.govdelivery.com/accounts/UKKIRKLEES/subscriber/edit?preferences=true#tab1,Bin round reminder,01/12/2026 02:40 PM GMT,pagewatcher@govdelivery.com,0,0
http://www.kirklees.gov.uk/reminder,Bin round reminder,01/12/2026 02:40 PM GMT,pagewatcher@govdelivery.com,0,0
https://subscriberhelp.govdelivery.com/hc/en-us,Bin round reminder,01/12/2026 02:40 PM GMT,pagewatcher@govdelivery.com,0,0
http://www.kirklees.gov.uk/beta/information-and-data/pdf/privacy-notice-comms-and-marketing.pdf,Bin round reminder,01/12/2026 02:40 PM GMT,pagewatcher@govdelivery.com,0,0
http://www.govdelivery.com/portals/powered-by,Bin round reminder,01/12/2026 02:40 PM GMT,pagewatcher@govdelivery.com,0,0
https://www.kirklees.gov.uk/binManagement/Grey/20260113/DG08TUE,Bin round reminder,01/12/2026 03:30 PM GMT,pagewatcher@govdelivery.com,0,0
https://www.kirklees.gov.uk/beta/your-property-bins-recycling/recycling-items.aspx,Bin round reminder,01/12/2026 03:30 PM GMT,pagewatcher@govdelivery.com,0,0
https://www.instagram.com/kirklees.council,Bin round reminder,01/12/2026 03:30 PM GMT,pagewatcher@govdelivery.com,0,0
https://www.facebook.com/liveinkirklees,Bin round reminder,01/12/2026 03:30 PM GMT,pagewatcher@govdelivery.com,0,0
https://twitter.com/KirkleesCouncil,Bin round reminder,01/12/2026 03:30 PM GMT,pagewatcher@govdelivery.com,0,0
https://www.youtube.com/user/KirkleesVideos,Bin round reminder,01/12/2026 03:30 PM GMT,pagewatcher@govdelivery.com,0,0
https://public.govdelivery.com/accounts/UKKIRKLEES/subscriber/edit?preferences=true#tab1,Bin round reminder,01/12/2026 03:30 PM GMT,pagewatcher@govdelivery.com,0,0
http://www.kirklees.gov.uk/reminder,Bin round reminder,01/12/2026 03:30 PM GMT,pagewatcher@govdelivery.com,0,0
https://subscriberhelp.govdelivery.com/hc/en-us,Bin round reminder,01/12/2026 03:30 PM GMT,pagewatcher@govdelivery.com,0,0
http://www.kirklees.gov.uk/beta/information-and-data/pdf/privacy-notice-comms-and-marketing.pdf,Bin round reminder,01/12/2026 03:30 PM GMT,pagewatcher@govdelivery.com,0,0
http://www.govdelivery.com/portals/powered-by,Bin round reminder,01/12/2026 03:30 PM GMT,pagewatcher@govdelivery.com,0,0
https://www.kirklees.gov.uk/binManagement/Green/20260113/R30TUE,Bin round reminder,01/12/2026 03:30 PM GMT,pagewatcher@govdelivery.com,0,0
https://www.kirklees.gov.uk/beta/your-property-bins-recycling/recycling-items.aspx,Bin round reminder,01/12/2026 03:30 PM GMT,pagewatcher@govdelivery.com,0,0
https://public.govdelivery.com/accounts/UKKIRKLEES/subscriber/topics?qsp=UKKIRKLEES_7,Bin round reminder,01/12/2026 03:30 PM GMT,pagewatcher@govdelivery.com,0,0
https://www.instagram.com/kirklees.council,Bin round reminder,01/12/2026 03:30 PM GMT,pagewatcher@govdelivery.com,0,0
https://www.facebook.com/liveinkirklees,Bin round reminder,01/12/2026 03:30 PM GMT,pagewatcher@govdelivery.com,0,0
https://twitter.com/KirkleesCouncil,Bin round reminder,01/12/2026 03:30 PM GMT,pagewatcher@govdelivery.com,0,0
https://www.youtube.com/user/KirkleesVideos,Bin round reminder,01/12/2026 03:30 PM GMT,pagewatcher@govdelivery.com,0,0
https://public.govdelivery.com/accounts/UKKIRKLEES/subscriber/edit?preferences=true#tab1,Bin round reminder,01/12/2026 03:30 PM GMT,pagewatcher@govdelivery.com,0,0
http://www.kirklees.gov.uk/reminder,Bin round reminder,01/12/2026 03:30 PM GMT,pagewatcher@govdelivery.com,0,0
https://subscriberhelp.govdelivery.com/hc/en-us,Bin round reminder,01/12/2026 03:30 PM GMT,pagewatcher@govdelivery.com,0,0
http://www.kirklees.gov.uk/beta/information-and-data/pdf/privacy-notice-comms-and-marketing.pdf,Bin round reminder,01/12/2026 03:30 PM GMT,pagewatcher@govdelivery.com,0,0
http://www.govdelivery.com/portals/powered-by,Bin round reminder,01/12/2026 03:30 PM GMT,pagewatcher@govdelivery.com,0,0
https://www.instagram.com/kirklees.council,Bin round reminder,01/12/2026 03:40 PM GMT,pagewatcher@govdelivery.com,0,0
https://www.kirklees.gov.uk/binManagement/Green/20260113/R34TUE,Bin round reminder,01/12/2026 03:40 PM GMT,pagewatcher@govdelivery.com,0,0
https://www.kirklees.gov.uk/beta/your-property-bins-recycling/recycling-items.aspx,Bin round reminder,01/12/2026 03:40 PM GMT,pagewatcher@govdelivery.com,0,0
https://public.govdelivery.com/accounts/UKKIRKLEES/subscriber/topics?qsp=UKKIRKLEES_7,Bin round reminder,01/12/2026 03:40 PM GMT,pagewatcher@govdelivery.com,0,0
https://www.facebook.com/liveinkirklees,Bin round reminder,01/12/2026 03:40 PM GMT,pagewatcher@govdelivery.com,0,0
https://twitter.com/KirkleesCouncil,Bin round reminder,01/12/2026 03:40 PM GMT,pagewatcher@govdelivery.com,0,0
https://www.youtube.com/user/KirkleesVideos,Bin round reminder,01/12/2026 03:40 PM GMT,pagewatcher@govdelivery.com,0,0
https://public.govdelivery.com/accounts/UKKIRKLEES/subscriber/edit?preferences=true#tab1,Bin round reminder,01/12/2026 03:40 PM GMT,pagewatcher@govdelivery.com,0,0
http://www.kirklees.gov.uk/reminder,Bin round reminder,01/12/2026 03:40 PM GMT,pagewatcher@govdelivery.com,0,0
https://subscriberhelp.govdelivery.com/hc/en-us,Bin round reminder,01/12/2026 03:40 PM GMT,pagewatcher@govdelivery.com,0,0
http://www.kirklees.gov.uk/beta/information-and-data/pdf/privacy-notice-comms-and-marketing.pdf,Bin round reminder,01/12/2026 03:40 PM GMT,pagewatcher@govdelivery.com,0,0
http://www.govdelivery.com/portals/powered-by,Bin round reminder,01/12/2026 03:40 PM GMT,pagewatcher@govdelivery.com,0,0
https://www.facebook.com/liveinkirklees,Bin round reminder,01/11/2026 02:20 PM GMT,pagewatcher@govdelivery.com,0,0
https://www.kirklees.gov.uk/binManagement/Grey/20260112/D36MON,Bin round reminder,01/11/2026 02:20 PM GMT,pagewatcher@govdelivery.com,0,0
https://www.kirklees.gov.uk/beta/your-property-bins-recycling/recycling-items.aspx,Bin round reminder,01/11/2026 02:20 PM GMT,pagewatcher@govdelivery.com,0,0
https://www.instagram.com/kirklees.council,Bin round reminder,01/11/2026 02:20 PM GMT,pagewatcher@govdelivery.com,0,0
https://twitter.com/KirkleesCouncil,Bin round reminder,01/11/2026 02:20 PM GMT,pagewatcher@govdelivery.com,0,0
https://www.youtube.com/user/KirkleesVideos,Bin round reminder,01/11/2026 02:20 PM GMT,pagewatcher@govdelivery.com,0,0
https://public.govdelivery.com/accounts/UKKIRKLEES/subscriber/edit?preferences=true#tab1,Bin round reminder,01/11/2026 02:20 PM GMT,pagewatcher@govdelivery.com,0,0
http://www.kirklees.gov.uk/reminder,Bin round reminder,01/11/2026 02:20 PM GMT,pagewatcher@govdelivery.com,0,0
https://subscriberhelp.govdelivery.com/hc/en-us,Bin round reminder,01/11/2026 02:20 PM GMT,pagewatcher@govdelivery.com,0,0
http://www.kirklees.gov.uk/beta/information-and-data/pdf/privacy-notice-comms-and-marketing.pdf,Bin round reminder,01/11/2026 02:20 PM GMT,pagewatcher@govdelivery.com,0,0
http://www.govdelivery.com/portals/powered-by,Bin round reminder,01/11/2026 02:20 PM GMT,pagewatcher@govdelivery.com,0,0
https://www.kirklees.gov.uk/binManagement/Green/20260112/RG16MON,Bin round reminder,01/11/2026 02:20 PM GMT,pagewatcher@govdelivery.com,0,0
https://www.kirklees.gov.uk/beta/your-property-bins-recycling/recycling-items.aspx,Bin round reminder,01/11/2026 02:20 PM GMT,pagewatcher@govdelivery.com,0,0
https://public.govdelivery.com/accounts/UKKIRKLEES/subscriber/topics?qsp=UKKIRKLEES_7,Bin round reminder,01/11/2026 02:20 PM GMT,pagewatcher@govdelivery.com,0,0
https://www.instagram.com/kirklees.council,Bin round reminder,01/11/2026 02:20 PM GMT,pagewatcher@govdelivery.com,0,0
https://www.facebook.com/liveinkirklees,Bin round reminder,01/11/2026 02:20 PM GMT,pagewatcher@govdelivery.com,0,0
https://twitter.com/KirkleesCouncil,Bin round reminder,01/11/2026 02:20 PM GMT,pagewatcher@govdelivery.com,0,0
https://www.youtube.com/user/KirkleesVideos,Bin round reminder,01/11/2026 02:20 PM GMT,pagewatcher@govdelivery.com,0,0
https://public.govdelivery.com/accounts/UKKIRKLEES/subscriber/edit?preferences=true#tab1,Bin round reminder,01/11/2026 02:20 PM GMT,pagewatcher@govdelivery.com,0,0
http://www.kirklees.gov.uk/reminder,Bin round reminder,01/11/2026 02:20 PM GMT,pagewatcher@govdelivery.com,0,0
https://subscriberhelp.govdelivery.com/hc/en-us,Bin round reminder,01/11/2026 02:20 PM GMT,pagewatcher@govdelivery.com,0,0
http://www.kirklees.gov.uk/beta/information-and-data/pdf/privacy-notice-comms-and-marketing.pdf,Bin round reminder,01/11/2026 02:20 PM GMT,pagewatcher@govdelivery.com,0,0
http://www.govdelivery.com/portals/powered-by,Bin round reminder,01/11/2026 02:20 PM GMT,pagewatcher@govdelivery.com,0,0
https://www.kirklees.gov.uk/binManagement/Grey/20260112/D31MON,Bin round reminder,01/11/2026 02:30 PM GMT,pagewatcher@govdelivery.com,0,0
https://www.instagram.com/kirklees.council,Bin round reminder,01/11/2026 02:30 PM GMT,pagewatcher@govdelivery.com,0,0
https://www.facebook.com/liveinkirklees,Bin round reminder,01/11/2026 02:30 PM GMT,pagewatcher@govdelivery.com,0,0
https://twitter.com/KirkleesCouncil,Bin round reminder,01/11/2026 02:30 PM GMT,pagewatcher@govdelivery.com,0,0
https://www.youtube.com/user/KirkleesVideos,Bin round reminder,01/11/2026 02:30 PM GMT,pagewatcher@govdelivery.com,0,0
https://public.govdelivery.com/accounts/UKKIRKLEES/subscriber/edit?preferences=true#tab1,Bin round reminder,01/11/2026 02:30 PM GMT,pagewatcher@govdelivery.com,0,0
http://www.kirklees.gov.uk/reminder,Bin round reminder,01/11/2026 02:30 PM GMT,pagewatcher@govdelivery.com,0,0
https://subscriberhelp.govdelivery.com/hc/en-us,Bin round reminder,01/11/2026 02:30 PM GMT,pagewatcher@govdelivery.com,0,0
http://www.kirklees.gov.uk/beta/information-and-data/pdf/privacy-notice-comms-and-marketing.pdf,Bin round reminder,01/11/2026 02:30 PM GMT,pagewatcher@govdelivery.com,0,0
http://www.govdelivery.com/portals/powered-by,Bin round reminder,01/11/2026 02:30 PM GMT,pagewatcher@govdelivery.com,0,0
https://www.youtube.com/user/KirkleesVideos,Bin round reminder,01/11/2026 02:40 PM GMT,pagewatcher@govdelivery.com,0,0
https://www.kirklees.gov.uk/beta/your-property-bins-recycling/recycling-items.aspx,Bin round reminder,01/11/2026 02:40 PM GMT,pagewatcher@govdelivery.com,0,0
https://public.govdelivery.com/accounts/UKKIRKLEES/subscriber/topics?qsp=UKKIRKLEES_7,Bin round reminder,01/11/2026 02:40 PM GMT,pagewatcher@govdelivery.com,0,0
https://www.instagram.com/kirklees.council,Bin round reminder,01/11/2026 02:40 PM GMT,pagewatcher@govdelivery.com,0,0
https://www.facebook.com/liveinkirklees,Bin round reminder,01/11/2026 02:40 PM GMT,pagewatcher@govdelivery.com,0,0
https://twitter.com/KirkleesCouncil,Bin round reminder,01/11/2026 02:40 PM GMT,pagewatcher@govdelivery.com,0,0
https://public.govdelivery.com/accounts/UKKIRKLEES/subscriber/edit?preferences=true#tab1,Bin round reminder,01/11/2026 02:40 PM GMT,pagewatcher@govdelivery.com,0,0
http://www.kirklees.gov.uk/reminder,Bin round reminder,01/11/2026 02:40 PM GMT,pagewatcher@govdelivery.com,0,0
https://subscriberhelp.govdelivery.com/hc/en-us,Bin round reminder,01/11/2026 02:40 PM GMT,pagewatcher@govdelivery.com,0,0
http://www.kirklees.gov.uk/beta/information-and-data/pdf/privacy-notice-comms-and-marketing.pdf,Bin round reminder,01/11/2026 02:40 PM GMT,pagewatcher@govdelivery.com,0,0
http://www.govdelivery.com/portals/powered-by,Bin round reminder,01/11/2026 02:40 PM GMT,pagewatcher@govdelivery.com,0,0
https://www.instagram.com/kirklees.council,Bin round reminder,01/11/2026 01:00 PM GMT,pagewatcher@govdelivery.com,0,0
https://www.kirklees.gov.uk/beta/your-property-bins-recycling/recycling-items.aspx,Bin round reminder,01/11/2026 01:00 PM GMT,pagewatcher@govdelivery.com,0,0
https://public.govdelivery.com/accounts/UKKIRKLEES/subscriber/topics?qsp=UKKIRKLEES_7,Bin round reminder,01/11/2026 01:00 PM GMT,pagewatcher@govdelivery.com,0,0
https://www.facebook.com/liveinkirklees,Bin round reminder,01/11/2026 01:00 PM GMT,pagewatcher@govdelivery.com,0,0
https://twitter.com/KirkleesCouncil,Bin round reminder,01/11/2026 01:00 PM GMT,pagewatcher@govdelivery.com,0,0
https://www.youtube.com/user/KirkleesVideos,Bin round reminder,01/11/2026 01:00 PM GMT,pagewatcher@govdelivery.com,0,0
https://public.govdelivery.com/accounts/UKKIRKLEES/subscriber/edit?preferences=true#tab1,Bin round reminder,01/11/2026 01:00 PM GMT,pagewatcher@govdelivery.com,0,0
http://www.kirklees.gov.uk/reminder,Bin round reminder,01/11/2026 01:00 PM GMT,pagewatcher@govdelivery.com,0,0
https://subscriberhelp.govdelivery.com/hc/en-us,Bin round reminder,01/11/2026 01:00 PM GMT,pagewatcher@govdelivery.com,0,0
http://www.kirklees.gov.uk/beta/information-and-data/pdf/privacy-notice-comms-and-marketing.pdf,Bin round reminder,01/11/2026 01:00 PM GMT,pagewatcher@govdelivery.com,0,0
http://www.govdelivery.com/portals/powered-by,Bin round reminder,01/11/2026 01:00 PM GMT,pagewatcher@govdelivery.com,0,0
https://www.facebook.com/liveinkirklees,Bin round reminder,01/12/2026 01:00 PM GMT,pagewatcher@govdelivery.com,0,0
https://www.kirklees.gov.uk/binManagement/Grey/20260113/DG05TUE,Bin round reminder,01/12/2026 01:00 PM GMT,pagewatcher@govdelivery.com,0,0
https://www.kirklees.gov.uk/beta/your-property-bins-recycling/recycling-items.aspx,Bin round reminder,01/12/2026 01:00 PM GMT,pagewatcher@govdelivery.com,0,0
https://www.instagram.com/kirklees.council,Bin round reminder,01/12/2026 01:00 PM GMT,pagewatcher@govdelivery.com,0,0
https://twitter.com/KirkleesCouncil,Bin round reminder,01/12/2026 01:00 PM GMT,pagewatcher@govdelivery.com,0,0
https://www.youtube.com/user/KirkleesVideos,Bin round reminder,01/12/2026 01:00 PM GMT,pagewatcher@govdelivery.com,0,0
https://public.govdelivery.com/accounts/UKKIRKLEES/subscriber/edit?preferences=true#tab1,Bin round reminder,01/12/2026 01:00 PM GMT,pagewatcher@govdelivery.com,0,0
http://www.kirklees.gov.uk/reminder,Bin round reminder,01/12/2026 01:00 PM GMT,pagewatcher@govdelivery.com,0,0
https://subscriberhelp.govdelivery.com/hc/en-us,Bin round reminder,01/12/2026 01:00 PM GMT,pagewatcher@govdelivery.com,0,0
http://www.kirklees.gov.uk/beta/information-and-data/pdf/privacy-notice-comms-and-marketing.pdf,Bin round reminder,01/12/2026 01:00 PM GMT,pagewatcher@govdelivery.com,0,0
http://www.govdelivery.com/portals/powered-by,Bin round reminder,01/12/2026 01:00 PM GMT,pagewatcher@govdelivery.com,0,0
https://www.instagram.com/kirklees.council,Bin round reminder,01/11/2026 04:20 PM GMT,pagewatcher@govdelivery.com,0,0
https://www.kirklees.gov.uk/binManagement/Green/20260112/RG12MON,Bin round reminder,01/11/2026 04:20 PM GMT,pagewatcher@govdelivery.com,0,0
https://www.kirklees.gov.uk/beta/your-property-bins-recycling/recycling-items.aspx,Bin round reminder,01/11/2026 04:20 PM GMT,pagewatcher@govdelivery.com,0,0
https://public.govdelivery.com/accounts/UKKIRKLEES/subscriber/topics?qsp=UKKIRKLEES_7,Bin round reminder,01/11/2026 04:20 PM GMT,pagewatcher@govdelivery.com,0,0
https://www.facebook.com/liveinkirklees,Bin round reminder,01/11/2026 04:20 PM GMT,pagewatcher@govdelivery.com,0,0
http://www.kirklees.gov.uk/reminder,Bin round reminder,01/11/2026 04:20 PM GMT,pagewatcher@govdelivery.com,0,0
https://twitter.com/KirkleesCouncil,Bin round reminder,01/11/2026 04:20 PM GMT,pagewatcher@govdelivery.com,0,0
https://www.youtube.com/user/KirkleesVideos,Bin round reminder,01/11/2026 04:20 PM GMT,pagewatcher@govdelivery.com,0,0
https://public.govdelivery.com/accounts/UKKIRKLEES/subscriber/edit?preferences=true#tab1,Bin round reminder,01/11/2026 04:20 PM GMT,pagewatcher@govdelivery.com,0,0
https://subscriberhelp.govdelivery.com/hc/en-us,Bin round reminder,01/11/2026 04:20 PM GMT,pagewatcher@govdelivery.com,0,0
http://www.kirklees.gov.uk/beta/information-and-data/pdf/privacy-notice-comms-and-marketing.pdf,Bin round reminder,01/11/2026 04:20 PM GMT,pagewatcher@govdelivery.com,0,0
http://www.govdelivery.com/portals/powered-by,Bin round reminder,01/11/2026 04:20 PM GMT,pagewatcher@govdelivery.com,0,0
https://www.kirklees.gov.uk/binManagement/Grey/20260112/D38MON,Bin round reminder,01/11/2026 04:20 PM GMT,pagewatcher@govdelivery.com,0,0
https://www.kirklees.gov.uk/beta/your-property-bins-recycling/recycling-items.aspx,Bin round reminder,01/11/2026 04:20 PM GMT,pagewatcher@govdelivery.com,0,0
https://www.instagram.com/kirklees.council,Bin round reminder,01/11/2026 04:20 PM GMT,pagewatcher@govdelivery.com,0,0
https://www.facebook.com/liveinkirklees,Bin round reminder,01/11/2026 04:20 PM GMT,pagewatcher@govdelivery.com,0,0
https://twitter.com/KirkleesCouncil,Bin round reminder,01/11/2026 04:20 PM GMT,pagewatcher@govdelivery.com,0,0
https://www.youtube.com/user/KirkleesVideos,Bin round reminder,01/11/2026 04:20 PM GMT,pagewatcher@govdelivery.com,0,0
https://public.govdelivery.com/accounts/UKKIRKLEES/subscriber/edit?preferences=true#tab1,Bin round reminder,01/11/2026 04:20 PM GMT,pagewatcher@govdelivery.com,0,0
http://www.kirklees.gov.uk/reminder,Bin round reminder,01/11/2026 04:20 PM GMT,pagewatcher@govdelivery.com,0,0
https://subscriberhelp.govdelivery.com/hc/en-us,Bin round reminder,01/11/2026 04:20 PM GMT,pagewatcher@govdelivery.com,0,0
http://www.kirklees.gov.uk/beta/information-and-data/pdf/privacy-notice-comms-and-marketing.pdf,Bin round reminder,01/11/2026 04:20 PM GMT,pagewatcher@govdelivery.com,0,0
http://www.govdelivery.com/portals/powered-by,Bin round reminder,01/11/2026 04:20 PM GMT,pagewatcher@govdelivery.com,0,0
https://www.facebook.com/liveinkirklees,Bin round reminder,01/11/2026 03:40 PM GMT,pagewatcher@govdelivery.com,0,0
https://www.kirklees.gov.uk/binManagement/Grey/20260112/DG05MON,Bin round reminder,01/11/2026 03:40 PM GMT,pagewatcher@govdelivery.com,0,0
https://www.kirklees.gov.uk/beta/your-property-bins-recycling/recycling-items.aspx,Bin round reminder,01/11/2026 03:40 PM GMT,pagewatcher@govdelivery.com,0,0
https://www.instagram.com/kirklees.council,Bin round reminder,01/11/2026 03:40 PM GMT,pagewatcher@govdelivery.com,0,0
https://twitter.com/KirkleesCouncil,Bin round reminder,01/11/2026 03:40 PM GMT,pagewatcher@govdelivery.com,0,0
https://www.youtube.com/user/KirkleesVideos,Bin round reminder,01/11/2026 03:40 PM GMT,pagewatcher@govdelivery.com,0,0
https://public.govdelivery.com/accounts/UKKIRKLEES/subscriber/edit?preferences=true#tab1,Bin round reminder,01/11/2026 03:40 PM GMT,pagewatcher@govdelivery.com,0,0
http://www.kirklees.gov.uk/reminder,Bin round reminder,01/11/2026 03:40 PM GMT,pagewatcher@govdelivery.com,0,0
https://subscriberhelp.govdelivery.com/hc/en-us,Bin round reminder,01/11/2026 03:40 PM GMT,pagewatcher@govdelivery.com,0,0
http://www.kirklees.gov.uk/beta/information-and-data/pdf/privacy-notice-comms-and-marketing.pdf,Bin round reminder,01/11/2026 03:40 PM GMT,pagewatcher@govdelivery.com,0,0
http://www.govdelivery.com/portals/powered-by,Bin round reminder,01/11/2026 03:40 PM GMT,pagewatcher@govdelivery.com,0,0
https://www.facebook.com/liveinkirklees,Bin round reminder,01/11/2026 03:30 PM GMT,pagewatcher@govdelivery.com,0,0
https://www.kirklees.gov.uk/binManagement/Grey/20260112/DG01MON,Bin round reminder,01/11/2026 03:30 PM GMT,pagewatcher@govdelivery.com,0,0
https://www.instagram.com/kirklees.council,Bin round reminder,01/11/2026 03:30 PM GMT,pagewatcher@govdelivery.com,0,0
https://twitter.com/KirkleesCouncil,Bin round reminder,01/11/2026 03:30 PM GMT,pagewatcher@govdelivery.com,0,0
https://www.youtube.com/user/KirkleesVideos,Bin round reminder,01/11/2026 03:30 PM GMT,pagewatcher@govdelivery.com,0,0
https://public.govdelivery.com/accounts/UKKIRKLEES/subscriber/edit?preferences=true#tab1,Bin round reminder,01/11/2026 03:30 PM GMT,pagewatcher@govdelivery.com,0,0
http://www.kirklees.gov.uk/reminder,Bin round reminder,01/11/2026 03:30 PM GMT,pagewatcher@govdelivery.com,0,0
https://subscriberhelp.govdelivery.com/hc/en-us,Bin round reminder,01/11/2026 03:30 PM GMT,pagewatcher@govdelivery.com,0,0
http://www.kirklees.gov.uk/beta/information-and-data/pdf/privacy-notice-comms-and-marketing.pdf,Bin round reminder,01/11/2026 03:30 PM GMT,pagewatcher@govdelivery.com,0,0
http://www.govdelivery.com/portals/powered-by,Bin round reminder,01/11/2026 03:30 PM GMT,pagewatcher@govdelivery.com,0,0
https://twitter.com/KirkleesCouncil,Bin round reminder,01/11/2026 04:20 PM GMT,pagewatcher@govdelivery.com,0,0
https://www.youtube.com/user/KirkleesVideos,Bin round reminder,01/11/2026 04:20 PM GMT,pagewatcher@govdelivery.com,0,0
http://www.kirklees.gov.uk/reminder,Bin round reminder,01/11/2026 04:20 PM GMT,pagewatcher@govdelivery.com,0,0
http://www.kirklees.gov.uk/beta/information-and-data/pdf/privacy-notice-comms-and-marketing.pdf,Bin round reminder,01/11/2026 04:20 PM GMT,pagewatcher@govdelivery.com,0,0
http://www.govdelivery.com/portals/powered-by,Bin round reminder,01/11/2026 04:20 PM GMT,pagewatcher@govdelivery.com,0,0
https://www.kirklees.gov.uk/binManagement/Grey/20260112/D30MON,Bin round reminder,01/11/2026 02:40 PM GMT,pagewatcher@govdelivery.com,0,0
https://www.kirklees.gov.uk/beta/your-property-bins-recycling/recycling-items.aspx,Bin round reminder,01/11/2026 02:40 PM GMT,pagewatcher@govdelivery.com,0,0
https://www.instagram.com/kirklees.council,Bin round reminder,01/11/2026 02:40 PM GMT,pagewatcher@govdelivery.com,0,0
https://www.facebook.com/liveinkirklees,Bin round reminder,01/11/2026 02:40 PM GMT,pagewatcher@govdelivery.com,0,0
https://twitter.com/KirkleesCouncil,Bin round reminder,01/11/2026 02:40 PM GMT,pagewatcher@govdelivery.com,0,0
https://www.youtube.com/user/KirkleesVideos,Bin round reminder,01/11/2026 02:40 PM GMT,pagewatcher@govdelivery.com,0,0
https://public.govdelivery.com/accounts/UKKIRKLEES/subscriber/edit?preferences=true#tab1,Bin round reminder,01/11/2026 02:40 PM GMT,pagewatcher@govdelivery.com,0,0
http://www.kirklees.gov.uk/reminder,Bin round reminder,01/11/2026 02:40 PM GMT,pagewatcher@govdelivery.com,0,0
https://subscriberhelp.govdelivery.com/hc/en-us,Bin round reminder,01/11/2026 02:40 PM GMT,pagewatcher@govdelivery.com,0,0
http://www.kirklees.gov.uk/beta/information-and-data/pdf/privacy-notice-comms-and-marketing.pdf,Bin round reminder,01/11/2026 02:40 PM GMT,pagewatcher@govdelivery.com,0,0
http://www.govdelivery.com/portals/powered-by,Bin round reminder,01/11/2026 02:40 PM GMT,pagewatcher@govdelivery.com,0,0
https://www.kirklees.gov.uk/binManagement/Grey/20260112/DG07MON,Bin round reminder,01/11/2026 03:20 PM GMT,pagewatcher@govdelivery.com,0,0
https://www.kirklees.gov.uk/beta/your-property-bins-recycling/recycling-items.aspx,Bin round reminder,01/11/2026 03:20 PM GMT,pagewatcher@govdelivery.com,0,0
https://www.instagram.com/kirklees.council,Bin round reminder,01/11/2026 03:20 PM GMT,pagewatcher@govdelivery.com,0,0
https://www.facebook.com/liveinkirklees,Bin round reminder,01/11/2026 03:20 PM GMT,pagewatcher@govdelivery.com,0,0
https://twitter.com/KirkleesCouncil,Bin round reminder,01/11/2026 03:20 PM GMT,pagewatcher@govdelivery.com,0,0
https://www.youtube.com/user/KirkleesVideos,Bin round reminder,01/11/2026 03:20 PM GMT,pagewatcher@govdelivery.com,0,0
https://public.govdelivery.com/accounts/UKKIRKLEES/subscriber/edit?preferences=true#tab1,Bin round reminder,01/11/2026 03:20 PM GMT,pagewatcher@govdelivery.com,0,0
http://www.kirklees.gov.uk/reminder,Bin round reminder,01/11/2026 03:20 PM GMT,pagewatcher@govdelivery.com,0,0
https://subscriberhelp.govdelivery.com/hc/en-us,Bin round reminder,01/11/2026 03:20 PM GMT,pagewatcher@govdelivery.com,0,0
http://www.kirklees.gov.uk/beta/information-and-data/pdf/privacy-notice-comms-and-marketing.pdf,Bin round reminder,01/11/2026 03:20 PM GMT,pagewatcher@govdelivery.com,0,0
http://www.govdelivery.com/portals/powered-by,Bin round reminder,01/11/2026 03:20 PM GMT,pagewatcher@govdelivery.com,0,0
https://www.kirklees.gov.uk/binManagement/Grey/20260112/D37MON,Bin round reminder,01/11/2026 02:40 PM GMT,pagewatcher@govdelivery.com,0,0
https://www.kirklees.gov.uk/beta/your-property-bins-recycling/recycling-items.aspx,Bin round reminder,01/11/2026 02:40 PM GMT,pagewatcher@govdelivery.com,0,0
https://www.instagram.com/kirklees.council,Bin round reminder,01/11/2026 02:40 PM GMT,pagewatcher@govdelivery.com,0,0
https://www.facebook.com/liveinkirklees,Bin round reminder,01/11/2026 02:40 PM GMT,pagewatcher@govdelivery.com,0,0
https://twitter.com/KirkleesCouncil,Bin round reminder,01/11/2026 02:40 PM GMT,pagewatcher@govdelivery.com,0,0
https://www.youtube.com/user/KirkleesVideos,Bin round reminder,01/11/2026 02:40 PM GMT,pagewatcher@govdelivery.com,0,0
https://public.govdelivery.com/accounts/UKKIRKLEES/subscriber/edit?preferences=true#tab1,Bin round reminder,01/11/2026 02:40 PM GMT,pagewatcher@govdelivery.com,0,0
http://www.kirklees.gov.uk/reminder,Bin round reminder,01/11/2026 02:40 PM GMT,pagewatcher@govdelivery.com,0,0
https://subscriberhelp.govdelivery.com/hc/en-us,Bin round reminder,01/11/2026 02:40 PM GMT,pagewatcher@govdelivery.com,0,0
http://www.kirklees.gov.uk/beta/information-and-data/pdf/privacy-notice-comms-and-marketing.pdf,Bin round reminder,01/11/2026 02:40 PM GMT,pagewatcher@govdelivery.com,0,0
http://www.govdelivery.com/portals/powered-by,Bin round reminder,01/11/2026 02:40 PM GMT,pagewatcher@govdelivery.com,0,0
https://www.facebook.com/liveinkirklees,Bin round reminder,01/11/2026 02:50 PM GMT,pagewatcher@govdelivery.com,0,0
https://www.kirklees.gov.uk/binManagement/Green/20260112/RG15MON,Bin round reminder,01/11/2026 02:50 PM GMT,pagewatcher@govdelivery.com,0,0
https://www.kirklees.gov.uk/beta/your-property-bins-recycling/recycling-items.aspx,Bin round reminder,01/11/2026 02:50 PM GMT,pagewatcher@govdelivery.com,0,0
https://public.govdelivery.com/accounts/UKKIRKLEES/subscriber/topics?qsp=UKKIRKLEES_7,Bin round reminder,01/11/2026 02:50 PM GMT,pagewatcher@govdelivery.com,0,0
https://www.instagram.com/kirklees.council,Bin round reminder,01/11/2026 02:50 PM GMT,pagewatcher@govdelivery.com,0,0
https://twitter.com/KirkleesCouncil,Bin round reminder,01/11/2026 02:50 PM GMT,pagewatcher@govdelivery.com,0,0
https://www.youtube.com/user/KirkleesVideos,Bin round reminder,01/11/2026 02:50 PM GMT,pagewatcher@govdelivery.com,0,0
https://public.govdelivery.com/accounts/UKKIRKLEES/subscriber/edit?preferences=true#tab1,Bin round reminder,01/11/2026 02:50 PM GMT,pagewatcher@govdelivery.com,0,0
http://www.kirklees.gov.uk/reminder,Bin round reminder,01/11/2026 02:50 PM GMT,pagewatcher@govdelivery.com,0,0
https://subscriberhelp.govdelivery.com/hc/en-us,Bin round reminder,01/11/2026 02:50 PM GMT,pagewatcher@govdelivery.com,0,0
http://www.kirklees.gov.uk/beta/information-and-data/pdf/privacy-notice-comms-and-marketing.pdf,Bin round reminder,01/11/2026 02:50 PM GMT,pagewatcher@govdelivery.com,0,0
http://www.govdelivery.com/portals/powered-by,Bin round reminder,01/11/2026 02:50 PM GMT,pagewatcher@govdelivery.com,0,0
https://www.kirklees.gov.uk/beta/council-housing/support-for-tenants/money-advice.aspx,A special end-of-year update from your Tenant-Led Panel,01/09/2026 01:24 PM GMT,max.youell@kirklees.gov.uk,0,0
https://public.govdelivery.com/accounts/UKKIRKLEES/signup/42588,A special end-of-year update from your Tenant-Led Panel,01/09/2026 01:24 PM GMT,max.youell@kirklees.gov.uk,0,0
https://www.kirklees.gov.uk/beta/council-housing/your-community/get-involved.aspx,A special end-of-year update from your Tenant-Led Panel,01/09/2026 01:24 PM GMT,max.youell@kirklees.gov.uk,0,0
https://customerservice.kirklees.gov.uk/Housingrepairs,A special end-of-year update from your Tenant-Led Panel,01/09/2026 01:24 PM GMT,max.youell@kirklees.gov.uk,0,0
https://www.kirklees.gov.uk/beta/council-housing/your-home/ways-to-pay-your-rent.aspx,A special end-of-year update from your Tenant-Led Panel,01/09/2026 01:24 PM GMT,max.youell@kirklees.gov.uk,0,0
https://docs.google.com/forms/d/e/1FAIpQLSfSA7NyHVAvU8watcFhBshL-RuvA1tI7fYWjJTP2OSM_4v6gg/viewform?usp=dialog&utm_source=helpful,A special end-of-year update from your Tenant-Led Panel,01/09/2026 01:24 PM GMT,max.youell@kirklees.gov.uk,0,0
https://docs.google.com/forms/d/e/1FAIpQLSfSA7NyHVAvU8watcFhBshL-RuvA1tI7fYWjJTP2OSM_4v6gg/viewform?usp=dialog&utm_source=okay,A special end-of-year update from your Tenant-Led Panel,01/09/2026 01:24 PM GMT,max.youell@kirklees.gov.uk,0,0
https://docs.google.com/forms/d/e/1FAIpQLSfSA7NyHVAvU8watcFhBshL-RuvA1tI7fYWjJTP2OSM_4v6gg/viewform?usp=dialog&utm_source=nothelpful,A special end-of-year update from your Tenant-Led Panel,01/09/2026 01:24 PM GMT,max.youell@kirklees.gov.uk,0,0
https://www.facebook.com/KirkleesHN/,A special end-of-year update from your Tenant-Led Panel,01/09/2026 01:24 PM GMT,max.youell@kirklees.gov.uk,0,0
https://kirkleestogether.co.uk/category/council-housing/,A special end-of-year update from your Tenant-Led Panel,01/09/2026 01:24 PM GMT,max.youell@kirklees.gov.uk,0,0
https://public.govdelivery.com/accounts/UKKIRKLEES/subscriber/edit?preferences=true#tab1,A special end-of-year update from your Tenant-Led Panel,01/09/2026 01:24 PM GMT,max.youell@kirklees.gov.uk,0,0
https://subscriberhelp.govdelivery.com/hc/en-us,A special end-of-year update from your Tenant-Led Panel,01/09/2026 01:24 PM GMT,max.youell@kirklees.gov.uk,0,0
http://www.kirklees.gov.uk/beta/information-and-data/pdf/privacy-notice-comms-and-marketing.pdf,A special end-of-year update from your Tenant-Led Panel,01/09/2026 01:24 PM GMT,max.youell@kirklees.gov.uk,0,0
https://www.kirklees.gov.uk/binManagement/Grey/20260112/D35MON,Bin round reminder,01/11/2026 02:50 PM GMT,pagewatcher@govdelivery.com,0,0
https://www.kirklees.gov.uk/beta/your-property-bins-recycling/recycling-items.aspx,Bin round reminder,01/11/2026 02:50 PM GMT,pagewatcher@govdelivery.com,0,0
https://www.instagram.com/kirklees.council,Bin round reminder,01/11/2026 02:50 PM GMT,pagewatcher@govdelivery.com,0,0
https://www.facebook.com/liveinkirklees,Bin round reminder,01/11/2026 02:50 PM GMT,pagewatcher@govdelivery.com,0,0
https://twitter.com/KirkleesCouncil,Bin round reminder,01/11/2026 02:50 PM GMT,pagewatcher@govdelivery.com,0,0
https://www.youtube.com/user/KirkleesVideos,Bin round reminder,01/11/2026 02:50 PM GMT,pagewatcher@govdelivery.com,0,0
https://public.govdelivery.com/accounts/UKKIRKLEES/subscriber/edit?preferences=true#tab1,Bin round reminder,01/11/2026 02:50 PM GMT,pagewatcher@govdelivery.com,0,0
http://www.kirklees.gov.uk/reminder,Bin round reminder,01/11/2026 02:50 PM GMT,pagewatcher@govdelivery.com,0,0
https://subscriberhelp.govdelivery.com/hc/en-us,Bin round reminder,01/11/2026 02:50 PM GMT,pagewatcher@govdelivery.com,0,0
http://www.kirklees.gov.uk/beta/information-and-data/pdf/privacy-notice-comms-and-marketing.pdf,Bin round reminder,01/11/2026 02:50 PM GMT,pagewatcher@govdelivery.com,0,0
http://www.govdelivery.com/portals/powered-by,Bin round reminder,01/11/2026 02:50 PM GMT,pagewatcher@govdelivery.com,0,0
https://www.kirklees.gov.uk/binManagement/Grey/20260112/DG09MON,Bin round reminder,01/11/2026 02:40 PM GMT,pagewatcher@govdelivery.com,0,0
https://www.kirklees.gov.uk/beta/your-property-bins-recycling/recycling-items.aspx,Bin round reminder,01/11/2026 02:40 PM GMT,pagewatcher@govdelivery.com,0,0
https://www.instagram.com/kirklees.council,Bin round reminder,01/11/2026 02:40 PM GMT,pagewatcher@govdelivery.com,0,0
https://www.facebook.com/liveinkirklees,Bin round reminder,01/11/2026 02:40 PM GMT,pagewatcher@govdelivery.com,0,0
https://twitter.com/KirkleesCouncil,Bin round reminder,01/11/2026 02:40 PM GMT,pagewatcher@govdelivery.com,0,0
https://www.youtube.com/user/KirkleesVideos,Bin round reminder,01/11/2026 02:40 PM GMT,pagewatcher@govdelivery.com,0,0
https://public.govdelivery.com/accounts/UKKIRKLEES/subscriber/edit?preferences=true#tab1,Bin round reminder,01/11/2026 02:40 PM GMT,pagewatcher@govdelivery.com,0,0
http://www.kirklees.gov.uk/reminder,Bin round reminder,01/11/2026 02:40 PM GMT,pagewatcher@govdelivery.com,0,0
https://subscriberhelp.govdelivery.com/hc/en-us,Bin round reminder,01/11/2026 02:40 PM GMT,pagewatcher@govdelivery.com,0,0
http://www.kirklees.gov.uk/beta/information-and-data/pdf/privacy-notice-comms-and-marketing.pdf,Bin round reminder,01/11/2026 02:40 PM GMT,pagewatcher@govdelivery.com,0,0
http://www.govdelivery.com/portals/powered-by,Bin round reminder,01/11/2026 02:40 PM GMT,pagewatcher@govdelivery.com,0,0
https://www.kirklees.gov.uk/binManagement/Green/20260112/RG10MON,Bin round reminder,01/11/2026 02:40 PM GMT,pagewatcher@govdelivery.com,0,0
https://www.kirklees.gov.uk/beta/your-property-bins-recycling/recycling-items.aspx,Bin round reminder,01/11/2026 02:40 PM GMT,pagewatcher@govdelivery.com,0,0
https://www.instagram.com/kirklees.council,Bin round reminder,01/11/2026 02:40 PM GMT,pagewatcher@govdelivery.com,0,0
https://www.facebook.com/liveinkirklees,Bin round reminder,01/11/2026 02:40 PM GMT,pagewatcher@govdelivery.com,0,0
https://twitter.com/KirkleesCouncil,Bin round reminder,01/11/2026 02:40 PM GMT,pagewatcher@govdelivery.com,0,0
https://www.youtube.com/user/KirkleesVideos,Bin round reminder,01/11/2026 02:40 PM GMT,pagewatcher@govdelivery.com,0,0
http://www.kirklees.gov.uk/reminder,Bin round reminder,01/11/2026 02:40 PM GMT,pagewatcher@govdelivery.com,0,0
https://subscriberhelp.govdelivery.com/hc/en-us,Bin round reminder,01/11/2026 02:40 PM GMT,pagewatcher@govdelivery.com,0,0
http://www.kirklees.gov.uk/beta/information-and-data/pdf/privacy-notice-comms-and-marketing.pdf,Bin round reminder,01/11/2026 02:40 PM GMT,pagewatcher@govdelivery.com,0,0
http://www.govdelivery.com/portals/powered-by,Bin round reminder,01/11/2026 02:40 PM GMT,pagewatcher@govdelivery.com,0,0
https://www.facebook.com/liveinkirklees,Bin round reminder,01/11/2026 04:10 PM GMT,pagewatcher@govdelivery.com,0,0
https://www.kirklees.gov.uk/beta/your-property-bins-recycling/recycling-items.aspx,Bin round reminder,01/11/2026 04:10 PM GMT,pagewatcher@govdelivery.com,0,0
https://www.instagram.com/kirklees.council,Bin round reminder,01/11/2026 04:10 PM GMT,pagewatcher@govdelivery.com,0,0
https://twitter.com/KirkleesCouncil,Bin round reminder,01/11/2026 04:10 PM GMT,pagewatcher@govdelivery.com,0,0
https://www.youtube.com/user/KirkleesVideos,Bin round reminder,01/11/2026 04:10 PM GMT,pagewatcher@govdelivery.com,0,0
https://public.govdelivery.com/accounts/UKKIRKLEES/subscriber/edit?preferences=true#tab1,Bin round reminder,01/11/2026 04:10 PM GMT,pagewatcher@govdelivery.com,0,0
http://www.kirklees.gov.uk/reminder,Bin round reminder,01/11/2026 04:10 PM GMT,pagewatcher@govdelivery.com,0,0
https://subscriberhelp.govdelivery.com/hc/en-us,Bin round reminder,01/11/2026 04:10 PM GMT,pagewatcher@govdelivery.com,0,0
http://www.kirklees.gov.uk/beta/information-and-data/pdf/privacy-notice-comms-and-marketing.pdf,Bin round reminder,01/11/2026 04:10 PM GMT,pagewatcher@govdelivery.com,0,0
http://www.govdelivery.com/portals/powered-by,Bin round reminder,01/11/2026 04:10 PM GMT,pagewatcher@govdelivery.com,0,0
https://www.facebook.com/liveinkirklees,Bin round reminder,01/11/2026 03:10 PM GMT,pagewatcher@govdelivery.com,0,0
https://www.kirklees.gov.uk/binManagement/Grey/20260112/DG08MON,Bin round reminder,01/11/2026 03:10 PM GMT,pagewatcher@govdelivery.com,0,0
https://www.kirklees.gov.uk/beta/your-property-bins-recycling/recycling-items.aspx,Bin round reminder,01/11/2026 03:10 PM GMT,pagewatcher@govdelivery.com,0,0
https://www.instagram.com/kirklees.council,Bin round reminder,01/11/2026 03:10 PM GMT,pagewatcher@govdelivery.com,0,0
https://twitter.com/KirkleesCouncil,Bin round reminder,01/11/2026 03:10 PM GMT,pagewatcher@govdelivery.com,0,0
https://www.youtube.com/user/KirkleesVideos,Bin round reminder,01/11/2026 03:10 PM GMT,pagewatcher@govdelivery.com,0,0
https://public.govdelivery.com/accounts/UKKIRKLEES/subscriber/edit?preferences=true#tab1,Bin round reminder,01/11/2026 03:10 PM GMT,pagewatcher@govdelivery.com,0,0
http://www.kirklees.gov.uk/reminder,Bin round reminder,01/11/2026 03:10 PM GMT,pagewatcher@govdelivery.com,0,0
https://subscriberhelp.govdelivery.com/hc/en-us,Bin round reminder,01/11/2026 03:10 PM GMT,pagewatcher@govdelivery.com,0,0
http://www.kirklees.gov.uk/beta/information-and-data/pdf/privacy-notice-comms-and-marketing.pdf,Bin round reminder,01/11/2026 03:10 PM GMT,pagewatcher@govdelivery.com,0,0
http://www.govdelivery.com/portals/powered-by,Bin round reminder,01/11/2026 03:10 PM GMT,pagewatcher@govdelivery.com,0,0
https://www.kirklees.gov.uk/binManagement/Green/20260112/RG18MON,Bin round reminder,01/11/2026 02:50 PM GMT,pagewatcher@govdelivery.com,0,0
https://www.kirklees.gov.uk/beta/your-property-bins-recycling/recycling-items.aspx,Bin round reminder,01/11/2026 02:50 PM GMT,pagewatcher@govdelivery.com,0,0
https://public.govdelivery.com/accounts/UKKIRKLEES/subscriber/topics?qsp=UKKIRKLEES_7,Bin round reminder,01/11/2026 02:50 PM GMT,pagewatcher@govdelivery.com,0,0
https://www.instagram.com/kirklees.council,Bin round reminder,01/11/2026 02:50 PM GMT,pagewatcher@govdelivery.com,0,0
https://www.facebook.com/liveinkirklees,Bin round reminder,01/11/2026 02:50 PM GMT,pagewatcher@govdelivery.com,0,0
https://twitter.com/KirkleesCouncil,Bin round reminder,01/11/2026 02:50 PM GMT,pagewatcher@govdelivery.com,0,0
https://www.youtube.com/user/KirkleesVideos,Bin round reminder,01/11/2026 02:50 PM GMT,pagewatcher@govdelivery.com,0,0
https://public.govdelivery.com/accounts/UKKIRKLEES/subscriber/edit?preferences=true#tab1,Bin round reminder,01/11/2026 02:50 PM GMT,pagewatcher@govdelivery.com,0,0
http://www.kirklees.gov.uk/reminder,Bin round reminder,01/11/2026 02:50 PM GMT,pagewatcher@govdelivery.com,0,0
https://subscriberhelp.govdelivery.com/hc/en-us,Bin round reminder,01/11/2026 02:50 PM GMT,pagewatcher@govdelivery.com,0,0
http://www.kirklees.gov.uk/beta/information-and-data/pdf/privacy-notice-comms-and-marketing.pdf,Bin round reminder,01/11/2026 02:50 PM GMT,pagewatcher@govdelivery.com,0,0
http://www.govdelivery.com/portals/powered-by,Bin round reminder,01/11/2026 02:50 PM GMT,pagewatcher@govdelivery.com,0,0
https://www.instagram.com/kirklees.council,Bin round reminder,01/11/2026 03:00 PM GMT,pagewatcher@govdelivery.com,0,0
https://www.kirklees.gov.uk/binManagement/Green/20260112/RG13MON,Bin round reminder,01/11/2026 03:00 PM GMT,pagewatcher@govdelivery.com,0,0
https://www.kirklees.gov.uk/beta/your-property-bins-recycling/recycling-items.aspx,Bin round reminder,01/11/2026 03:00 PM GMT,pagewatcher@govdelivery.com,0,0
https://public.govdelivery.com/accounts/UKKIRKLEES/subscriber/topics?qsp=UKKIRKLEES_7,Bin round reminder,01/11/2026 03:00 PM GMT,pagewatcher@govdelivery.com,0,0
https://www.facebook.com/liveinkirklees,Bin round reminder,01/11/2026 03:00 PM GMT,pagewatcher@govdelivery.com,0,0
https://twitter.com/KirkleesCouncil,Bin round reminder,01/11/2026 03:00 PM GMT,pagewatcher@govdelivery.com,0,0
https://www.youtube.com/user/KirkleesVideos,Bin round reminder,01/11/2026 03:00 PM GMT,pagewatcher@govdelivery.com,0,0
https://public.govdelivery.com/accounts/UKKIRKLEES/subscriber/edit?preferences=true#tab1,Bin round reminder,01/11/2026 03:00 PM GMT,pagewatcher@govdelivery.com,0,0
http://www.kirklees.gov.uk/reminder,Bin round reminder,01/11/2026 03:00 PM GMT,pagewatcher@govdelivery.com,0,0
https://subscriberhelp.govdelivery.com/hc/en-us,Bin round reminder,01/11/2026 03:00 PM GMT,pagewatcher@govdelivery.com,0,0
http://www.kirklees.gov.uk/beta/information-and-data/pdf/privacy-notice-comms-and-marketing.pdf,Bin round reminder,01/11/2026 03:00 PM GMT,pagewatcher@govdelivery.com,0,0
http://www.govdelivery.com/portals/powered-by,Bin round reminder,01/11/2026 03:00 PM GMT,pagewatcher@govdelivery.com,0,0
https://www.kirklees.gov.uk/binManagement/Green/20260112/R34MON,Bin round reminder,01/11/2026 03:00 PM GMT,pagewatcher@govdelivery.com,0,0
https://www.kirklees.gov.uk/beta/your-property-bins-recycling/recycling-items.aspx,Bin round reminder,01/11/2026 03:00 PM GMT,pagewatcher@govdelivery.com,0,0
https://public.govdelivery.com/accounts/UKKIRKLEES/subscriber/topics?qsp=UKKIRKLEES_7,Bin round reminder,01/11/2026 03:00 PM GMT,pagewatcher@govdelivery.com,0,0
https://www.instagram.com/kirklees.council,Bin round reminder,01/11/2026 03:00 PM GMT,pagewatcher@govdelivery.com,0,0
https://www.facebook.com/liveinkirklees,Bin round reminder,01/11/2026 03:00 PM GMT,pagewatcher@govdelivery.com,0,0
https://twitter.com/KirkleesCouncil,Bin round reminder,01/11/2026 03:00 PM GMT,pagewatcher@govdelivery.com,0,0
https://www.youtube.com/user/KirkleesVideos,Bin round reminder,01/11/2026 03:00 PM GMT,pagewatcher@govdelivery.com,0,0
https://public.govdelivery.com/accounts/UKKIRKLEES/subscriber/edit?preferences=true#tab1,Bin round reminder,01/11/2026 03:00 PM GMT,pagewatcher@govdelivery.com,0,0
http://www.kirklees.gov.uk/reminder,Bin round reminder,01/11/2026 03:00 PM GMT,pagewatcher@govdelivery.com,0,0
https://subscriberhelp.govdelivery.com/hc/en-us,Bin round reminder,01/11/2026 03:00 PM GMT,pagewatcher@govdelivery.com,0,0
http://www.kirklees.gov.uk/beta/information-and-data/pdf/privacy-notice-comms-and-marketing.pdf,Bin round reminder,01/11/2026 03:00 PM GMT,pagewatcher@govdelivery.com,0,0
http://www.govdelivery.com/portals/powered-by,Bin round reminder,01/11/2026 03:00 PM GMT,pagewatcher@govdelivery.com,0,0
http://www.kirklees.gov.uk/beta/information-and-data/pdf/privacy-notice-comms-and-marketing.pdf,Book and website recommendations for children and young people,01/10/2026 04:39 PM GMT,olivia.barnden@kirklees.gov.uk,0,0
https://tra-resources.s3.eu-west-1.amazonaws.com/uploads/entries/document/17364/NYR_libraries_toolkit.pdf,Book and website recommendations for children and young people,01/10/2026 04:39 PM GMT,olivia.barnden@kirklees.gov.uk,0,0
https://www.facebook.com/liveinkirklees,Book and website recommendations for children and young people,01/10/2026 04:39 PM GMT,olivia.barnden@kirklees.gov.uk,0,0
https://twitter.com/KirkleesCouncil,Book and website recommendations for children and young people,01/10/2026 04:39 PM GMT,olivia.barnden@kirklees.gov.uk,0,0
https://www.youtube.com/user/KirkleesVideos,Book and website recommendations for children and young people,01/10/2026 04:39 PM GMT,olivia.barnden@kirklees.gov.uk,0,0
https://www.facebook.com/liveinkirklees,Bin round reminder,01/11/2026 04:00 PM GMT,pagewatcher@govdelivery.com,0,0
https://www.kirklees.gov.uk/beta/your-property-bins-recycling/recycling-items.aspx,Bin round reminder,01/11/2026 04:00 PM GMT,pagewatcher@govdelivery.com,0,0
https://www.instagram.com/kirklees.council,Bin round reminder,01/11/2026 04:00 PM GMT,pagewatcher@govdelivery.com,0,0
https://twitter.com/KirkleesCouncil,Bin round reminder,01/11/2026 04:00 PM GMT,pagewatcher@govdelivery.com,0,0
https://www.youtube.com/user/KirkleesVideos,Bin round reminder,01/11/2026 04:00 PM GMT,pagewatcher@govdelivery.com,0,0
https://public.govdelivery.com/accounts/UKKIRKLEES/subscriber/edit?preferences=true#tab1,Bin round reminder,01/11/2026 04:00 PM GMT,pagewatcher@govdelivery.com,0,0
http://www.kirklees.gov.uk/reminder,Bin round reminder,01/11/2026 04:00 PM GMT,pagewatcher@govdelivery.com,0,0
https://subscriberhelp.govdelivery.com/hc/en-us,Bin round reminder,01/11/2026 04:00 PM GMT,pagewatcher@govdelivery.com,0,0
http://www.kirklees.gov.uk/beta/information-and-data/pdf/privacy-notice-comms-and-marketing.pdf,Bin round reminder,01/11/2026 04:00 PM GMT,pagewatcher@govdelivery.com,0,0
http://www.govdelivery.com/portals/powered-by,Bin round reminder,01/11/2026 04:00 PM GMT,pagewatcher@govdelivery.com,0,0
https://www.facebook.com/liveinkirklees,Bin round reminder,01/11/2026 02:10 PM GMT,pagewatcher@govdelivery.com,0,0
https://www.kirklees.gov.uk/binManagement/Grey/20260112/DG03MON,Bin round reminder,01/11/2026 02:10 PM GMT,pagewatcher@govdelivery.com,0,0
https://www.kirklees.gov.uk/beta/your-property-bins-recycling/recycling-items.aspx,Bin round reminder,01/11/2026 02:10 PM GMT,pagewatcher@govdelivery.com,0,0
https://www.instagram.com/kirklees.council,Bin round reminder,01/11/2026 02:10 PM GMT,pagewatcher@govdelivery.com,0,0
https://twitter.com/KirkleesCouncil,Bin round reminder,01/11/2026 02:10 PM GMT,pagewatcher@govdelivery.com,0,0
https://www.youtube.com/user/KirkleesVideos,Bin round reminder,01/11/2026 02:10 PM GMT,pagewatcher@govdelivery.com,0,0
http://www.kirklees.gov.uk/reminder,Bin round reminder,01/11/2026 02:10 PM GMT,pagewatcher@govdelivery.com,0,0
https://subscriberhelp.govdelivery.com/hc/en-us,Bin round reminder,01/11/2026 02:10 PM GMT,pagewatcher@govdelivery.com,0,0
http://www.kirklees.gov.uk/beta/information-and-data/pdf/privacy-notice-comms-and-marketing.pdf,Bin round reminder,01/11/2026 02:10 PM GMT,pagewatcher@govdelivery.com,0,0
http://www.govdelivery.com/portals/powered-by,Bin round reminder,01/11/2026 02:10 PM GMT,pagewatcher@govdelivery.com,0,0
https://www.instagram.com/kirklees.council,Bin round reminder,01/07/2026 02:10 PM GMT,pagewatcher@govdelivery.com,0,0
https://www.kirklees.gov.uk/binManagement/Green/20260108/R36THU,Bin round reminder,01/07/2026 02:10 PM GMT,pagewatcher@govdelivery.com,0,0
https://www.kirklees.gov.uk/beta/your-property-bins-recycling/recycling-items.aspx,Bin round reminder,01/07/2026 02:10 PM GMT,pagewatcher@govdelivery.com,0,0
https://public.govdelivery.com/accounts/UKKIRKLEES/subscriber/topics?qsp=UKKIRKLEES_7,Bin round reminder,01/07/2026 02:10 PM GMT,pagewatcher@govdelivery.com,0,0
https://www.facebook.com/liveinkirklees,Bin round reminder,01/07/2026 02:10 PM GMT,pagewatcher@govdelivery.com,0,0
https://twitter.com/KirkleesCouncil,Bin round reminder,01/07/2026 02:10 PM GMT,pagewatcher@govdelivery.com,0,0
https://www.youtube.com/user/KirkleesVideos,Bin round reminder,01/07/2026 02:10 PM GMT,pagewatcher@govdelivery.com,0,0
https://public.govdelivery.com/accounts/UKKIRKLEES/subscriber/edit?preferences=true#tab1,Bin round reminder,01/07/2026 02:10 PM GMT,pagewatcher@govdelivery.com,0,0
http://www.kirklees.gov.uk/reminder,Bin round reminder,01/07/2026 02:10 PM GMT,pagewatcher@govdelivery.com,0,0
https://subscriberhelp.govdelivery.com/hc/en-us,Bin round reminder,01/07/2026 02:10 PM GMT,pagewatcher@govdelivery.com,0,0
http://www.kirklees.gov.uk/beta/information-and-data/pdf/privacy-notice-comms-and-marketing.pdf,Bin round reminder,01/07/2026 02:10 PM GMT,pagewatcher@govdelivery.com,0,0
http://www.govdelivery.com/portals/powered-by,Bin round reminder,01/07/2026 02:10 PM GMT,pagewatcher@govdelivery.com,0,0
https://customerservice.kirklees.gov.uk/Housingrepairs,A special end-of-year update from your Tenant-Led Panel,01/09/2026 01:28 PM GMT,max.youell@kirklees.gov.uk,0,0
https://content.govdelivery.com/accounts/UKKIRKLEES/bulletins/4038f8b,A special end-of-year update from your Tenant-Led Panel,01/09/2026 01:28 PM GMT,max.youell@kirklees.gov.uk,0,0
https://public.govdelivery.com/accounts/UKKIRKLEES/signup/42588,A special end-of-year update from your Tenant-Led Panel,01/09/2026 01:28 PM GMT,max.youell@kirklees.gov.uk,0,0
https://www.kirklees.gov.uk/beta/council-housing/your-community/get-involved.aspx,A special end-of-year update from your Tenant-Led Panel,01/09/2026 01:28 PM GMT,max.youell@kirklees.gov.uk,0,0
https://www.kirklees.gov.uk/beta/council-housing/support-for-tenants/money-advice.aspx,A special end-of-year update from your Tenant-Led Panel,01/09/2026 01:28 PM GMT,max.youell@kirklees.gov.uk,0,0
https://www.kirklees.gov.uk/beta/council-housing/your-home/ways-to-pay-your-rent.aspx,A special end-of-year update from your Tenant-Led Panel,01/09/2026 01:28 PM GMT,max.youell@kirklees.gov.uk,0,0
https://docs.google.com/forms/d/e/1FAIpQLSfSA7NyHVAvU8watcFhBshL-RuvA1tI7fYWjJTP2OSM_4v6gg/viewform?usp=dialog&utm_source=helpful,A special end-of-year update from your Tenant-Led Panel,01/09/2026 01:28 PM GMT,max.youell@kirklees.gov.uk,0,0
https://docs.google.com/forms/d/e/1FAIpQLSfSA7NyHVAvU8watcFhBshL-RuvA1tI7fYWjJTP2OSM_4v6gg/viewform?usp=dialog&utm_source=okay,A special end-of-year update from your Tenant-Led Panel,01/09/2026 01:28 PM GMT,max.youell@kirklees.gov.uk,0,0
https://docs.google.com/forms/d/e/1FAIpQLSfSA7NyHVAvU8watcFhBshL-RuvA1tI7fYWjJTP2OSM_4v6gg/viewform?usp=dialog&utm_source=nothelpful,A special end-of-year update from your Tenant-Led Panel,01/09/2026 01:28 PM GMT,max.youell@kirklees.gov.uk,0,0
https://www.facebook.com/KirkleesHN/,A special end-of-year update from your Tenant-Led Panel,01/09/2026 01:28 PM GMT,max.youell@kirklees.gov.uk,0,0
https://kirkleestogether.co.uk/category/council-housing/,A special end-of-year update from your Tenant-Led Panel,01/09/2026 01:28 PM GMT,max.youell@kirklees.gov.uk,0,0
https://public.govdelivery.com/accounts/UKKIRKLEES/subscriber/edit?preferences=true#tab1,A special end-of-year update from your Tenant-Led Panel,01/09/2026 01:28 PM GMT,max.youell@kirklees.gov.uk,0,0
https://subscriberhelp.govdelivery.com/hc/en-us,A special end-of-year update from your Tenant-Led Panel,01/09/2026 01:28 PM GMT,max.youell@kirklees.gov.uk,0,0
http://www.kirklees.gov.uk/beta/information-and-data/pdf/privacy-notice-comms-and-marketing.pdf,A special end-of-year update from your Tenant-Led Panel,01/09/2026 01:28 PM GMT,max.youell@kirklees.gov.uk,0,0
https://www.kirklees.gov.uk/beta/your-property-bins-recycling/recycling-items.aspx,Bin round reminder,01/07/2026 02:10 PM GMT,pagewatcher@govdelivery.com,0,0
https://www.instagram.com/kirklees.council,Bin round reminder,01/07/2026 02:10 PM GMT,pagewatcher@govdelivery.com,0,0
https://www.facebook.com/liveinkirklees,Bin round reminder,01/07/2026 02:10 PM GMT,pagewatcher@govdelivery.com,0,0
https://twitter.com/KirkleesCouncil,Bin round reminder,01/07/2026 02:10 PM GMT,pagewatcher@govdelivery.com,0,0
https://www.youtube.com/user/KirkleesVideos,Bin round reminder,01/07/2026 02:10 PM GMT,pagewatcher@govdelivery.com,0,0
https://public.govdelivery.com/accounts/UKKIRKLEES/subscriber/edit?preferences=true#tab1,Bin round reminder,01/07/2026 02:10 PM GMT,pagewatcher@govdelivery.com,0,0
http://www.kirklees.gov.uk/reminder,Bin round reminder,01/07/2026 02:10 PM GMT,pagewatcher@govdelivery.com,0,0
https://subscriberhelp.govdelivery.com/hc/en-us,Bin round reminder,01/07/2026 02:10 PM GMT,pagewatcher@govdelivery.com,0,0
http://www.kirklees.gov.uk/beta/information-and-data/pdf/privacy-notice-comms-and-marketing.pdf,Bin round reminder,01/07/2026 02:10 PM GMT,pagewatcher@govdelivery.com,0,0
http://www.govdelivery.com/portals/powered-by,Bin round reminder,01/07/2026 02:10 PM GMT,pagewatcher@govdelivery.com,0,0
https://www.facebook.com/liveinkirklees,Bin round reminder,01/06/2026 03:10 PM GMT,pagewatcher@govdelivery.com,0,0
https://www.kirklees.gov.uk/beta/your-property-bins-recycling/recycling-items.aspx,Bin round reminder,01/06/2026 03:10 PM GMT,pagewatcher@govdelivery.com,0,0
https://www.instagram.com/kirklees.council,Bin round reminder,01/06/2026 03:10 PM GMT,pagewatcher@govdelivery.com,0,0
https://twitter.com/KirkleesCouncil,Bin round reminder,01/06/2026 03:10 PM GMT,pagewatcher@govdelivery.com,0,0
https://www.youtube.com/user/KirkleesVideos,Bin round reminder,01/06/2026 03:10 PM GMT,pagewatcher@govdelivery.com,0,0
https://public.govdelivery.com/accounts/UKKIRKLEES/subscriber/edit?preferences=true#tab1,Bin round reminder,01/06/2026 03:10 PM GMT,pagewatcher@govdelivery.com,0,0
http://www.kirklees.gov.uk/reminder,Bin round reminder,01/06/2026 03:10 PM GMT,pagewatcher@govdelivery.com,0,0
https://subscriberhelp.govdelivery.com/hc/en-us,Bin round reminder,01/06/2026 03:10 PM GMT,pagewatcher@govdelivery.com,0,0
http://www.kirklees.gov.uk/beta/information-and-data/pdf/privacy-notice-comms-and-marketing.pdf,Bin round reminder,01/06/2026 03:10 PM GMT,pagewatcher@govdelivery.com,0,0
http://www.govdelivery.com/portals/powered-by,Bin round reminder,01/06/2026 03:10 PM GMT,pagewatcher@govdelivery.com,0,0
https://twitter.com/KirkleesCouncil,Bin round reminder,01/07/2026 03:50 PM GMT,pagewatcher@govdelivery.com,0,0
https://www.kirklees.gov.uk/binManagement/Grey/20260108/DG15THU,Bin round reminder,01/07/2026 03:50 PM GMT,pagewatcher@govdelivery.com,0,0
https://www.kirklees.gov.uk/beta/your-property-bins-recycling/recycling-items.aspx,Bin round reminder,01/07/2026 03:50 PM GMT,pagewatcher@govdelivery.com,0,0
https://www.instagram.com/kirklees.council,Bin round reminder,01/07/2026 03:50 PM GMT,pagewatcher@govdelivery.com,0,0
https://www.facebook.com/liveinkirklees,Bin round reminder,01/07/2026 03:50 PM GMT,pagewatcher@govdelivery.com,0,0
https://www.youtube.com/user/KirkleesVideos,Bin round reminder,01/07/2026 03:50 PM GMT,pagewatcher@govdelivery.com,0,0
https://public.govdelivery.com/accounts/UKKIRKLEES/subscriber/edit?preferences=true#tab1,Bin round reminder,01/07/2026 03:50 PM GMT,pagewatcher@govdelivery.com,0,0
http://www.kirklees.gov.uk/reminder,Bin round reminder,01/07/2026 03:50 PM GMT,pagewatcher@govdelivery.com,0,0
https://subscriberhelp.govdelivery.com/hc/en-us,Bin round reminder,01/07/2026 03:50 PM GMT,pagewatcher@govdelivery.com,0,0
http://www.kirklees.gov.uk/beta/information-and-data/pdf/privacy-notice-comms-and-marketing.pdf,Bin round reminder,01/07/2026 03:50 PM GMT,pagewatcher@govdelivery.com,0,0
http://www.govdelivery.com/portals/powered-by,Bin round reminder,01/07/2026 03:50 PM GMT,pagewatcher@govdelivery.com,0,0
https://public.govdelivery.com/accounts/UKKIRKLEES/subscriber/topics?qsp=UKKIRKLEES_7,Bin round reminder,01/07/2026 03:40 PM GMT,pagewatcher@govdelivery.com,0,0
https://subscriberhelp.govdelivery.com/hc/en-us,Bin round reminder,01/07/2026 03:40 PM GMT,pagewatcher@govdelivery.com,0,0
http://www.kirklees.gov.uk/beta/information-and-data/pdf/privacy-notice-comms-and-marketing.pdf,Bin round reminder,01/07/2026 03:40 PM GMT,pagewatcher@govdelivery.com,0,0
http://www.govdelivery.com/portals/powered-by,Bin round reminder,01/07/2026 03:40 PM GMT,pagewatcher@govdelivery.com,0,0
https://www.kirklees.gov.uk/beta/your-property-bins-recycling/recycling-items.aspx,Bin round reminder,01/07/2026 03:40 PM GMT,pagewatcher@govdelivery.com,0,0
https://www.instagram.com/kirklees.council,Bin round reminder,01/07/2026 03:40 PM GMT,pagewatcher@govdelivery.com,0,0
https://www.facebook.com/liveinkirklees,Bin round reminder,01/07/2026 03:40 PM GMT,pagewatcher@govdelivery.com,0,0
https://twitter.com/KirkleesCouncil,Bin round reminder,01/07/2026 03:40 PM GMT,pagewatcher@govdelivery.com,0,0
https://www.youtube.com/user/KirkleesVideos,Bin round reminder,01/07/2026 03:40 PM GMT,pagewatcher@govdelivery.com,0,0
https://public.govdelivery.com/accounts/UKKIRKLEES/subscriber/edit?preferences=true#tab1,Bin round reminder,01/07/2026 03:40 PM GMT,pagewatcher@govdelivery.com,0,0
http://www.kirklees.gov.uk/reminder,Bin round reminder,01/07/2026 03:40 PM GMT,pagewatcher@govdelivery.com,0,0
https://www.facebook.com/liveinkirklees,Bin round reminder,01/07/2026 03:40 PM GMT,pagewatcher@govdelivery.com,0,0
https://www.instagram.com/kirklees.council,Bin round reminder,01/07/2026 03:40 PM GMT,pagewatcher@govdelivery.com,0,0
https://twitter.com/KirkleesCouncil,Bin round reminder,01/07/2026 03:40 PM GMT,pagewatcher@govdelivery.com,0,0
https://www.youtube.com/user/KirkleesVideos,Bin round reminder,01/07/2026 03:40 PM GMT,pagewatcher@govdelivery.com,0,0
https://public.govdelivery.com/accounts/UKKIRKLEES/subscriber/edit?preferences=true#tab1,Bin round reminder,01/07/2026 03:40 PM GMT,pagewatcher@govdelivery.com,0,0
http://www.kirklees.gov.uk/reminder,Bin round reminder,01/07/2026 03:40 PM GMT,pagewatcher@govdelivery.com,0,0
https://subscriberhelp.govdelivery.com/hc/en-us,Bin round reminder,01/07/2026 03:40 PM GMT,pagewatcher@govdelivery.com,0,0
http://www.kirklees.gov.uk/beta/information-and-data/pdf/privacy-notice-comms-and-marketing.pdf,Bin round reminder,01/07/2026 03:40 PM GMT,pagewatcher@govdelivery.com,0,0
http://www.govdelivery.com/portals/powered-by,Bin round reminder,01/07/2026 03:40 PM GMT,pagewatcher@govdelivery.com,0,0
https://www.instagram.com/kirklees.council,Bin round reminder,01/07/2026 04:20 PM GMT,pagewatcher@govdelivery.com,0,0
https://www.kirklees.gov.uk/beta/your-property-bins-recycling/recycling-items.aspx,Bin round reminder,01/07/2026 04:20 PM GMT,pagewatcher@govdelivery.com,0,0
https://public.govdelivery.com/accounts/UKKIRKLEES/subscriber/topics?qsp=UKKIRKLEES_7,Bin round reminder,01/07/2026 04:20 PM GMT,pagewatcher@govdelivery.com,0,0
https://www.facebook.com/liveinkirklees,Bin round reminder,01/07/2026 04:20 PM GMT,pagewatcher@govdelivery.com,0,0
https://twitter.com/KirkleesCouncil,Bin round reminder,01/07/2026 04:20 PM GMT,pagewatcher@govdelivery.com,0,0
https://www.youtube.com/user/KirkleesVideos,Bin round reminder,01/07/2026 04:20 PM GMT,pagewatcher@govdelivery.com,0,0
http://www.kirklees.gov.uk/reminder,Bin round reminder,01/07/2026 04:20 PM GMT,pagewatcher@govdelivery.com,0,0
https://subscriberhelp.govdelivery.com/hc/en-us,Bin round reminder,01/07/2026 04:20 PM GMT,pagewatcher@govdelivery.com,0,0
http://www.kirklees.gov.uk/beta/information-and-data/pdf/privacy-notice-comms-and-marketing.pdf,Bin round reminder,01/07/2026 04:20 PM GMT,pagewatcher@govdelivery.com,0,0
http://www.govdelivery.com/portals/powered-by,Bin round reminder,01/07/2026 04:20 PM GMT,pagewatcher@govdelivery.com,0,0
https://www.facebook.com/liveinkirklees,Bin round reminder,01/07/2026 03:30 PM GMT,pagewatcher@govdelivery.com,0,0
https://www.kirklees.gov.uk/beta/your-property-bins-recycling/recycling-items.aspx,Bin round reminder,01/07/2026 03:30 PM GMT,pagewatcher@govdelivery.com,0,0
https://www.instagram.com/kirklees.council,Bin round reminder,01/07/2026 03:30 PM GMT,pagewatcher@govdelivery.com,0,0
https://twitter.com/KirkleesCouncil,Bin round reminder,01/07/2026 03:30 PM GMT,pagewatcher@govdelivery.com,0,0
https://www.youtube.com/user/KirkleesVideos,Bin round reminder,01/07/2026 03:30 PM GMT,pagewatcher@govdelivery.com,0,0
http://www.kirklees.gov.uk/reminder,Bin round reminder,01/07/2026 03:30 PM GMT,pagewatcher@govdelivery.com,0,0
https://subscriberhelp.govdelivery.com/hc/en-us,Bin round reminder,01/07/2026 03:30 PM GMT,pagewatcher@govdelivery.com,0,0
http://www.kirklees.gov.uk/beta/information-and-data/pdf/privacy-notice-comms-and-marketing.pdf,Bin round reminder,01/07/2026 03:30 PM GMT,pagewatcher@govdelivery.com,0,0
http://www.govdelivery.com/portals/powered-by,Bin round reminder,01/07/2026 03:30 PM GMT,pagewatcher@govdelivery.com,0,0
https://www.facebook.com/liveinkirklees,Bin round reminder,01/07/2026 02:20 PM GMT,pagewatcher@govdelivery.com,0,0
https://www.kirklees.gov.uk/beta/your-property-bins-recycling/recycling-items.aspx,Bin round reminder,01/07/2026 02:20 PM GMT,pagewatcher@govdelivery.com,0,0
https://www.instagram.com/kirklees.council,Bin round reminder,01/07/2026 02:20 PM GMT,pagewatcher@govdelivery.com,0,0
https://twitter.com/KirkleesCouncil,Bin round reminder,01/07/2026 02:20 PM GMT,pagewatcher@govdelivery.com,0,0
https://www.youtube.com/user/KirkleesVideos,Bin round reminder,01/07/2026 02:20 PM GMT,pagewatcher@govdelivery.com,0,0
http://www.kirklees.gov.uk/reminder,Bin round reminder,01/07/2026 02:20 PM GMT,pagewatcher@govdelivery.com,0,0
https://subscriberhelp.govdelivery.com/hc/en-us,Bin round reminder,01/07/2026 02:20 PM GMT,pagewatcher@govdelivery.com,0,0
http://www.kirklees.gov.uk/beta/information-and-data/pdf/privacy-notice-comms-and-marketing.pdf,Bin round reminder,01/07/2026 02:20 PM GMT,pagewatcher@govdelivery.com,0,0
http://www.govdelivery.com/portals/powered-by,Bin round reminder,01/07/2026 02:20 PM GMT,pagewatcher@govdelivery.com,0,0
https://www.instagram.com/kirklees.council,Bin round reminder,01/07/2026 03:00 PM GMT,pagewatcher@govdelivery.com,0,0
https://www.kirklees.gov.uk/beta/your-property-bins-recycling/recycling-items.aspx,Bin round reminder,01/07/2026 03:00 PM GMT,pagewatcher@govdelivery.com,0,0
https://public.govdelivery.com/accounts/UKKIRKLEES/subscriber/topics?qsp=UKKIRKLEES_7,Bin round reminder,01/07/2026 03:00 PM GMT,pagewatcher@govdelivery.com,0,0
https://www.facebook.com/liveinkirklees,Bin round reminder,01/07/2026 03:00 PM GMT,pagewatcher@govdelivery.com,0,0
https://twitter.com/KirkleesCouncil,Bin round reminder,01/07/2026 03:00 PM GMT,pagewatcher@govdelivery.com,0,0
https://www.youtube.com/user/KirkleesVideos,Bin round reminder,01/07/2026 03:00 PM GMT,pagewatcher@govdelivery.com,0,0
https://public.govdelivery.com/accounts/UKKIRKLEES/subscriber/edit?preferences=true#tab1,Bin round reminder,01/07/2026 03:00 PM GMT,pagewatcher@govdelivery.com,0,0
http://www.kirklees.gov.uk/reminder,Bin round reminder,01/07/2026 03:00 PM GMT,pagewatcher@govdelivery.com,0,0
https://subscriberhelp.govdelivery.com/hc/en-us,Bin round reminder,01/07/2026 03:00 PM GMT,pagewatcher@govdelivery.com,0,0
http://www.kirklees.gov.uk/beta/information-and-data/pdf/privacy-notice-comms-and-marketing.pdf,Bin round reminder,01/07/2026 03:00 PM GMT,pagewatcher@govdelivery.com,0,0
http://www.govdelivery.com/portals/powered-by,Bin round reminder,01/07/2026 03:00 PM GMT,pagewatcher@govdelivery.com,0,0
https://www.instagram.com/kirklees.council,Bin round reminder,01/07/2026 03:10 PM GMT,pagewatcher@govdelivery.com,0,0
https://www.kirklees.gov.uk/binManagement/Green/20260108/RG05THU,Bin round reminder,01/07/2026 03:10 PM GMT,pagewatcher@govdelivery.com,0,0
https://www.kirklees.gov.uk/beta/your-property-bins-recycling/recycling-items.aspx,Bin round reminder,01/07/2026 03:10 PM GMT,pagewatcher@govdelivery.com,0,0
https://public.govdelivery.com/accounts/UKKIRKLEES/subscriber/topics?qsp=UKKIRKLEES_7,Bin round reminder,01/07/2026 03:10 PM GMT,pagewatcher@govdelivery.com,0,0
https://www.facebook.com/liveinkirklees,Bin round reminder,01/07/2026 03:10 PM GMT,pagewatcher@govdelivery.com,0,0
https://twitter.com/KirkleesCouncil,Bin round reminder,01/07/2026 03:10 PM GMT,pagewatcher@govdelivery.com,0,0
https://www.youtube.com/user/KirkleesVideos,Bin round reminder,01/07/2026 03:10 PM GMT,pagewatcher@govdelivery.com,0,0
https://public.govdelivery.com/accounts/UKKIRKLEES/subscriber/edit?preferences=true#tab1,Bin round reminder,01/07/2026 03:10 PM GMT,pagewatcher@govdelivery.com,0,0
http://www.kirklees.gov.uk/reminder,Bin round reminder,01/07/2026 03:10 PM GMT,pagewatcher@govdelivery.com,0,0
https://subscriberhelp.govdelivery.com/hc/en-us,Bin round reminder,01/07/2026 03:10 PM GMT,pagewatcher@govdelivery.com,0,0
http://www.kirklees.gov.uk/beta/information-and-data/pdf/privacy-notice-comms-and-marketing.pdf,Bin round reminder,01/07/2026 03:10 PM GMT,pagewatcher@govdelivery.com,0,0
http://www.govdelivery.com/portals/powered-by,Bin round reminder,01/07/2026 03:10 PM GMT,pagewatcher@govdelivery.com,0,0
https://www.instagram.com/kirklees.council,Bin round reminder,01/07/2026 03:00 PM GMT,pagewatcher@govdelivery.com,0,0
https://www.kirklees.gov.uk/beta/your-property-bins-recycling/recycling-items.aspx,Bin round reminder,01/07/2026 03:00 PM GMT,pagewatcher@govdelivery.com,0,0
https://public.govdelivery.com/accounts/UKKIRKLEES/subscriber/topics?qsp=UKKIRKLEES_7,Bin round reminder,01/07/2026 03:00 PM GMT,pagewatcher@govdelivery.com,0,0
https://www.facebook.com/liveinkirklees,Bin round reminder,01/07/2026 03:00 PM GMT,pagewatcher@govdelivery.com,0,0
https://twitter.com/KirkleesCouncil,Bin round reminder,01/07/2026 03:00 PM GMT,pagewatcher@govdelivery.com,0,0
https://www.youtube.com/user/KirkleesVideos,Bin round reminder,01/07/2026 03:00 PM GMT,pagewatcher@govdelivery.com,0,0
https://public.govdelivery.com/accounts/UKKIRKLEES/subscriber/edit?preferences=true#tab1,Bin round reminder,01/07/2026 03:00 PM GMT,pagewatcher@govdelivery.com,0,0
http://www.kirklees.gov.uk/reminder,Bin round reminder,01/07/2026 03:00 PM GMT,pagewatcher@govdelivery.com,0,0
https://subscriberhelp.govdelivery.com/hc/en-us,Bin round reminder,01/07/2026 03:00 PM GMT,pagewatcher@govdelivery.com,0,0
http://www.kirklees.gov.uk/beta/information-and-data/pdf/privacy-notice-comms-and-marketing.pdf,Bin round reminder,01/07/2026 03:00 PM GMT,pagewatcher@govdelivery.com,0,0
http://www.govdelivery.com/portals/powered-by,Bin round reminder,01/07/2026 03:00 PM GMT,pagewatcher@govdelivery.com,0,0
https://twitter.com/KirkleesCouncil,Bin round reminder,01/07/2026 02:40 PM GMT,pagewatcher@govdelivery.com,0,0
https://www.kirklees.gov.uk/binManagement/Green/20260108/R38THU,Bin round reminder,01/07/2026 02:40 PM GMT,pagewatcher@govdelivery.com,0,0
https://www.kirklees.gov.uk/beta/your-property-bins-recycling/recycling-items.aspx,Bin round reminder,01/07/2026 02:40 PM GMT,pagewatcher@govdelivery.com,0,0
https://public.govdelivery.com/accounts/UKKIRKLEES/subscriber/topics?qsp=UKKIRKLEES_7,Bin round reminder,01/07/2026 02:40 PM GMT,pagewatcher@govdelivery.com,0,0
https://www.instagram.com/kirklees.council,Bin round reminder,01/07/2026 02:40 PM GMT,pagewatcher@govdelivery.com,0,0
https://www.facebook.com/liveinkirklees,Bin round reminder,01/07/2026 02:40 PM GMT,pagewatcher@govdelivery.com,0,0
https://www.youtube.com/user/KirkleesVideos,Bin round reminder,01/07/2026 02:40 PM GMT,pagewatcher@govdelivery.com,0,0
https://public.govdelivery.com/accounts/UKKIRKLEES/subscriber/edit?preferences=true#tab1,Bin round reminder,01/07/2026 02:40 PM GMT,pagewatcher@govdelivery.com,0,0
http://www.kirklees.gov.uk/reminder,Bin round reminder,01/07/2026 02:40 PM GMT,pagewatcher@govdelivery.com,0,0
https://subscriberhelp.govdelivery.com/hc/en-us,Bin round reminder,01/07/2026 02:40 PM GMT,pagewatcher@govdelivery.com,0,0
http://www.kirklees.gov.uk/beta/information-and-data/pdf/privacy-notice-comms-and-marketing.pdf,Bin round reminder,01/07/2026 02:40 PM GMT,pagewatcher@govdelivery.com,0,0
http://www.govdelivery.com/portals/powered-by,Bin round reminder,01/07/2026 02:40 PM GMT,pagewatcher@govdelivery.com,0,0
https://www.instagram.com/kirklees.council,Bin round reminder,01/07/2026 04:00 PM GMT,pagewatcher@govdelivery.com,0,0
https://www.kirklees.gov.uk/binManagement/Green/20260108/R35THU,Bin round reminder,01/07/2026 04:00 PM GMT,pagewatcher@govdelivery.com,0,0
https://www.kirklees.gov.uk/beta/your-property-bins-recycling/recycling-items.aspx,Bin round reminder,01/07/2026 04:00 PM GMT,pagewatcher@govdelivery.com,0,0
https://public.govdelivery.com/accounts/UKKIRKLEES/subscriber/topics?qsp=UKKIRKLEES_7,Bin round reminder,01/07/2026 04:00 PM GMT,pagewatcher@govdelivery.com,0,0
https://www.facebook.com/liveinkirklees,Bin round reminder,01/07/2026 04:00 PM GMT,pagewatcher@govdelivery.com,0,0
https://twitter.com/KirkleesCouncil,Bin round reminder,01/07/2026 04:00 PM GMT,pagewatcher@govdelivery.com,0,0
https://www.youtube.com/user/KirkleesVideos,Bin round reminder,01/07/2026 04:00 PM GMT,pagewatcher@govdelivery.com,0,0
https://public.govdelivery.com/accounts/UKKIRKLEES/subscriber/edit?preferences=true#tab1,Bin round reminder,01/07/2026 04:00 PM GMT,pagewatcher@govdelivery.com,0,0
http://www.kirklees.gov.uk/reminder,Bin round reminder,01/07/2026 04:00 PM GMT,pagewatcher@govdelivery.com,0,0
https://subscriberhelp.govdelivery.com/hc/en-us,Bin round reminder,01/07/2026 04:00 PM GMT,pagewatcher@govdelivery.com,0,0
http://www.kirklees.gov.uk/beta/information-and-data/pdf/privacy-notice-comms-and-marketing.pdf,Bin round reminder,01/07/2026 04:00 PM GMT,pagewatcher@govdelivery.com,0,0
http://www.govdelivery.com/portals/powered-by,Bin round reminder,01/07/2026 04:00 PM GMT,pagewatcher@govdelivery.com,0,0
https://www.facebook.com/liveinkirklees,Bin round reminder,01/07/2026 04:00 PM GMT,pagewatcher@govdelivery.com,0,0
https://www.instagram.com/kirklees.council,Bin round reminder,01/07/2026 04:00 PM GMT,pagewatcher@govdelivery.com,0,0
https://twitter.com/KirkleesCouncil,Bin round reminder,01/07/2026 04:00 PM GMT,pagewatcher@govdelivery.com,0,0
https://www.youtube.com/user/KirkleesVideos,Bin round reminder,01/07/2026 04:00 PM GMT,pagewatcher@govdelivery.com,0,0
https://public.govdelivery.com/accounts/UKKIRKLEES/subscriber/edit?preferences=true#tab1,Bin round reminder,01/07/2026 04:00 PM GMT,pagewatcher@govdelivery.com,0,0
http://www.kirklees.gov.uk/reminder,Bin round reminder,01/07/2026 04:00 PM GMT,pagewatcher@govdelivery.com,0,0
https://subscriberhelp.govdelivery.com/hc/en-us,Bin round reminder,01/07/2026 04:00 PM GMT,pagewatcher@govdelivery.com,0,0
http://www.kirklees.gov.uk/beta/information-and-data/pdf/privacy-notice-comms-and-marketing.pdf,Bin round reminder,01/07/2026 04:00 PM GMT,pagewatcher@govdelivery.com,0,0
http://www.govdelivery.com/portals/powered-by,Bin round reminder,01/07/2026 04:00 PM GMT,pagewatcher@govdelivery.com,0,0
https://www.instagram.com/kirklees.council,Bin round reminder,01/07/2026 03:50 PM GMT,pagewatcher@govdelivery.com,0,0
https://www.kirklees.gov.uk/binManagement/Green/20260108/RG01THU,Bin round reminder,01/07/2026 03:50 PM GMT,pagewatcher@govdelivery.com,0,0
https://www.kirklees.gov.uk/beta/your-property-bins-recycling/recycling-items.aspx,Bin round reminder,01/07/2026 03:50 PM GMT,pagewatcher@govdelivery.com,0,0
https://public.govdelivery.com/accounts/UKKIRKLEES/subscriber/topics?qsp=UKKIRKLEES_7,Bin round reminder,01/07/2026 03:50 PM GMT,pagewatcher@govdelivery.com,0,0
https://www.facebook.com/liveinkirklees,Bin round reminder,01/07/2026 03:50 PM GMT,pagewatcher@govdelivery.com,0,0
https://twitter.com/KirkleesCouncil,Bin round reminder,01/07/2026 03:50 PM GMT,pagewatcher@govdelivery.com,0,0
https://www.youtube.com/user/KirkleesVideos,Bin round reminder,01/07/2026 03:50 PM GMT,pagewatcher@govdelivery.com,0,0
https://public.govdelivery.com/accounts/UKKIRKLEES/subscriber/edit?preferences=true#tab1,Bin round reminder,01/07/2026 03:50 PM GMT,pagewatcher@govdelivery.com,0,0
http://www.kirklees.gov.uk/reminder,Bin round reminder,01/07/2026 03:50 PM GMT,pagewatcher@govdelivery.com,0,0
https://subscriberhelp.govdelivery.com/hc/en-us,Bin round reminder,01/07/2026 03:50 PM GMT,pagewatcher@govdelivery.com,0,0
http://www.kirklees.gov.uk/beta/information-and-data/pdf/privacy-notice-comms-and-marketing.pdf,Bin round reminder,01/07/2026 03:50 PM GMT,pagewatcher@govdelivery.com,0,0
http://www.govdelivery.com/portals/powered-by,Bin round reminder,01/07/2026 03:50 PM GMT,pagewatcher@govdelivery.com,0,0
https://www.facebook.com/liveinkirklees,Bin round reminder,01/07/2026 01:00 PM GMT,pagewatcher@govdelivery.com,0,0
https://www.kirklees.gov.uk/binManagement/Green/20260108/R31THU,Bin round reminder,01/07/2026 01:00 PM GMT,pagewatcher@govdelivery.com,0,0
https://www.kirklees.gov.uk/beta/your-property-bins-recycling/recycling-items.aspx,Bin round reminder,01/07/2026 01:00 PM GMT,pagewatcher@govdelivery.com,0,0
https://public.govdelivery.com/accounts/UKKIRKLEES/subscriber/topics?qsp=UKKIRKLEES_7,Bin round reminder,01/07/2026 01:00 PM GMT,pagewatcher@govdelivery.com,0,0
https://www.instagram.com/kirklees.council,Bin round reminder,01/07/2026 01:00 PM GMT,pagewatcher@govdelivery.com,0,0
https://twitter.com/KirkleesCouncil,Bin round reminder,01/07/2026 01:00 PM GMT,pagewatcher@govdelivery.com,0,0
https://www.youtube.com/user/KirkleesVideos,Bin round reminder,01/07/2026 01:00 PM GMT,pagewatcher@govdelivery.com,0,0
https://public.govdelivery.com/accounts/UKKIRKLEES/subscriber/edit?preferences=true#tab1,Bin round reminder,01/07/2026 01:00 PM GMT,pagewatcher@govdelivery.com,0,0
http://www.kirklees.gov.uk/reminder,Bin round reminder,01/07/2026 01:00 PM GMT,pagewatcher@govdelivery.com,0,0
https://subscriberhelp.govdelivery.com/hc/en-us,Bin round reminder,01/07/2026 01:00 PM GMT,pagewatcher@govdelivery.com,0,0
http://www.kirklees.gov.uk/beta/information-and-data/pdf/privacy-notice-comms-and-marketing.pdf,Bin round reminder,01/07/2026 01:00 PM GMT,pagewatcher@govdelivery.com,0,0
http://www.govdelivery.com/portals/powered-by,Bin round reminder,01/07/2026 01:00 PM GMT,pagewatcher@govdelivery.com,0,0
https://www.youtube.com/user/KirkleesVideos,Bin round reminder,01/07/2026 03:30 PM GMT,pagewatcher@govdelivery.com,0,0
https://public.govdelivery.com/accounts/UKKIRKLEES/subscriber/edit?preferences=true#tab1,Bin round reminder,01/07/2026 03:30 PM GMT,pagewatcher@govdelivery.com,0,0
http://www.kirklees.gov.uk/reminder,Bin round reminder,01/07/2026 03:30 PM GMT,pagewatcher@govdelivery.com,0,0
https://subscriberhelp.govdelivery.com/hc/en-us,Bin round reminder,01/07/2026 03:30 PM GMT,pagewatcher@govdelivery.com,0,0
http://www.kirklees.gov.uk/beta/information-and-data/pdf/privacy-notice-comms-and-marketing.pdf,Bin round reminder,01/07/2026 03:30 PM GMT,pagewatcher@govdelivery.com,0,0
http://www.govdelivery.com/portals/powered-by,Bin round reminder,01/07/2026 03:30 PM GMT,pagewatcher@govdelivery.com,0,0
https://www.kirklees.gov.uk/binManagement/Green/20260108/R37THU,Bin round reminder,01/07/2026 03:30 PM GMT,pagewatcher@govdelivery.com,0,0
https://public.govdelivery.com/accounts/UKKIRKLEES/subscriber/topics?qsp=UKKIRKLEES_7,Bin round reminder,01/07/2026 03:30 PM GMT,pagewatcher@govdelivery.com,0,0
https://www.instagram.com/kirklees.council,Bin round reminder,01/07/2026 03:30 PM GMT,pagewatcher@govdelivery.com,0,0
https://www.facebook.com/liveinkirklees,Bin round reminder,01/07/2026 03:30 PM GMT,pagewatcher@govdelivery.com,0,0
https://twitter.com/KirkleesCouncil,Bin round reminder,01/07/2026 03:30 PM GMT,pagewatcher@govdelivery.com,0,0
https://www.youtube.com/user/KirkleesVideos,Bin round reminder,01/07/2026 03:30 PM GMT,pagewatcher@govdelivery.com,0,0
https://public.govdelivery.com/accounts/UKKIRKLEES/subscriber/edit?preferences=true#tab1,Bin round reminder,01/07/2026 03:30 PM GMT,pagewatcher@govdelivery.com,0,0
http://www.kirklees.gov.uk/reminder,Bin round reminder,01/07/2026 03:30 PM GMT,pagewatcher@govdelivery.com,0,0
https://subscriberhelp.govdelivery.com/hc/en-us,Bin round reminder,01/07/2026 03:30 PM GMT,pagewatcher@govdelivery.com,0,0
http://www.kirklees.gov.uk/beta/information-and-data/pdf/privacy-notice-comms-and-marketing.pdf,Bin round reminder,01/07/2026 03:30 PM GMT,pagewatcher@govdelivery.com,0,0
http://www.govdelivery.com/portals/powered-by,Bin round reminder,01/07/2026 03:30 PM GMT,pagewatcher@govdelivery.com,0,0
https://www.instagram.com/kirklees.council,Bin round reminder,01/07/2026 04:10 PM GMT,pagewatcher@govdelivery.com,0,0
https://www.kirklees.gov.uk/beta/your-property-bins-recycling/recycling-items.aspx,Bin round reminder,01/07/2026 04:10 PM GMT,pagewatcher@govdelivery.com,0,0
https://public.govdelivery.com/accounts/UKKIRKLEES/subscriber/topics?qsp=UKKIRKLEES_7,Bin round reminder,01/07/2026 04:10 PM GMT,pagewatcher@govdelivery.com,0,0
https://www.facebook.com/liveinkirklees,Bin round reminder,01/07/2026 04:10 PM GMT,pagewatcher@govdelivery.com,0,0
https://twitter.com/KirkleesCouncil,Bin round reminder,01/07/2026 04:10 PM GMT,pagewatcher@govdelivery.com,0,0
https://www.youtube.com/user/KirkleesVideos,Bin round reminder,01/07/2026 04:10 PM GMT,pagewatcher@govdelivery.com,0,0
https://public.govdelivery.com/accounts/UKKIRKLEES/subscriber/edit?preferences=true#tab1,Bin round reminder,01/07/2026 04:10 PM GMT,pagewatcher@govdelivery.com,0,0
http://www.kirklees.gov.uk/reminder,Bin round reminder,01/07/2026 04:10 PM GMT,pagewatcher@govdelivery.com,0,0
https://subscriberhelp.govdelivery.com/hc/en-us,Bin round reminder,01/07/2026 04:10 PM GMT,pagewatcher@govdelivery.com,0,0
http://www.kirklees.gov.uk/beta/information-and-data/pdf/privacy-notice-comms-and-marketing.pdf,Bin round reminder,01/07/2026 04:10 PM GMT,pagewatcher@govdelivery.com,0,0
http://www.govdelivery.com/portals/powered-by,Bin round reminder,01/07/2026 04:10 PM GMT,pagewatcher@govdelivery.com,0,0
https://www.facebook.com/liveinkirklees,Bin round reminder,01/07/2026 04:00 PM GMT,pagewatcher@govdelivery.com,0,0
https://www.kirklees.gov.uk/binManagement/Grey/20260108/D34THU,Bin round reminder,01/07/2026 04:00 PM GMT,pagewatcher@govdelivery.com,0,0
https://www.kirklees.gov.uk/beta/your-property-bins-recycling/recycling-items.aspx,Bin round reminder,01/07/2026 04:00 PM GMT,pagewatcher@govdelivery.com,0,0
https://www.instagram.com/kirklees.council,Bin round reminder,01/07/2026 04:00 PM GMT,pagewatcher@govdelivery.com,0,0
https://twitter.com/KirkleesCouncil,Bin round reminder,01/07/2026 04:00 PM GMT,pagewatcher@govdelivery.com,0,0
https://www.youtube.com/user/KirkleesVideos,Bin round reminder,01/07/2026 04:00 PM GMT,pagewatcher@govdelivery.com,0,0
https://public.govdelivery.com/accounts/UKKIRKLEES/subscriber/edit?preferences=true#tab1,Bin round reminder,01/07/2026 04:00 PM GMT,pagewatcher@govdelivery.com,0,0
http://www.kirklees.gov.uk/reminder,Bin round reminder,01/07/2026 04:00 PM GMT,pagewatcher@govdelivery.com,0,0
https://subscriberhelp.govdelivery.com/hc/en-us,Bin round reminder,01/07/2026 04:00 PM GMT,pagewatcher@govdelivery.com,0,0
http://www.kirklees.gov.uk/beta/information-and-data/pdf/privacy-notice-comms-and-marketing.pdf,Bin round reminder,01/07/2026 04:00 PM GMT,pagewatcher@govdelivery.com,0,0
http://www.govdelivery.com/portals/powered-by,Bin round reminder,01/07/2026 04:00 PM GMT,pagewatcher@govdelivery.com,0,0
https://www.facebook.com/liveinkirklees,Bin round reminder,01/07/2026 02:50 PM GMT,pagewatcher@govdelivery.com,0,0
https://www.kirklees.gov.uk/beta/your-property-bins-recycling/recycling-items.aspx,Bin round reminder,01/07/2026 02:50 PM GMT,pagewatcher@govdelivery.com,0,0
https://www.instagram.com/kirklees.council,Bin round reminder,01/07/2026 02:50 PM GMT,pagewatcher@govdelivery.com,0,0
https://twitter.com/KirkleesCouncil,Bin round reminder,01/07/2026 02:50 PM GMT,pagewatcher@govdelivery.com,0,0
https://www.youtube.com/user/KirkleesVideos,Bin round reminder,01/07/2026 02:50 PM GMT,pagewatcher@govdelivery.com,0,0
https://public.govdelivery.com/accounts/UKKIRKLEES/subscriber/edit?preferences=true#tab1,Bin round reminder,01/07/2026 02:50 PM GMT,pagewatcher@govdelivery.com,0,0
http://www.kirklees.gov.uk/reminder,Bin round reminder,01/07/2026 02:50 PM GMT,pagewatcher@govdelivery.com,0,0
https://subscriberhelp.govdelivery.com/hc/en-us,Bin round reminder,01/07/2026 02:50 PM GMT,pagewatcher@govdelivery.com,0,0
http://www.kirklees.gov.uk/beta/information-and-data/pdf/privacy-notice-comms-and-marketing.pdf,Bin round reminder,01/07/2026 02:50 PM GMT,pagewatcher@govdelivery.com,0,0
http://www.govdelivery.com/portals/powered-by,Bin round reminder,01/07/2026 02:50 PM GMT,pagewatcher@govdelivery.com,0,0
https://www.kirklees.gov.uk/binManagement/Green/20260108/R32THU,Bin round reminder,01/07/2026 02:50 PM GMT,pagewatcher@govdelivery.com,0,0
https://www.kirklees.gov.uk/beta/your-property-bins-recycling/recycling-items.aspx,Bin round reminder,01/07/2026 02:50 PM GMT,pagewatcher@govdelivery.com,0,0
https://public.govdelivery.com/accounts/UKKIRKLEES/subscriber/topics?qsp=UKKIRKLEES_7,Bin round reminder,01/07/2026 02:50 PM GMT,pagewatcher@govdelivery.com,0,0
https://www.instagram.com/kirklees.council,Bin round reminder,01/07/2026 02:50 PM GMT,pagewatcher@govdelivery.com,0,0
https://www.facebook.com/liveinkirklees,Bin round reminder,01/07/2026 02:50 PM GMT,pagewatcher@govdelivery.com,0,0
https://twitter.com/KirkleesCouncil,Bin round reminder,01/07/2026 02:50 PM GMT,pagewatcher@govdelivery.com,0,0
https://www.youtube.com/user/KirkleesVideos,Bin round reminder,01/07/2026 02:50 PM GMT,pagewatcher@govdelivery.com,0,0
https://public.govdelivery.com/accounts/UKKIRKLEES/subscriber/edit?preferences=true#tab1,Bin round reminder,01/07/2026 02:50 PM GMT,pagewatcher@govdelivery.com,0,0
http://www.kirklees.gov.uk/reminder,Bin round reminder,01/07/2026 02:50 PM GMT,pagewatcher@govdelivery.com,0,0
https://subscriberhelp.govdelivery.com/hc/en-us,Bin round reminder,01/07/2026 02:50 PM GMT,pagewatcher@govdelivery.com,0,0
http://www.kirklees.gov.uk/beta/information-and-data/pdf/privacy-notice-comms-and-marketing.pdf,Bin round reminder,01/07/2026 02:50 PM GMT,pagewatcher@govdelivery.com,0,0
http://www.govdelivery.com/portals/powered-by,Bin round reminder,01/07/2026 02:50 PM GMT,pagewatcher@govdelivery.com,0,0
https://www.instagram.com/kirklees.council,Bin round reminder,01/07/2026 03:20 PM GMT,pagewatcher@govdelivery.com,0,0
https://www.kirklees.gov.uk/binManagement/Green/20260108/RG04THU,Bin round reminder,01/07/2026 03:20 PM GMT,pagewatcher@govdelivery.com,0,0
https://www.kirklees.gov.uk/beta/your-property-bins-recycling/recycling-items.aspx,Bin round reminder,01/07/2026 03:20 PM GMT,pagewatcher@govdelivery.com,0,0
https://public.govdelivery.com/accounts/UKKIRKLEES/subscriber/topics?qsp=UKKIRKLEES_7,Bin round reminder,01/07/2026 03:20 PM GMT,pagewatcher@govdelivery.com,0,0
https://www.facebook.com/liveinkirklees,Bin round reminder,01/07/2026 03:20 PM GMT,pagewatcher@govdelivery.com,0,0
https://twitter.com/KirkleesCouncil,Bin round reminder,01/07/2026 03:20 PM GMT,pagewatcher@govdelivery.com,0,0
https://www.youtube.com/user/KirkleesVideos,Bin round reminder,01/07/2026 03:20 PM GMT,pagewatcher@govdelivery.com,0,0
http://www.kirklees.gov.uk/reminder,Bin round reminder,01/07/2026 03:20 PM GMT,pagewatcher@govdelivery.com,0,0
https://subscriberhelp.govdelivery.com/hc/en-us,Bin round reminder,01/07/2026 03:20 PM GMT,pagewatcher@govdelivery.com,0,0
http://www.kirklees.gov.uk/beta/information-and-data/pdf/privacy-notice-comms-and-marketing.pdf,Bin round reminder,01/07/2026 03:20 PM GMT,pagewatcher@govdelivery.com,0,0
https://www.kirklees.gov.uk/binManagement/Green/20260108/RG06THU,Bin round reminder,01/07/2026 02:40 PM GMT,pagewatcher@govdelivery.com,0,0
https://www.kirklees.gov.uk/beta/your-property-bins-recycling/recycling-items.aspx,Bin round reminder,01/07/2026 02:40 PM GMT,pagewatcher@govdelivery.com,0,0
https://public.govdelivery.com/accounts/UKKIRKLEES/subscriber/topics?qsp=UKKIRKLEES_7,Bin round reminder,01/07/2026 02:40 PM GMT,pagewatcher@govdelivery.com,0,0
https://www.instagram.com/kirklees.council,Bin round reminder,01/07/2026 02:40 PM GMT,pagewatcher@govdelivery.com,0,0
https://www.facebook.com/liveinkirklees,Bin round reminder,01/07/2026 02:40 PM GMT,pagewatcher@govdelivery.com,0,0
https://twitter.com/KirkleesCouncil,Bin round reminder,01/07/2026 02:40 PM GMT,pagewatcher@govdelivery.com,0,0
https://www.youtube.com/user/KirkleesVideos,Bin round reminder,01/07/2026 02:40 PM GMT,pagewatcher@govdelivery.com,0,0
https://public.govdelivery.com/accounts/UKKIRKLEES/subscriber/edit?preferences=true#tab1,Bin round reminder,01/07/2026 02:40 PM GMT,pagewatcher@govdelivery.com,0,0
http://www.kirklees.gov.uk/reminder,Bin round reminder,01/07/2026 02:40 PM GMT,pagewatcher@govdelivery.com,0,0
https://subscriberhelp.govdelivery.com/hc/en-us,Bin round reminder,01/07/2026 02:40 PM GMT,pagewatcher@govdelivery.com,0,0
http://www.kirklees.gov.uk/beta/information-and-data/pdf/privacy-notice-comms-and-marketing.pdf,Bin round reminder,01/07/2026 02:40 PM GMT,pagewatcher@govdelivery.com,0,0
http://www.govdelivery.com/portals/powered-by,Bin round reminder,01/07/2026 02:40 PM GMT,pagewatcher@govdelivery.com,0,0
https://www.facebook.com/liveinkirklees,Bin round reminder,01/07/2026 02:30 PM GMT,pagewatcher@govdelivery.com,0,0
https://www.kirklees.gov.uk/binManagement/Green/20260108/RG07THU,Bin round reminder,01/07/2026 02:30 PM GMT,pagewatcher@govdelivery.com,0,0
https://www.kirklees.gov.uk/beta/your-property-bins-recycling/recycling-items.aspx,Bin round reminder,01/07/2026 02:30 PM GMT,pagewatcher@govdelivery.com,0,0
https://public.govdelivery.com/accounts/UKKIRKLEES/subscriber/topics?qsp=UKKIRKLEES_7,Bin round reminder,01/07/2026 02:30 PM GMT,pagewatcher@govdelivery.com,0,0
https://www.instagram.com/kirklees.council,Bin round reminder,01/07/2026 02:30 PM GMT,pagewatcher@govdelivery.com,0,0
https://twitter.com/KirkleesCouncil,Bin round reminder,01/07/2026 02:30 PM GMT,pagewatcher@govdelivery.com,0,0
https://www.youtube.com/user/KirkleesVideos,Bin round reminder,01/07/2026 02:30 PM GMT,pagewatcher@govdelivery.com,0,0
http://www.govdelivery.com/portals/powered-by,Bin round reminder,01/07/2026 02:30 PM GMT,pagewatcher@govdelivery.com,0,0
http://www.kirklees.gov.uk/reminder,Bin round reminder,01/07/2026 02:30 PM GMT,pagewatcher@govdelivery.com,0,0
http://www.kirklees.gov.uk/beta/information-and-data/pdf/privacy-notice-comms-and-marketing.pdf,Bin round reminder,01/07/2026 02:30 PM GMT,pagewatcher@govdelivery.com,0,0
http://www.govdelivery.com/portals/powered-by,Bin round reminder,01/07/2026 03:20 PM GMT,pagewatcher@govdelivery.com,0,0
https://twitter.com/KirkleesCouncil,Bin round reminder,01/07/2026 12:00 AM GMT,pagewatcher@govdelivery.com,0,0
https://www.kirklees.gov.uk/beta/your-property-bins-recycling/recycling-items.aspx,Bin round reminder,01/07/2026 12:00 AM GMT,pagewatcher@govdelivery.com,0,0
https://www.instagram.com/kirklees.council,Bin round reminder,01/07/2026 12:00 AM GMT,pagewatcher@govdelivery.com,0,0
https://www.facebook.com/liveinkirklees,Bin round reminder,01/07/2026 12:00 AM GMT,pagewatcher@govdelivery.com,0,0
https://www.youtube.com/user/KirkleesVideos,Bin round reminder,01/07/2026 12:00 AM GMT,pagewatcher@govdelivery.com,0,0
https://public.govdelivery.com/accounts/UKKIRKLEES/subscriber/edit?preferences=true#tab1,Bin round reminder,01/07/2026 12:00 AM GMT,pagewatcher@govdelivery.com,0,0
http://www.kirklees.gov.uk/reminder,Bin round reminder,01/07/2026 12:00 AM GMT,pagewatcher@govdelivery.com,0,0
https://subscriberhelp.govdelivery.com/hc/en-us,Bin round reminder,01/07/2026 12:00 AM GMT,pagewatcher@govdelivery.com,0,0
http://www.kirklees.gov.uk/beta/information-and-data/pdf/privacy-notice-comms-and-marketing.pdf,Bin round reminder,01/07/2026 12:00 AM GMT,pagewatcher@govdelivery.com,0,0
http://www.govdelivery.com/portals/powered-by,Bin round reminder,01/07/2026 12:00 AM GMT,pagewatcher@govdelivery.com,0,0
https://www.linkedin.com/company/kirklees-council/,Sign-up to the 2026 garden waste service,01/08/2026 04:00 PM GMT,nicole.cartmell@kirklees.gov.uk,0,0
https://www.facebook.com/liveinkirklees/,Sign-up to the 2026 garden waste service,01/08/2026 04:00 PM GMT,nicole.cartmell@kirklees.gov.uk,0,0
https://www.youtube.com/KirkleesVideos,Sign-up to the 2026 garden waste service,01/08/2026 04:00 PM GMT,nicole.cartmell@kirklees.gov.uk,0,0
https://www.instagram.com/kirklees.council/,Sign-up to the 2026 garden waste service,01/08/2026 04:00 PM GMT,nicole.cartmell@kirklees.gov.uk,0,0
https://public.govdelivery.com/accounts/UKKIRKLEES/subscriber/edit?preferences=true#tab1,Sign-up to the 2026 garden waste service,01/08/2026 04:00 PM GMT,nicole.cartmell@kirklees.gov.uk,0,0
https://subscriberhelp.govdelivery.com/hc/en-us,Sign-up to the 2026 garden waste service,01/08/2026 04:00 PM GMT,nicole.cartmell@kirklees.gov.uk,0,0
https://www.facebook.com/liveinkirklees,Bin round reminder,01/07/2026 12:00 AM GMT,pagewatcher@govdelivery.com,0,0
https://www.kirklees.gov.uk/binManagement/Grey/20260108/DG18THU,Bin round reminder,01/07/2026 12:00 AM GMT,pagewatcher@govdelivery.com,0,0
https://www.kirklees.gov.uk/beta/your-property-bins-recycling/recycling-items.aspx,Bin round reminder,01/07/2026 12:00 AM GMT,pagewatcher@govdelivery.com,0,0
https://www.instagram.com/kirklees.council,Bin round reminder,01/07/2026 12:00 AM GMT,pagewatcher@govdelivery.com,0,0
https://twitter.com/KirkleesCouncil,Bin round reminder,01/07/2026 12:00 AM GMT,pagewatcher@govdelivery.com,0,0
https://www.youtube.com/user/KirkleesVideos,Bin round reminder,01/07/2026 12:00 AM GMT,pagewatcher@govdelivery.com,0,0
https://public.govdelivery.com/accounts/UKKIRKLEES/subscriber/edit?preferences=true#tab1,Bin round reminder,01/07/2026 12:00 AM GMT,pagewatcher@govdelivery.com,0,0
http://www.kirklees.gov.uk/reminder,Bin round reminder,01/07/2026 12:00 AM GMT,pagewatcher@govdelivery.com,0,0
https://subscriberhelp.govdelivery.com/hc/en-us,Bin round reminder,01/07/2026 12:00 AM GMT,pagewatcher@govdelivery.com,0,0
http://www.kirklees.gov.uk/beta/information-and-data/pdf/privacy-notice-comms-and-marketing.pdf,Bin round reminder,01/07/2026 12:00 AM GMT,pagewatcher@govdelivery.com,0,0
http://www.govdelivery.com/portals/powered-by,Bin round reminder,01/07/2026 12:00 AM GMT,pagewatcher@govdelivery.com,0,0
https://www.facebook.com/liveinkirklees,Bin round reminder,01/06/2026 04:20 PM GMT,pagewatcher@govdelivery.com,0,0
https://www.kirklees.gov.uk/beta/your-property-bins-recycling/recycling-items.aspx,Bin round reminder,01/06/2026 04:20 PM GMT,pagewatcher@govdelivery.com,0,0
https://www.instagram.com/kirklees.council,Bin round reminder,01/06/2026 04:20 PM GMT,pagewatcher@govdelivery.com,0,0
https://twitter.com/KirkleesCouncil,Bin round reminder,01/06/2026 04:20 PM GMT,pagewatcher@govdelivery.com,0,0
https://www.youtube.com/user/KirkleesVideos,Bin round reminder,01/06/2026 04:20 PM GMT,pagewatcher@govdelivery.com,0,0
https://public.govdelivery.com/accounts/UKKIRKLEES/subscriber/edit?preferences=true#tab1,Bin round reminder,01/06/2026 04:20 PM GMT,pagewatcher@govdelivery.com,0,0
http://www.kirklees.gov.uk/reminder,Bin round reminder,01/06/2026 04:20 PM GMT,pagewatcher@govdelivery.com,0,0
https://subscriberhelp.govdelivery.com/hc/en-us,Bin round reminder,01/06/2026 04:20 PM GMT,pagewatcher@govdelivery.com,0,0
http://www.kirklees.gov.uk/beta/information-and-data/pdf/privacy-notice-comms-and-marketing.pdf,Bin round reminder,01/06/2026 04:20 PM GMT,pagewatcher@govdelivery.com,0,0
http://www.govdelivery.com/portals/powered-by,Bin round reminder,01/06/2026 04:20 PM GMT,pagewatcher@govdelivery.com,0,0
https://www.instagram.com/kirklees.council,Bin round reminder,01/06/2026 03:50 PM GMT,pagewatcher@govdelivery.com,0,0
https://www.kirklees.gov.uk/binManagement/Green/20260107/RG08WED,Bin round reminder,01/06/2026 03:50 PM GMT,pagewatcher@govdelivery.com,0,0
https://public.govdelivery.com/accounts/UKKIRKLEES/subscriber/topics?qsp=UKKIRKLEES_7,Bin round reminder,01/06/2026 03:50 PM GMT,pagewatcher@govdelivery.com,0,0
https://www.facebook.com/liveinkirklees,Bin round reminder,01/06/2026 03:50 PM GMT,pagewatcher@govdelivery.com,0,0
https://twitter.com/KirkleesCouncil,Bin round reminder,01/06/2026 03:50 PM GMT,pagewatcher@govdelivery.com,0,0
https://www.youtube.com/user/KirkleesVideos,Bin round reminder,01/06/2026 03:50 PM GMT,pagewatcher@govdelivery.com,0,0
http://www.kirklees.gov.uk/reminder,Bin round reminder,01/06/2026 03:50 PM GMT,pagewatcher@govdelivery.com,0,0
https://subscriberhelp.govdelivery.com/hc/en-us,Bin round reminder,01/06/2026 03:50 PM GMT,pagewatcher@govdelivery.com,0,0
http://www.kirklees.gov.uk/beta/information-and-data/pdf/privacy-notice-comms-and-marketing.pdf,Bin round reminder,01/06/2026 03:50 PM GMT,pagewatcher@govdelivery.com,0,0
http://www.govdelivery.com/portals/powered-by,Bin round reminder,01/06/2026 03:50 PM GMT,pagewatcher@govdelivery.com,0,0
https://www.instagram.com/kirklees.council,Bin round reminder,01/06/2026 04:10 PM GMT,pagewatcher@govdelivery.com,0,0
https://www.kirklees.gov.uk/binManagement/Green/20260107/R31WED,Bin round reminder,01/06/2026 04:10 PM GMT,pagewatcher@govdelivery.com,0,0
https://www.kirklees.gov.uk/beta/your-property-bins-recycling/recycling-items.aspx,Bin round reminder,01/06/2026 04:10 PM GMT,pagewatcher@govdelivery.com,0,0
https://public.govdelivery.com/accounts/UKKIRKLEES/subscriber/topics?qsp=UKKIRKLEES_7,Bin round reminder,01/06/2026 04:10 PM GMT,pagewatcher@govdelivery.com,0,0
https://www.facebook.com/liveinkirklees,Bin round reminder,01/06/2026 04:10 PM GMT,pagewatcher@govdelivery.com,0,0
https://twitter.com/KirkleesCouncil,Bin round reminder,01/06/2026 04:10 PM GMT,pagewatcher@govdelivery.com,0,0
https://www.youtube.com/user/KirkleesVideos,Bin round reminder,01/06/2026 04:10 PM GMT,pagewatcher@govdelivery.com,0,0
http://www.kirklees.gov.uk/reminder,Bin round reminder,01/06/2026 04:10 PM GMT,pagewatcher@govdelivery.com,0,0
https://subscriberhelp.govdelivery.com/hc/en-us,Bin round reminder,01/06/2026 04:10 PM GMT,pagewatcher@govdelivery.com,0,0
http://www.kirklees.gov.uk/beta/information-and-data/pdf/privacy-notice-comms-and-marketing.pdf,Bin round reminder,01/06/2026 04:10 PM GMT,pagewatcher@govdelivery.com,0,0
http://www.govdelivery.com/portals/powered-by,Bin round reminder,01/06/2026 04:10 PM GMT,pagewatcher@govdelivery.com,0,0
https://www.kirklees.gov.uk/beta/your-property-bins-recycling/recycling-items.aspx,Bin round reminder,01/06/2026 04:10 PM GMT,pagewatcher@govdelivery.com,0,0
https://www.instagram.com/kirklees.council,Bin round reminder,01/06/2026 04:10 PM GMT,pagewatcher@govdelivery.com,0,0
https://www.facebook.com/liveinkirklees,Bin round reminder,01/06/2026 04:10 PM GMT,pagewatcher@govdelivery.com,0,0
https://twitter.com/KirkleesCouncil,Bin round reminder,01/06/2026 04:10 PM GMT,pagewatcher@govdelivery.com,0,0
https://www.youtube.com/user/KirkleesVideos,Bin round reminder,01/06/2026 04:10 PM GMT,pagewatcher@govdelivery.com,0,0
https://public.govdelivery.com/accounts/UKKIRKLEES/subscriber/edit?preferences=true#tab1,Bin round reminder,01/06/2026 04:10 PM GMT,pagewatcher@govdelivery.com,0,0
http://www.kirklees.gov.uk/reminder,Bin round reminder,01/06/2026 04:10 PM GMT,pagewatcher@govdelivery.com,0,0
https://subscriberhelp.govdelivery.com/hc/en-us,Bin round reminder,01/06/2026 04:10 PM GMT,pagewatcher@govdelivery.com,0,0
http://www.kirklees.gov.uk/beta/information-and-data/pdf/privacy-notice-comms-and-marketing.pdf,Bin round reminder,01/06/2026 04:10 PM GMT,pagewatcher@govdelivery.com,0,0
http://www.govdelivery.com/portals/powered-by,Bin round reminder,01/06/2026 04:10 PM GMT,pagewatcher@govdelivery.com,0,0
https://www.instagram.com/kirklees.council,Bin round reminder,01/06/2026 03:40 PM GMT,pagewatcher@govdelivery.com,0,0
https://www.kirklees.gov.uk/binManagement/Green/20260107/RG09WED,Bin round reminder,01/06/2026 03:40 PM GMT,pagewatcher@govdelivery.com,0,0
https://www.kirklees.gov.uk/beta/your-property-bins-recycling/recycling-items.aspx,Bin round reminder,01/06/2026 03:40 PM GMT,pagewatcher@govdelivery.com,0,0
https://public.govdelivery.com/accounts/UKKIRKLEES/subscriber/topics?qsp=UKKIRKLEES_7,Bin round reminder,01/06/2026 03:40 PM GMT,pagewatcher@govdelivery.com,0,0
https://www.facebook.com/liveinkirklees,Bin round reminder,01/06/2026 03:40 PM GMT,pagewatcher@govdelivery.com,0,0
https://twitter.com/KirkleesCouncil,Bin round reminder,01/06/2026 03:40 PM GMT,pagewatcher@govdelivery.com,0,0
https://www.youtube.com/user/KirkleesVideos,Bin round reminder,01/06/2026 03:40 PM GMT,pagewatcher@govdelivery.com,0,0
https://public.govdelivery.com/accounts/UKKIRKLEES/subscriber/edit?preferences=true#tab1,Bin round reminder,01/06/2026 03:40 PM GMT,pagewatcher@govdelivery.com,0,0
http://www.kirklees.gov.uk/reminder,Bin round reminder,01/06/2026 03:40 PM GMT,pagewatcher@govdelivery.com,0,0
https://subscriberhelp.govdelivery.com/hc/en-us,Bin round reminder,01/06/2026 03:40 PM GMT,pagewatcher@govdelivery.com,0,0
http://www.kirklees.gov.uk/beta/information-and-data/pdf/privacy-notice-comms-and-marketing.pdf,Bin round reminder,01/06/2026 03:40 PM GMT,pagewatcher@govdelivery.com,0,0
http://www.govdelivery.com/portals/powered-by,Bin round reminder,01/06/2026 03:40 PM GMT,pagewatcher@govdelivery.com,0,0
https://www.kirklees.gov.uk/binManagement/Green/20260107/R36WED,Bin round reminder,01/06/2026 04:20 PM GMT,pagewatcher@govdelivery.com,0,0
https://www.kirklees.gov.uk/beta/your-property-bins-recycling/recycling-items.aspx,Bin round reminder,01/06/2026 04:20 PM GMT,pagewatcher@govdelivery.com,0,0
https://public.govdelivery.com/accounts/UKKIRKLEES/subscriber/topics?qsp=UKKIRKLEES_7,Bin round reminder,01/06/2026 04:20 PM GMT,pagewatcher@govdelivery.com,0,0
https://www.instagram.com/kirklees.council,Bin round reminder,01/06/2026 04:20 PM GMT,pagewatcher@govdelivery.com,0,0
https://www.facebook.com/liveinkirklees,Bin round reminder,01/06/2026 04:20 PM GMT,pagewatcher@govdelivery.com,0,0
https://twitter.com/KirkleesCouncil,Bin round reminder,01/06/2026 04:20 PM GMT,pagewatcher@govdelivery.com,0,0
https://www.youtube.com/user/KirkleesVideos,Bin round reminder,01/06/2026 04:20 PM GMT,pagewatcher@govdelivery.com,0,0
https://public.govdelivery.com/accounts/UKKIRKLEES/subscriber/edit?preferences=true#tab1,Bin round reminder,01/06/2026 04:20 PM GMT,pagewatcher@govdelivery.com,0,0
http://www.kirklees.gov.uk/reminder,Bin round reminder,01/06/2026 04:20 PM GMT,pagewatcher@govdelivery.com,0,0
https://subscriberhelp.govdelivery.com/hc/en-us,Bin round reminder,01/06/2026 04:20 PM GMT,pagewatcher@govdelivery.com,0,0
http://www.kirklees.gov.uk/beta/information-and-data/pdf/privacy-notice-comms-and-marketing.pdf,Bin round reminder,01/06/2026 04:20 PM GMT,pagewatcher@govdelivery.com,0,0
http://www.govdelivery.com/portals/powered-by,Bin round reminder,01/06/2026 04:20 PM GMT,pagewatcher@govdelivery.com,0,0
https://www.facebook.com/liveinkirklees,Bin round reminder,01/06/2026 03:00 PM GMT,pagewatcher@govdelivery.com,0,0
https://www.kirklees.gov.uk/binManagement/Grey/20260107/DG15WED,Bin round reminder,01/06/2026 03:00 PM GMT,pagewatcher@govdelivery.com,0,0
https://www.kirklees.gov.uk/beta/your-property-bins-recycling/recycling-items.aspx,Bin round reminder,01/06/2026 03:00 PM GMT,pagewatcher@govdelivery.com,0,0
https://www.instagram.com/kirklees.council,Bin round reminder,01/06/2026 03:00 PM GMT,pagewatcher@govdelivery.com,0,0
https://twitter.com/KirkleesCouncil,Bin round reminder,01/06/2026 03:00 PM GMT,pagewatcher@govdelivery.com,0,0
https://www.youtube.com/user/KirkleesVideos,Bin round reminder,01/06/2026 03:00 PM GMT,pagewatcher@govdelivery.com,0,0
http://www.kirklees.gov.uk/reminder,Bin round reminder,01/06/2026 03:00 PM GMT,pagewatcher@govdelivery.com,0,0
https://subscriberhelp.govdelivery.com/hc/en-us,Bin round reminder,01/06/2026 03:00 PM GMT,pagewatcher@govdelivery.com,0,0
http://www.kirklees.gov.uk/beta/information-and-data/pdf/privacy-notice-comms-and-marketing.pdf,Bin round reminder,01/06/2026 03:00 PM GMT,pagewatcher@govdelivery.com,0,0
http://www.govdelivery.com/portals/powered-by,Bin round reminder,01/06/2026 03:00 PM GMT,pagewatcher@govdelivery.com,0,0
https://www.kirklees.gov.uk/binManagement/Grey/20260107/DG12WED,Bin round reminder,01/06/2026 02:40 PM GMT,pagewatcher@govdelivery.com,0,0
https://www.kirklees.gov.uk/beta/your-property-bins-recycling/recycling-items.aspx,Bin round reminder,01/06/2026 02:40 PM GMT,pagewatcher@govdelivery.com,0,0
https://www.instagram.com/kirklees.council,Bin round reminder,01/06/2026 02:40 PM GMT,pagewatcher@govdelivery.com,0,0
https://www.facebook.com/liveinkirklees,Bin round reminder,01/06/2026 02:40 PM GMT,pagewatcher@govdelivery.com,0,0
https://twitter.com/KirkleesCouncil,Bin round reminder,01/06/2026 02:40 PM GMT,pagewatcher@govdelivery.com,0,0
https://www.youtube.com/user/KirkleesVideos,Bin round reminder,01/06/2026 02:40 PM GMT,pagewatcher@govdelivery.com,0,0
https://public.govdelivery.com/accounts/UKKIRKLEES/subscriber/edit?preferences=true#tab1,Bin round reminder,01/06/2026 02:40 PM GMT,pagewatcher@govdelivery.com,0,0
http://www.kirklees.gov.uk/reminder,Bin round reminder,01/06/2026 02:40 PM GMT,pagewatcher@govdelivery.com,0,0
https://subscriberhelp.govdelivery.com/hc/en-us,Bin round reminder,01/06/2026 02:40 PM GMT,pagewatcher@govdelivery.com,0,0
http://www.kirklees.gov.uk/beta/information-and-data/pdf/privacy-notice-comms-and-marketing.pdf,Bin round reminder,01/06/2026 02:40 PM GMT,pagewatcher@govdelivery.com,0,0
http://www.govdelivery.com/portals/powered-by,Bin round reminder,01/06/2026 02:40 PM GMT,pagewatcher@govdelivery.com,0,0
https://www.instagram.com/kirklees.council,Bin round reminder,01/06/2026 02:30 PM GMT,pagewatcher@govdelivery.com,0,0
https://www.kirklees.gov.uk/beta/your-property-bins-recycling/recycling-items.aspx,Bin round reminder,01/06/2026 02:30 PM GMT,pagewatcher@govdelivery.com,0,0
https://public.govdelivery.com/accounts/UKKIRKLEES/subscriber/topics?qsp=UKKIRKLEES_7,Bin round reminder,01/06/2026 02:30 PM GMT,pagewatcher@govdelivery.com,0,0
https://twitter.com/KirkleesCouncil,Bin round reminder,01/06/2026 02:30 PM GMT,pagewatcher@govdelivery.com,0,0
https://www.youtube.com/user/KirkleesVideos,Bin round reminder,01/06/2026 02:30 PM GMT,pagewatcher@govdelivery.com,0,0
https://public.govdelivery.com/accounts/UKKIRKLEES/subscriber/edit?preferences=true#tab1,Bin round reminder,01/06/2026 02:30 PM GMT,pagewatcher@govdelivery.com,0,0
http://www.kirklees.gov.uk/reminder,Bin round reminder,01/06/2026 02:30 PM GMT,pagewatcher@govdelivery.com,0,0
https://subscriberhelp.govdelivery.com/hc/en-us,Bin round reminder,01/06/2026 02:30 PM GMT,pagewatcher@govdelivery.com,0,0
http://www.kirklees.gov.uk/beta/information-and-data/pdf/privacy-notice-comms-and-marketing.pdf,Bin round reminder,01/06/2026 02:30 PM GMT,pagewatcher@govdelivery.com,0,0
http://www.govdelivery.com/portals/powered-by,Bin round reminder,01/06/2026 02:30 PM GMT,pagewatcher@govdelivery.com,0,0
https://www.facebook.com/liveinkirklees,Bin round reminder,01/06/2026 03:20 PM GMT,pagewatcher@govdelivery.com,0,0
https://www.kirklees.gov.uk/binManagement/Grey/20260107/DG10WED,Bin round reminder,01/06/2026 03:20 PM GMT,pagewatcher@govdelivery.com,0,0
https://www.kirklees.gov.uk/beta/your-property-bins-recycling/recycling-items.aspx,Bin round reminder,01/06/2026 03:20 PM GMT,pagewatcher@govdelivery.com,0,0
https://www.instagram.com/kirklees.council,Bin round reminder,01/06/2026 03:20 PM GMT,pagewatcher@govdelivery.com,0,0
https://twitter.com/KirkleesCouncil,Bin round reminder,01/06/2026 03:20 PM GMT,pagewatcher@govdelivery.com,0,0
https://www.youtube.com/user/KirkleesVideos,Bin round reminder,01/06/2026 03:20 PM GMT,pagewatcher@govdelivery.com,0,0
http://www.kirklees.gov.uk/reminder,Bin round reminder,01/06/2026 03:20 PM GMT,pagewatcher@govdelivery.com,0,0
https://subscriberhelp.govdelivery.com/hc/en-us,Bin round reminder,01/06/2026 03:20 PM GMT,pagewatcher@govdelivery.com,0,0
http://www.kirklees.gov.uk/beta/information-and-data/pdf/privacy-notice-comms-and-marketing.pdf,Bin round reminder,01/06/2026 03:20 PM GMT,pagewatcher@govdelivery.com,0,0
http://www.govdelivery.com/portals/powered-by,Bin round reminder,01/06/2026 03:20 PM GMT,pagewatcher@govdelivery.com,0,0
https://www.instagram.com/kirklees.council,Bin round reminder,01/06/2026 03:20 PM GMT,pagewatcher@govdelivery.com,0,0
https://www.kirklees.gov.uk/binManagement/Green/20260107/R32WED,Bin round reminder,01/06/2026 03:20 PM GMT,pagewatcher@govdelivery.com,0,0
https://www.kirklees.gov.uk/beta/your-property-bins-recycling/recycling-items.aspx,Bin round reminder,01/06/2026 03:20 PM GMT,pagewatcher@govdelivery.com,0,0
https://public.govdelivery.com/accounts/UKKIRKLEES/subscriber/topics?qsp=UKKIRKLEES_7,Bin round reminder,01/06/2026 03:20 PM GMT,pagewatcher@govdelivery.com,0,0
https://www.facebook.com/liveinkirklees,Bin round reminder,01/06/2026 03:20 PM GMT,pagewatcher@govdelivery.com,0,0
https://twitter.com/KirkleesCouncil,Bin round reminder,01/06/2026 03:20 PM GMT,pagewatcher@govdelivery.com,0,0
https://www.youtube.com/user/KirkleesVideos,Bin round reminder,01/06/2026 03:20 PM GMT,pagewatcher@govdelivery.com,0,0
https://public.govdelivery.com/accounts/UKKIRKLEES/subscriber/edit?preferences=true#tab1,Bin round reminder,01/06/2026 03:20 PM GMT,pagewatcher@govdelivery.com,0,0
http://www.kirklees.gov.uk/reminder,Bin round reminder,01/06/2026 03:20 PM GMT,pagewatcher@govdelivery.com,0,0
https://subscriberhelp.govdelivery.com/hc/en-us,Bin round reminder,01/06/2026 03:20 PM GMT,pagewatcher@govdelivery.com,0,0
http://www.kirklees.gov.uk/beta/information-and-data/pdf/privacy-notice-comms-and-marketing.pdf,Bin round reminder,01/06/2026 03:20 PM GMT,pagewatcher@govdelivery.com,0,0
http://www.govdelivery.com/portals/powered-by,Bin round reminder,01/06/2026 03:20 PM GMT,pagewatcher@govdelivery.com,0,0
